"stock_code","description","total_quantity","total_revenue"
"M","Manual","9630","339599.81"
"22423","REGENCY CAKESTAND 3 TIER","26478","330590.32"
"DOT","DOTCOM POSTAGE","1415","309854.11"
"85123A","WHITE HANGING HEART T-LIGHT HOLDER","94142","257546.20"
"23843","PAPER CRAFT , LITTLE BIRDIE","80995","168469.60"
"47566","PARTY BUNTING","28200","148318.28"
"85099B","JUMBO BAG RED RETROSPOT","77280","145961.83"
"84879","ASSORTED COLOUR BIRD ORNAMENT","80082","129324.49"
"POST","POSTAGE","5363","125682.42"
"22086","PAPER CHAIN KIT 50'S CHRISTMAS","35084","117760.29"
"23166","MEDIUM CERAMIC TOP STORAGE JAR","78033","81700.92"
"79321","CHILLI LIGHTS","15841","80540.88"
"84347","ROTATING SILVER ANGELS T-LIGHT HLDR","31409","71300.40"
"85099F","JUMBO BAG STRAWBERRY","36860","67985.77"
"23084","RABBIT NIGHT LIGHT","30739","66870.03"
"21137","BLACK RECORD COVER FRAME","18739","65189.29"
"21931","JUMBO STORAGE BAG SUKI","29182","61537.55"
"21621","VINTAGE UNION JACK BUNTING","6900","60286.04"
"22114","HOT WATER BOTTLE TEA AND SYMPATHY","11677","59189.14"
"85099C","JUMBO  BAG BAROQUE BLACK WHITE","30640","59057.61"
"22910","PAPER CHAIN KIT VINTAGE CHRISTMAS","18634","58652.70"
"22112","CHOCOLATE HOT WATER BOTTLE","11065","57981.94"
"15056N","EDWARDIAN PARASOL NATURAL","11286","57975.45"
"22411","JUMBO SHOPPER VINTAGE RED PAISLEY","27281","57318.71"
"82484","WOOD BLACK BOARD ANT WHITE FINISH","9831","56745.73"
"22470","HEART OF WICKER LARGE","17773","53506.13"
"22178","VICTORIAN GLASS HANGING T-LIGHT","40081","52382.82"
"21733","RED HANGING HEART T-LIGHT HOLDER","17575","50346.49"
"22386","JUMBO BAG PINK POLKADOT","25235","50081.96"
"22111","SCOTTIE DOG HOT WATER BOTTLE","9776","49771.94"
"21929","JUMBO BAG PINK VINTAGE PAISLEY","25608","49651.99"
"22189","CREAM HEART CARD HOLDER","16186","49300.94"
"22469","HEART OF WICKER SMALL","27908","48935.11"
"21843","RED RETROSPOT CAKE STAND","4635","48564.29"
"21731","RED TOADSTOOL LED NIGHT LIGHT","28910","48315.84"
"22457","NATURAL SLATE HEART CHALKBOARD","15373","47288.23"
"15056BL","EDWARDIAN PARASOL BLACK","9504","47267.45"
"21232","STRAWBERRY CERAMIC TRINKET BOX","36628","47169.35"
"21754","HOME BUILDING BLOCK WORD","7595","46516.99"
"21181","PLEASE ONE PERSON METAL SIGN","22865","46249.07"
"22138","BAKING SET 9 PIECE RETROSPOT","9363","45867.16"
"20727","LUNCH BAG  BLACK SKULL.","26678","45655.27"
"21623","VINTAGE UNION JACK MEMOBOARD","6165","45402.18"
"22326","ROUND SNACK BOXES SET OF4 WOODLAND","15380","44063.04"
"84078A","SET/4 WHITE RETRO STORAGE CUBES","1128","43844.96"
"82494L","WOODEN FRAME ANTIQUE WHITE","15301","43811.16"
"84029E","RED WOOLLY HOTTIE WHITE HEART.","10628","42994.24"
"22197","SMALL POPCORN HOLDER","48561","42699.89"
"21915","RED  HARMONICA IN BOX","36289","42664.54"
"21175","GIN + TONIC DIET METAL SIGN","20178","42613.98"
"23298","SPOTTY BUNTING","8320","42513.48"
"20728","LUNCH BAG CARS BLUE","24596","42270.30"
"48138","DOORMAT UNION FLAG","6302","42239.50"
"82482","WOODEN PICTURE FRAME WHITE FINISH","16914","41837.60"
"22355","CHARLOTTE BAG SUKI DESIGN","27550","41580.97"
"71477","COLOUR GLASS. STAR T-LIGHT HOLDER","14077","41099.79"
"20725","LUNCH BAG RED RETROSPOT","22232","41043.02"
"20713","JUMBO BAG OWLS","20814","40667.05"
"22502","PICNIC BASKET WICKER 60 PIECES","61","39619.50"
"85066","CREAM SWEETHEART MINI CHEST","3091","38599.98"
"20726","LUNCH BAG WOODLAND","22118","38506.74"
"48194","DOORMAT HEARTS","6026","38428.12"
"22960","JAM MAKING SET WITH JARS","9019","38380.11"
"21166","COOK WITH WINE METAL SIGN","19932","38138.86"
"23284","DOORMAT KEEP CALM AND COME IN","5487","38133.64"
"22720","SET OF 3 CAKE TINS PANTRY DESIGN","7483","38108.89"
"22629","SPACEBOY LUNCH BOX","20807","37955.50"
"22699","ROSES REGENCY TEACUP AND SAUCER","12860","37682.80"
"20712","JUMBO BAG WOODLAND ANIMALS","17710","37499.37"
"22727","ALARM CLOCK BAKELIKE RED","9234","36543.77"
"22328","ROUND SNACK BOXES SET OF 4 FRUITS","12875","35922.51"
"20685","DOORMAT RED RETROSPOT","5038","35198.96"
"21755","LOVE BUILDING BLOCK WORD","5643","34836.02"
"22379","RECYCLING BAG RETROSPOT","15765","34640.84"
"22197","POPCORN HOLDER","36749","34288.67"
"48185","DOORMAT FAIRY CAKE","5095","34191.53"
"22666","RECIPE BOX PANTRY YELLOW DESIGN","10706","33682.62"
"21523","DOORMAT FANCY FONT HOME SWEET HOME","5075","33466.26"
"22630","DOLLY GIRL LUNCH BOX","18058","33380.83"
"48187","DOORMAT NEW ENGLAND","5291","33203.79"
"22382","LUNCH BAG SPACEBOY DESIGN","19604","33049.37"
"15036","ASSORTED COLOURS SILK FAN","44272","32967.03"
"22726","ALARM CLOCK BAKELIKE GREEN","7671","32609.32"
"22385","JUMBO BAG SPACEBOY DESIGN","17057","32433.50"
"82486","WOOD S/3 CABINET ANT WHITE FINISH","3994","31594.39"
"22139","RETROSPOT TEA SET CERAMIC 11 PC","6168","31527.12"
"22077","6 RIBBONS RUSTIC CHARM","17238","31513.11"
"85152","HAND OVER THE CHOCOLATE   SIGN","16373","31483.70"
"22865","HAND WARMER OWL DESIGN","14537","31416.04"
"23245","SET OF 3 REGENCY CAKE TINS","6345","31118.55"
"21479","WHITE SKULL HOT WATER BOTTLE","6219","31079.80"
"23199","JUMBO BAG APPLES","14908","30450.69"
"22501","PICNIC BASKET WICKER LARGE","2612","30339.36"
"20725","LUNCH BAG RED SPOTTY","18085","30063.27"
"20679","EDWARDIAN PARASOL RED","6149","30020.97"
"22697","GREEN REGENCY TEACUP AND SAUCER","9621","29952.55"
"84946","ANTIQUE SILVER TEA GLASS ETCHED","22032","29828.78"
"22659","LUNCH BOX I LOVE LONDON","15941","29561.86"
"84029G","KNITTED UNION FLAG HOT WATER BOTTLE","6830","29533.87"
"20914","SET/5 RED SPOTTY LID GLASS BOWLS","10706","29468.52"
"22622","BOX OF VINTAGE ALPHABET BLOCKS","2945","29450.11"
"47590B","PINK HAPPY BIRTHDAY BUNTING","5738","29363.86"
"22158","3 HEARTS HANGING DECORATION RUSTIC","8985","29198.28"
"82483","WOOD 2 DRAWER CABINET WHITE FINISH","4878","29003.37"
"21928","JUMBO BAG SCANDINAVIAN PAISLEY","15857","28962.83"
"23355","HOT WATER BOTTLE KEEP CALM","5816","28718.80"
"20971","PINK BLUE FELT CRAFT TRINKET BOX","22260","28580.97"
"84978","HANGING HEART JAR T-LIGHT HOLDER","21689","28475.96"
"22866","HAND WARMER SCOTTY DOG DESIGN","12778","28266.87"
"22752","SET 7 BABUSHKA NESTING BOXES","3459","28139.45"
"22188","BLACK HEART CARD HOLDER","10353","28112.03"
"21977","PACK OF 60 PINK PAISLEY CAKE CASES","56061","28081.73"
"22467","GUMBALL COAT RACK","11868","28059.48"
"82583","HOT BATHS METAL SIGN","12877","27981.99"
"23201","JUMBO BAG ALPHABET","13366","27850.83"
"21212","PACK OF 72 RETROSPOT CAKE CASES","48156","27770.72"
"20719","WOODLAND CHARLOTTE BAG","24479","27598.42"
"21930","JUMBO STORAGE BAG SKULLS","13390","27368.08"
"22624","IVORY KITCHEN SCALES","3152","27282.73"
"72741","GRAND CHOCOLATECANDLE","19712","27239.46"
"22835","HOT WATER BOTTLE I AM SO POORLY","5302","27082.84"
"22492","MINI PAINT SET VINTAGE","42286","27056.19"
"84991","60 TEATIME FAIRY CAKE CASES","54028","27041.21"
"22961","JAM MAKING SET PRINTED","17252","26888.43"
"22734","SET OF 6 RIBBONS VINTAGE CHRISTMAS","9772","26763.75"
"22386","JUMBO BAG PINK WITH WHITE SPOTS","14202","26242.66"
"22149","FELTCRAFT 6 FLOWER FRIENDS","12674","26218.97"
"22867","HAND WARMER BIRD DESIGN","11872","26117.63"
"22551","PLASTERS IN TIN SPACEBOY","15441","25912.87"
"47566B","TEA TIME PARTY BUNTING","5801","25803.49"
"20711","JUMBO BAG TOYS","12643","25719.13"
"21481","FAWN BLUE HOT WATER BOTTLE","8174","25613.45"
"22507","MEMO BOARD RETROSPOT  DESIGN","5455","25603.46"
"22090","PAPER BUNTING RETROSPOT","8406","25497.96"
"37503","TEA TIME CAKE STAND IN GIFT BOX","2465","25428.33"
"21485","RETROSPOT HEART HOT WATER BOTTLE","5168","25408.01"
"21108","FAIRY CAKE FLANNEL ASSORTED COLOUR","12962","25407.27"
"22087","PAPER BUNTING WHITE LACE","8475","25389.10"
"84755","COLOUR GLASS T-LIGHT HOLDER HANGING","40439","25205.13"
"22084","PAPER CHAIN KIT EMPIRE","8803","25163.56"
"85099B","JUMBO BAG RED WHITE SPOTTY","14060","25043.62"
"20724","RED RETROSPOT CHARLOTTE BAG","20663","24958.77"
"22090","PAPER BUNTING RETRO SPOTS","8292","24933.94"
"23173","REGENCY TEAPOT ROSES","2766","24879.13"
"20972","PINK CREAM FELT CRAFT TRINKET BOX","20496","24785.31"
"48138","DOOR MAT UNION FLAG","3775","24770.81"
"21314","SMALL GLASS HEART TRINKET POT","11426","24641.39"
"23203","JUMBO BAG VINTAGE DOILY","11448","24489.08"
"22722","SET OF 6 SPICE TINS PANTRY DESIGN","5972","24459.96"
"84077","WORLD WAR 2 GLIDERS ASSTD DESIGNS","106139","24445.61"
"71459","HANGING JAM JAR T-LIGHT HOLDER","30176","24440.74"
"84836","ZINC METAL HEART DECORATION","19847","24289.33"
"22728","ALARM CLOCK BAKELIKE PINK","6215","24257.31"
"47590A","BLUE HAPPY BIRTHDAY BUNTING","4752","24174.01"
"21231","SWEETHEART CERAMIC TRINKET BOX","19428","24128.86"
"21212","PACK OF 72 RETRO SPOT CAKE CASES","46728","24054.43"
"22698","PINK REGENCY TEACUP AND SAUCER","8049","23990.62"
"22383","LUNCH BAG SUKI  DESIGN","14347","23893.29"
"23344","JUMBO BAG 50'S CHRISTMAS","10285","23772.07"
"22171","3 HOOK PHOTO SHELF ANTIQUE WHITE","3141","23709.46"
"21790","VINTAGE SNAP CARDS","27244","23506.17"
"23243","SET OF TEA COFFEE SUGAR TINS PANTRY","4800","23489.42"
"22605","WOODEN CROQUET GARDEN SET","1827","23426.82"
"82600","NO SINGING METAL SIGN","11450","23096.77"
"84406B","CREAM CUPID HEARTS COAT HANGER","7131","23080.13"
"20914","SET/5 RED RETROSPOT LID GLASS BOWLS","7964","23040.04"
"22625","RED KITCHEN SCALES","2627","22911.55"
"22607","WOODEN ROUNDERS GARDEN SET","2533","22906.54"
"21791","VINTAGE HEADS AND TAILS CARD GAME","17604","22858.60"
"22554","PLASTERS IN TIN WOODLAND ANIMALS","13588","22853.72"
"22556","PLASTERS IN TIN CIRCUS PARADE","13585","22334.08"
"37449","CERAMIC CAKE STAND + HANGING CAKES","2382","22333.30"
"20749","ASSORTED COLOUR MINI CASES","3062","22097.61"
"22113","GREY HEART HOT WATER BOTTLE","5759","22025.93"
"22585","PACK OF 6 BIRDY GIFT TAGS","17557","21977.30"
"22499","WOODEN UNION JACK BUNTING","3584","21826.52"
"23202","JUMBO BAG VINTAGE LEAF","10941","21810.43"
"84970S","HANGING HEART ZINC T-LIGHT HOLDER","26444","21794.26"
"22941","CHRISTMAS LIGHTS 10 REINDEER","2615","21727.58"
"22456","NATURAL SLATE CHALKBOARD LARGE","4416","21583.20"
"22969","HOMEMADE JAM SCENTED CANDLES","14461","21501.99"
"21524","DOORMAT SPOTTY HOME SWEET HOME","2817","21414.04"
"21213","PACK OF 72 SKULL CAKE CASES","40263","21390.76"
"21258","VICTORIAN SEWING BOX LARGE","1505","21386.56"
"48184","DOORMAT ENGLISH ROSE","3234","21326.30"
"22139","RETRO SPOT TEA SET CERAMIC 11 PC","4438","21301.04"
"22502","PICNIC BASKET WICKER SMALL","3705","21260.80"
"85048","15CM CHRISTMAS GLASS BALL 20 LIGHTS","2685","21201.13"
"22083","PAPER CHAIN KIT RETRO SPOT","7579","21151.79"
"22570","FELTCRAFT CUSHION RABBIT","5631","20901.10"
"22424","ENAMEL BREAD BIN CREAM","1529","20886.89"
"23206","LUNCH BAG APPLE DESIGN","12147","20852.58"
"21218","RED SPOTTY BISCUIT TIN","5256","20800.31"
"22294","HEART FILIGREE DOVE  SMALL","16671","20629.38"
"22617","BAKING SET SPACEBOY DESIGN","4251","20546.99"
"22693","GROW A FLYTRAP OR SUNFLOWER IN TIN","17875","20469.08"
"AMAZONFEE","AMAZON FEE","3","20467.80"
"20723","STRAWBERRY CHARLOTTE BAG","18296","20401.05"
"22568","FELTCRAFT CUSHION OWL","5479","20244.97"
"85150","LADIES & GENTLEMEN METAL SIGN","8361","20237.72"
"48188","DOORMAT WELCOME PUPPIES","3414","20209.40"
"22273","FELTCRAFT DOLL MOLLY","7352","20142.14"
"22569","FELTCRAFT CUSHION BUTTERFLY","5521","20104.43"
"21622","VINTAGE UNION JACK CUSHION COVER","3699","19936.94"
"22413","METAL SIGN TAKE IT OR LEAVE IT","6976","19728.24"
"21174","POTTERING IN THE SHED METAL SIGN","9696","19593.81"
"21936","RED RETROSPOT PICNIC BAG","6680","19576.72"
"22561","WOODEN SCHOOL COLOURING SET","11642","19524.27"
"22558","CLOTHES PEGS RETROSPOT PACK 24","13809","19513.17"
"22169","FAMILY ALBUM WHITE PICTURE FRAME","2275","19507.60"
"22384","LUNCH BAG PINK POLKADOT","11751","19500.66"
"84946","ANTIQUE SILVER T-LIGHT GLASS","14664","19381.62"
"22427","ENAMEL FLOWER JUG CREAM","3210","19273.28"
"22083","PAPER CHAIN KIT RETROSPOT","6137","19261.03"
"21340","CLASSIC METAL BIRDCAGE PLANT HOLDER","1758","19194.13"
"21908","CHOCOLATE THIS WAY METAL SIGN","9678","19125.98"
"22061","LARGE CAKE STAND  HANGING STRAWBERY","2171","19121.37"
"84949","SILVER HANGING T-LIGHT HOLDER","11945","19015.80"
"84947","ANTIQUE SILVER TEA GLASS ENGRAVED","15810","18744.17"
"22383","LUNCH BAG SUKI DESIGN","10301","18699.43"
"22041","RECORD FRAME 7"" SINGLE SIZE","7540","18650.87"
"71053","WHITE METAL LANTERN","4700","18525.22"
"22555","PLASTERS IN TIN STRONGMAN","11321","18323.32"
"21484","CHICK GREY HOT WATER BOTTLE","4584","18171.14"
"21430","SET/3 RED GINGHAM ROSE STORAGE BOX","4621","18044.97"
"22505","MEMO BOARD COTTAGE DESIGN","3773","18034.63"
"22147","FELTCRAFT BUTTERFLY HEARTS","12826","17890.68"
"22560","TRADITIONAL MODELLING CLAY","14836","17861.71"
"84945","MULTI COLOUR SILVER T-LIGHT HOLDER","21605","17746.71"
"21914","BLUE HARMONICA IN BOX","12957","17725.36"
"22297","HEART IVORY TRELLIS SMALL","13715","17702.62"
"22847","BREAD BIN DINER STYLE IVORY","1112","17669.99"
"22633","HAND WARMER UNION JACK","8541","17576.67"
"84467","ENGLISH ROSE DESIGN QUILTED THROW","816","17477.66"
"21136","PAINTED METAL PEARS ASSORTED","10496","17451.45"
"22557","PLASTERS IN TIN VINTAGE PAISLEY","10369","17401.30"
"23203","JUMBO BAG DOILEY PATTERNS","8893","17268.69"
"84992","72 SWEETHEART FAIRY CAKE CASES","34797","17259.85"
"21928","JUMBO BAG SCANDINAVIAN BLUE PAISLEY","8411","17239.69"
"84970L","SINGLE HEART ZINC T-LIGHT HOLDER","17400","17177.04"
"21889","WOODEN BOX OF DOMINOES","12805","17095.66"
"21527","RED RETROSPOT TRADITIONAL TEAPOT","2337","17030.56"
"22654","DELUXE SEWING KIT","2534","16971.27"
"21559","STRAWBERRY LUNCH BOX WITH CUTLERY","6779","16891.44"
"22652","TRAVEL SEWING KIT","9910","16794.05"
"22952","60 CAKE CASES VINTAGE CHRISTMAS","27970","16770.31"
"21164","HOME SWEET HOME METAL SIGN","5981","16626.41"
"22993","SET OF 4 PANTRY JELLY MOULDS","12649","16478.48"
"72760B","VINTAGE CREAM 3 BASKET CAKE STAND","1699","16409.02"
"22487","WHITE WOOD GARDEN PLANT LADDER","1632","16373.70"
"21843","RETRO SPOT CAKE STAND","1493","16354.01"
"23301","GARDENERS KNEELING PAD KEEP CALM","8807","16327.35"
"22662","LUNCH BAG DOLLY GIRL DESIGN","9951","16213.61"
"48173C","DOORMAT BLACK FLOCK","2844","16032.71"
"22296","HEART IVORY TRELLIS LARGE","9719","16027.56"
"22692","DOORMAT WELCOME TO OUR HOME","2135","15965.95"
"21877","HOME SWEET HOME MUG","14054","15954.75"
"22634","CHILDS BREAKFAST SET SPACEBOY","1688","15946.55"
"20685","DOOR MAT RED SPOT","2485","15889.75"
"35004C","SET OF 3 COLOURED  FLYING DUCKS","3035","15874.38"
"22759","SET OF 3 NOTEBOOKS IN PARCEL","9380","15866.56"
"22837","HOT WATER BOTTLE BABUSHKA","3398","15837.18"
"22690","DOORMAT HOME SWEET HOME BLUE","2530","15836.35"
"23313","VINTAGE CHRISTMAS BUNTING","2990","15798.66"
"22635","CHILDS BREAKFAST SET DOLLY GIRL","1660","15795.01"
"84997D","PINK 3 PIECE MINI DOTS CUTLERY SET","4353","15759.53"
"84375","SET OF 20 KIDS COOKIE CUTTERS","7575","15753.18"
"22632","HAND WARMER RED RETROSPOT","7698","15664.13"
"22193","RED DINER WALL CLOCK","1850","15658.98"
"22170","PICTURE FRAME WOOD TRIPLE PORTRAIT","2385","15645.27"
"22619","SET OF 6 SOLDIER SKITTLES","3992","15560.09"
"21891","TRADITIONAL WOODEN SKIPPING ROPE","12142","15547.75"
"48111","DOORMAT 3 SMILEY CATS","2419","15437.73"
"22173","METAL 4 HOOK HANGER FRENCH CHATEAU","5026","15411.90"
"85014B","RED/WHITE DOTS RUFFLED UMBRELLA","3456","15400.28"
"84378","SET OF 3 HEART COOKIE CUTTERS","11637","15388.44"
"85014B","RED RETROSPOT UMBRELLA","2699","15376.30"
"22749","FELTCRAFT PRINCESS CHARLOTTE DOLL","3759","15354.35"
"21094","SET/6 RED SPOTTY PAPER PLATES","19633","15334.03"
"84997B","RED 3 PIECE MINI DOTS CUTLERY SET","4205","15324.35"
"22940","FELTCRAFT CHRISTMAS FAIRY","3491","15282.81"
"22909","SET OF 20 VINTAGE CHRISTMAS NAPKINS","17144","15275.82"
"21975","PACK OF 60 DINOSAUR CAKE CASES","31332","15236.62"
"21165","BEWARE OF THE CAT METAL SIGN","9360","15167.38"
"21217","RED RETROSPOT ROUND CAKE TINS","1420","15123.20"
"20750","RED RETROSPOT MINI CASES","2066","15118.47"
"82582","AREA PATROLLED METAL SIGN","7479","15110.98"
"35970","ZINC FOLKART SLEIGH BELLS","8375","15072.58"
"22946","WOODEN ADVENT CALENDAR CREAM","976","15060.57"
"22606","WOODEN SKITTLES GARDEN SET","1069","14881.94"
"22730","ALARM CLOCK BAKELIKE IVORY","3702","14867.27"
"21770","OPEN CLOSED METAL SIGN","2991","14807.30"
"17003","BROCADE RING PURSE","70369","14766.42"
"22485","SET OF 2 WOODEN MARKET CRATES","1101","14677.84"
"21912","VINTAGE SNAKES & LADDERS","3734","14651.33"
"21217","RED SPOTTY ROUND CAKE TINS","1484","14646.04"
"21380","WOODEN HAPPY BIRTHDAY GARLAND","5031","14593.32"
"84050","PINK HEART SHAPE EGG FRYING PAN","9853","14525.00"
"84997D","CHILDRENS CUTLERY POLKADOT PINK","3666","14493.64"
"84997C","BLUE 3 PIECE MINI DOTS CUTLERY SET","3970","14438.97"
"21672","WHITE SPOT RED CERAMIC DRAWER KNOB","11120","14411.13"
"22384","LUNCH BAG PINK RETROSPOT","8914","14391.72"
"22352","LUNCH BOX WITH CUTLERY RETROSPOT","5678","14348.82"
"20748","KENSINGTON COFFEE SET","1600","14266.98"
"21169","YOU'RE CONFUSING ME METAL SIGN","8856","14262.61"
"23200","JUMBO BAG PEARS","7067","14188.96"
"84380","SET OF 3 BUTTERFLY COOKIE CUTTERS","10405","14076.34"
"22627","MINT KITCHEN SCALES","1600","14016.80"
"35400","WOODEN BOX ADVENT CALENDAR","1435","13999.10"
"23343","JUMBO BAG VINTAGE CHRISTMAS","6078","13972.71"
"21257","VICTORIAN SEWING BOX MEDIUM","1549","13968.48"
"22236","CAKE STAND 3 TIER MAGIC GARDEN","1127","13965.52"
"22271","FELTCRAFT DOLL ROSIE","4866","13921.73"
"21668","RED STRIPE CERAMIC DRAWER KNOB","10357","13912.17"
"22366","DOORMAT AIRMAIL","2085","13875.59"
"22295","HEART FILIGREE DOVE LARGE","8411","13873.54"
"21888","BINGO SET","3520","13862.17"
"22444","GROW YOUR OWN PLANT IN A CAN","10132","13856.60"
"21259","VICTORIAN SEWING BOX SMALL","2293","13843.92"
"21669","BLUE STRIPE CERAMIC DRAWER KNOB","10578","13839.18"
"79323P","PINK CHERRY LIGHTS","2281","13787.93"
"22621","TRADITIONAL KNITTING NANCY","8726","13784.32"
"22776","SWEETHEART CAKESTAND 3 TIER","1378","13753.38"
"22109","FULL ENGLISH BREAKFAST PLATE","3338","13750.11"
"23077","DOUGHNUT LIP GLOSS","10395","13695.77"
"47556B","TEA TIME TEA TOWELS","5201","13691.02"
"22191","IVORY DINER WALL CLOCK","1659","13689.85"
"21871","SAVE THE PLANET MUG","11492","13654.89"
"48116","DOORMAT MULTICOLOUR STRIPE","2350","13634.35"
"21390","FILIGRIS HEART WITH BUTTERFLY","10937","13552.97"
"22636","CHILDS BREAKFAST SET CIRCUS PARADE","1618","13437.03"
"C2","CARRIAGE","268","13426.00"
"23356","LOVE HOT WATER BOTTLE","2359","13334.32"
"23207","LUNCH BAG ALPHABET DESIGN","7830","13325.55"
"22207","FRYING PAN UNION FLAG","3103","13298.57"
"23108","SET OF 10 LED DOLLY LIGHTS","2219","13290.52"
"21673","WHITE SPOT BLUE CERAMIC DRAWER KNOB","10050","13272.39"
"23328","SET 6 SCHOOL MILK BOTTLES IN CRATE","2841","13269.49"
"21098","CHRISTMAS TOILET ROLL","8537","13263.93"
"21704","BAG 250g SWIRLY MARBLES","17175","13235.16"
"21080","SET/20 RED RETROSPOT PAPER NAPKINS","15388","13231.54"
"22846","BREAD BIN DINER STYLE RED","822","13213.97"
"15044A","PINK PAPER PARASOL","4964","13210.85"
"48187","DOOR MAT NEW ENGLAND","2023","13201.61"
"22356","CHARLOTTE BAG PINK POLKADOT","11219","13172.00"
"75049L","LARGE CIRCULAR MIRROR MOBILE","13968","13153.80"
"22150","3 STRIPEY MICE FELTCRAFT","7124","13144.52"
"22580","ADVENT CALENDAR GINGHAM SACK","2322","13141.08"
"21935","SUKI  SHOULDER BAG","7127","13103.21"
"22088","PAPER BUNTING COLOURED LACE","4399","13076.88"
"21955","DOORMAT UNION JACK GUNS AND ROSES","2172","13043.59"
"22553","PLASTERS IN TIN SKULLS","7794","13013.15"
"22464","HANGING METAL HEART LANTERN","7847","12985.31"
"22900","SET 2 TEA TOWELS I LOVE LONDON","4032","12977.66"
"48129","DOORMAT TOPIARY","2087","12927.53"
"84988","SET OF 72 PINK HEART PAPER DOILIES","8305","12913.24"
"21906","PHARMACIE FIRST AID TIN","1786","12879.46"
"22766","PHOTO FRAME CORNICE","4367","12864.25"
"22655","VINTAGE RED KITCHEN CABINET","76","12845.00"
"22838","3 TIER CAKE TIN RED AND CREAM","894","12837.46"
"21216","SET 3 RETROSPOT TEA,COFFEE,SUGAR","2384","12764.91"
"22584","PACK OF 6 PANNETONE GIFT BOXES","4989","12739.15"
"22947","WOODEN ADVENT CALENDAR RED","1011","12704.15"
"22303","COFFEE MUG APPLES DESIGN","5439","12701.63"
"22646","CERAMIC STRAWBERRY CAKE MONEY BANK","8913","12654.71"
"22365","DOORMAT RESPECTABLE HOUSE","1950","12524.10"
"22616","PACK OF 12 LONDON TISSUES","39147","12460.16"
"21535","RED RETROSPOT SMALL MILK JUG","5057","12456.39"
"62018","SOMBRERO","9567","12450.85"
"22623","BOX OF VINTAGE JIGSAW BLOCKS","2312","12432.28"
"22804","CANDLEHOLDER PINK HANGING HEART","4381","12411.64"
"22144","CHRISTMAS CRAFT LITTLE FRIENDS","5134","12382.47"
"85014A","BLACK/BLUE DOTS RUFFLED UMBRELLA","2967","12363.97"
"23174","REGENCY SUGAR BOWL GREEN","3055","12342.43"
"21671","RED SPOT CERAMIC DRAWER KNOB","9488","12339.32"
"21156","RETROSPOT CHILDRENS APRON","6631","12324.05"
"22631","CIRCUS PARADE LUNCH BOX","6271","12239.90"
"85042","ANTIQUE LILY FAIRY LIGHTS","2685","12234.56"
"15056P","EDWARDIAN PARASOL PINK","2473","12228.92"
"79323W","WHITE CHERRY LIGHTS","2026","12198.66"
"22082","RIBBON REEL STRIPES DESIGN","7267","12192.05"
"21080","SET/20 RED SPOTTY PAPER NAPKINS","15688","12185.39"
"22301","COFFEE MUG CAT + BIRD DESIGN","5009","12124.78"
"22192","BLUE DINER WALL CLOCK","1426","12104.80"
"21670","BLUE SPOT CERAMIC DRAWER KNOB","8845","12074.40"
"20969","RED FLORAL FELTCRAFT SHOULDER BAG","3237","12066.52"
"21937","STRAWBERRY   PICNIC BAG","4100","12038.82"
"84212","ASSORTED FLOWER COLOUR ""LEIS""","24794","11961.49"
"84987","SET OF 36 TEATIME PAPER DOILIES","8138","11864.15"
"22729","ALARM CLOCK BAKELIKE ORANGE","2999","11864.00"
"22488","NATURAL SLATE RECTANGLE CHALKBOARD","6905","11788.06"
"23300","GARDENERS KNEELING PAD CUP OF TEA","6809","11785.99"
"21428","SET3 BOOK BOX GREEN GINGHAM FLOWER","2883","11762.93"
"22791","T-LIGHT GLASS FLUTED ANTIQUE","9458","11728.69"
"22750","FELTCRAFT PRINCESS LOLA DOLL","3125","11697.60"
"22943","CHRISTMAS LIGHTS 10 VINTAGE BAUBLES","2381","11696.64"
"47567B","TEA TIME KITCHEN APRON","2166","11683.27"
"21485","RED SPOT HEART HOT WATER BOTTLE","2425","11670.66"
"22151","PLACE SETTING WHITE HEART","27562","11609.19"
"21326","AGED GLASS SILVER T-LIGHT HOLDER","17770","11593.86"
"23581","JUMBO BAG PAISLEY PARK","5020","11581.83"
"21260","FIRST AID TIN","3512","11564.43"
"22508","DOORSTOP RETROSPOT HEART","2880","11561.95"
"22468","BABUSHKA LIGHTS STRING OF 10","1736","11542.60"
"48185","DOOR MAT FAIRY CAKE","1727","11532.31"
"22637","PIGGY BANK RETROSPOT","4478","11492.82"
"22663","JUMBO BAG DOLLY GIRL DESIGN","5764","11465.29"
"22649","STRAWBERRY FAIRY CAKE TEAPOT","2286","11462.58"
"21172","PARTY METAL SIGN","7685","11382.16"
"22367","CHILDRENS APRON SPACEBOY DESIGN","5734","11365.80"
"21429","RED GINGHAM ROSE JEWELLERY BOX","6359","11342.25"
"22988","SOLDIERS EGG CUP","9363","11238.45"
"22844","VINTAGE CREAM DOG FOOD CONTAINER","1181","11199.64"
"21922","UNION STRIPE WITH FRINGE  HAMMOCK","1443","11199.18"
"72351B","SET/6 PINK  BUTTERFLY T-LIGHTS","5785","11184.89"
"22968","ROSE COTTAGE KEEPSAKE BOX","1127","11184.82"
"47599A","PINK PARTY BAGS","5967","11180.57"
"22795","SWEETHEART RECIPE BOOK STAND","1597","11175.81"
"21868","POTTING SHED TEA MUG","9075","11163.64"
"22417","PACK OF 60 SPACEBOY CAKE CASES","21451","11159.90"
"21735","TWO DOOR CURIO CABINET","853","11112.85"
"47591D","PINK FAIRY CAKE CHILDRENS APRON","5952","11103.12"
"23170","REGENCY TEA PLATE ROSES","6857","11097.25"
"22620","4 TRADITIONAL SPINNING TOPS","8181","11073.45"
"22834","HAND WARMER BABUSHKA DESIGN","6792","11072.83"
"22768","FAMILY PHOTO FRAME CORNICE","1158","11064.72"
"22198","LARGE POPCORN HOLDER","6323","11063.40"
"B","Adjust bad debt","1","11062.06"
"21155","RED RETROSPOT PEG BAG","4003","11060.20"
"22130","PARTY CONE CHRISTMAS DECORATION","9737","10991.21"
"21844","RED RETROSPOT MUG","3893","10986.43"
"22694","WICKER STAR","4893","10958.60"
"21210","SET OF 72 RETRO SPOT PAPER  DOILIES","7671","10949.40"
"20828","GLITTER BUTTERFLY CLIPS","4423","10940.48"
"22668","PINK BABY BUNTING","3587","10898.05"
"22667","RECIPE BOX RETROSPOT","3886","10891.70"
"21907","I'M ON HOLIDAY METAL SIGN","5163","10866.22"
"22950","36 DOILIES VINTAGE CHRISTMAS","7851","10823.97"
"37370","RETRO COFFEE MUGS ASSORTED","7145","10821.29"
"23209","LUNCH BAG VINTAGE DOILY","6548","10797.00"
"21086","SET/6 RED SPOTTY PAPER CUPS","16658","10781.81"
"21210","SET OF 72 RETROSPOT PAPER  DOILIES","7447","10777.79"
"22274","FELTCRAFT DOLL EMILY","3773","10770.07"
"22904","CALENDAR PAPER CUT DESIGN","3467","10755.05"
"21035","SET/2 RED RETROSPOT TEA TOWELS","3335","10684.21"
"21833","CAMOUFLAGE LED TORCH","6239","10681.67"
"21624","VINTAGE UNION JACK DOORSTOP","1771","10641.15"
"21974","SET OF 36 PAISLEY FLOWER DOILIES","7046","10622.15"
"22064","PINK DOUGHNUT TRINKET POT","6606","10592.66"
"21524","DOOR MAT SPOTTY HOME SWEET HOME","1772","10563.06"
"48111","DOOR MAT 3 SMILEY CATS","1829","10532.27"
"22179","SET 10 LIGHTS NIGHT OWL","1518","10509.88"
"23209","LUNCH BAG DOILEY PATTERN","6551","10502.19"
"22302","COFFEE MUG PEARS  DESIGN","4926","10492.45"
"22812","PACK 3 BOXES CHRISTMAS PANNETONE","4803","10485.95"
"21121","SET/10 RED POLKADOT PARTY CANDLES","8654","10451.93"
"21890","S/6 WOODEN SKITTLES IN COTTON BAG","3489","10451.60"
"23208","LUNCH BAG VINTAGE LEAF DESIGN","6308","10441.91"
"22418","10 COLOUR SPACEBOY PEN","12290","10397.33"
"21982","PACK OF 12 SUKI TISSUES","32086","10395.88"
"22174","PHOTO CUBE","5122","10374.33"
"22992","REVOLVER WOODEN RULER","5233","10373.99"
"22725","ALARM CLOCK BAKELIKE CHOCOLATE","2518","10324.92"
"84997B","CHILDRENS CUTLERY RETROSPOT RED","2634","10316.86"
"22120","WELCOME  WOODEN BLOCK LETTERS","1018","10314.19"
"22089","PAPER BUNTING VINTAGE PAISLEY","3506","10303.35"
"48194","DOOR MAT HEARTS","1700","10298.44"
"22740","POLKADOT PEN","12049","10293.71"
"20724","RED SPOTTY CHARLOTTE BAG","11534","10231.44"
"22380","TOY TIDY SPACEBOY","4964","10217.66"
"23582","VINTAGE DOILY JUMBO BAG RED","4802","10206.41"
"22748","POPPY'S PLAYHOUSE KITCHEN","4142","10161.40"
"21892","TRADITIONAL WOODEN CATCH CUP GAME","7826","10151.28"
"84997C","CHILDRENS CUTLERY POLKADOT BLUE","2582","10150.76"
"22970","LONDON BUS COFFEE MUG","4334","10140.60"
"21033","JUMBO BAG CHARLIE AND LOLA TOYS","4590","10132.11"
"22966","GINGERBREAD MAN COOKIE CUTTER","8219","10131.26"
"21781","MA CAMPAGNE CUTLERY BOX","655","10125.72"
"84792","ENCHANTED BIRD COATHANGER 5 HOOK","2297","10119.51"
"22771","CLEAR DRAWER KNOB ACRYLIC EDWARDIAN","7465","10117.08"
"22381","TOY TIDY PINK POLKADOT","4712","10090.01"
"23171","REGENCY TEA PLATE GREEN","6247","10051.99"
"21558","SKULL LUNCH BOX WITH CUTLERY","3909","10014.54"
"21756","BATH BUILDING BLOCK WORD","1612","9944.65"
"22327","ROUND SNACK BOXES SET OF 4 SKULLS","3065","9943.55"
"23076","ICE CREAM SUNDAE LIP GLOSS","8076","9935.76"
"22131","FOOD CONTAINER SET 3 LOVE HEART","5241","9910.99"
"84880","WHITE WIRE EGG HOLDER","1729","9894.99"
"22300","COFFEE MUG DOG + BALL DESIGN","4116","9891.40"
"85232B","SET/3 RUSSIAN DOLL STACKING TINS","1968","9867.14"
"22429","ENAMEL MEASURING JUG CREAM","2280","9844.04"
"20829","GLITTER HANGING BUTTERFLY STRING","4820","9825.02"
"48184","DOOR MAT ENGLISH ROSE","1481","9816.33"
"21488","RED WHITE SCARF  HOT WATER BOTTLE","2384","9784.58"
"22645","CERAMIC HEART FAIRY CAKE MONEY BANK","5440","9765.53"
"22745","POPPY'S PLAYHOUSE BEDROOM","3976","9764.64"
"79000","MOROCCAN TEA GLASS","11973","9759.91"
"23240","SET OF 4 KNICK KNACK TINS DOILY","2352","9726.48"
"22549","PICTURE DOMINOES","6521","9718.41"
"47570B","TEA TIME TABLE CLOTH","973","9622.27"
"84997D","PINK 3 PIECE POLKADOT CUTLERY SET","2634","9621.97"
"22840","ROUND CAKE TIN VINTAGE RED","1264","9602.60"
"22665","RECIPE BOX BLUE SKETCHBOOK DESIGN","2955","9589.84"
"23175","REGENCY MILK JUG PINK","3160","9587.15"
"22978","PANTRY ROLLING PIN","2464","9564.98"
"85099B","RED RETROSPOT JUMBO BAG","5417","9563.89"
"22381","TOY TIDY PINK RETROSPOT","4553","9529.53"
"82552","WASHROOM METAL SIGN","6955","9527.16"
"35961","FOLKART ZINC HEART CHRISTMAS DEC","11430","9514.78"
"16014","SMALL CHINESE STYLE SCISSOR","29355","9513.10"
"22767","TRIPLE PHOTO FRAME CORNICE","1004","9478.23"
"22942","CHRISTMAS LIGHTS 10 SANTAS","1221","9466.41"
"82001S","VINYL RECORD FRAME SILVER","2639","9463.64"
"85014A","BLACK/BLUE POLKADOT UMBRELLA","1656","9433.61"
"21539","RED RETROSPOT BUTTER DISH","1856","9408.77"
"21716","BOYS VINTAGE TIN SEASIDE BUCKET","3709","9397.07"
"20970","PINK FLORAL FELTCRAFT SHOULDER BAG","2490","9387.29"
"21385","IVORY HANGING DECORATION  HEART","10832","9358.94"
"22357","KINGS CHOICE BISCUIT TIN","2073","9352.41"
"84692","BOX OF 24 COCKTAIL PARASOLS","19085","9336.68"
"22656","VINTAGE BLUE KITCHEN CABINET","45","9290.00"
"21658","GLASS  BEURRE DISH","2225","9271.89"
"22219","LOVEBIRD HANGING DECORATION WHITE","9771","9270.48"
"20747","PICCADILLY TEA SET","683","9224.92"
"23319","BOX OF 6 MINI 50'S CRACKERS","3720","9219.53"
"21745","GAOLERS KEYS DECORATIVE GARDEN","2699","9201.49"
"22741","FUNKY DIVA PEN","10652","9173.03"
"22121","NOEL WOODEN BLOCK LETTERS","1481","9167.61"
"23318","BOX OF 6 MINI VINTAGE CRACKERS","3809","9162.41"
"23080","RED METAL BOX TOP SECRET","1074","9117.62"
"21933","PINK VINTAGE PAISLEY PICNIC BAG","4116","9087.63"
"21777","RECIPE BOX WITH METAL HEART","1126","9075.51"
"84030E","ENGLISH ROSE HOT WATER BOTTLE","2122","9042.15"
"22195","LARGE HEART MEASURING SPOONS","5042","9003.99"
"22989","SET 2 PANTRY DESIGN TEA TOWELS","2811","8999.27"
"21715","GIRLS VINTAGE TIN SEASIDE BUCKET","3553","8987.24"
"21985","PACK OF 12 HEARTS DESIGN TISSUES","25523","8972.11"
"22371","AIRLINE BAG VINTAGE TOKYO 78","1828","8936.80"
"22141","CHRISTMAS CRAFT TREE TOP ANGEL","3663","8895.21"
"23322","LARGE WHITE HEART OF WICKER","3069","8878.21"
"22333","RETROSPOT PARTY BAG + STICKER SET","5648","8857.32"
"23439","HAND WARMER RED LOVE HEART","3986","8855.51"
"84997B","RED 3 PIECE RETROSPOT CUTLERY SET","2418","8846.86"
"22215","CAKE STAND WHITE TWO TIER LACE","1085","8809.93"
"22839","3 TIER CAKE TIN GREEN AND CREAM","566","8794.42"
"20718","RED SPOTTY SHOPPER BAG","7058","8763.09"
"84839","SWEETHEART KEY CABINET","1523","8747.05"
"20718","RED RETROSPOT SHOPPER BAG","6295","8694.26"
"20974","12 PENCILS SMALL TUBE SKULL","13219","8686.54"
"22895","SET OF 2 TEA TOWELS APPLE AND PEARS","2847","8648.49"
"22212","FOUR HOOK  WHITE LOVEBIRDS","4024","8642.30"
"84032A","CHARLIE+LOLA PINK HOT WATER BOTTLE","3234","8624.10"
"21381","MINI WOODEN HAPPY BIRTHDAY GARLAND","5104","8568.00"
"21135","VICTORIAN  METAL POSTCARD SPRING","5985","8567.24"
"22110","BIRD HOUSE HOT WATER BOTTLE","2609","8563.76"
"23082","SET 6 PAPER TABLE LANTERN HEARTS","2328","8558.76"
"23078","ICE CREAM PEN LIP GLOSS","6831","8553.34"
"22283","6 EGG HOUSE PAINTED WOOD","1032","8533.09"
"21186","WHITE DOVE HONEYCOMB PAPER GARLAND","5272","8532.17"
"23256","CHILDRENS CUTLERY SPACEBOY","2077","8517.67"
"21932","SCANDINAVIAN PAISLEY PICNIC BAG","3871","8498.61"
"23493","VINTAGE DOILY TRAVEL SEWING KIT","3964","8497.98"
"72807C","SET/3 VANILLA SCENTED CANDLE IN BOX","1983","8489.17"
"79323LP","LIGHT PINK CHERRY LIGHTS","1433","8481.19"
"85049E","SCANDINAVIAN REDS RIBBONS","6316","8453.47"
"22078","RIBBON REEL LACE DESIGN","3984","8449.94"
"22751","FELTCRAFT PRINCESS OLIVIA DOLL","2264","8445.97"
"22079","RIBBON REEL HEARTS DESIGN","5018","8441.34"
"23321","SMALL WHITE HEART OF WICKER","4716","8438.54"
"48188","DOOR MAT WELCOME PUPPIES","1458","8429.70"
"21533","RETRO SPOT LARGE MILK JUG","1687","8420.28"
"22358","KINGS CHOICE TEA CADDY","2651","8393.61"
"51008","AFGHAN SLIPPER SOCK PAIR","2604","8378.80"
"22329","ROUND CONTAINER SET OF 5 RETROSPOT","5123","8371.05"
"22628","PICNIC BOXES SET OF 3 RETROSPOT","1744","8367.80"
"22689","DOORMAT MERRY CHRISTMAS RED","1092","8366.72"
"21411","GINGHAM HEART  DOORSTOP RED","2090","8352.94"
"21787","RAIN PONCHO RETROSPOT","10408","8333.11"
"21934","SKULL SHOULDER BAG","4597","8275.22"
"21523","DOOR MAT FANCY FONT HOME SWEET HOME","1178","8238.80"
"21874","GIN AND TONIC MUG","6332","8209.17"
"85067","CREAM SWEETHEART WALL CABINET","496","8201.99"
"21533","RETROSPOT LARGE MILK JUG","1656","8194.59"
"22055","MINI CAKE STAND  HANGING STRAWBERY","4925","8179.19"
"84997C","BLUE 3 PIECE POLKADOT CUTLERY SET","2246","8150.63"
"85049A","TRADITIONAL CHRISTMAS RIBBONS","6151","8114.78"
"82551","LAUNDRY 15C METAL SIGN","5641","8081.14"
"20750","RED/WHITE DOT MINI CASES","1131","8051.57"
"22796","PHOTO FRAME 3 CLASSIC HANGING","806","8020.45"
"22738","RIBBON REEL SNOWY VILLAGE","4447","8012.57"
"21121","SET/10 RED SPOTTY PARTY CANDLES","6561","7990.77"
"22504","CABIN BAG VINTAGE RETROSPOT","366","7985.03"
"21122","SET/10 PINK POLKADOT PARTY CANDLES","6543","7962.62"
"21035","SET/2 RED SPOTTY TEA TOWELS","2659","7960.57"
"22592","CARDHOLDER HOLLY WREATH METAL","1980","7956.84"
"21115","ROSE CARAVAN DOORSTOP","1247","7955.84"
"21769","VINTAGE POST OFFICE CABINET","123","7954.87"
"21527","RETRO SPOT TRADITIONAL TEAPOT","1008","7937.91"
"21154","RED RETROSPOT OVEN GLOVE","5279","7916.58"
"21116","OWL DOORSTOP","1355","7900.01"
"21875","KINGS CHOICE MUG","6818","7882.08"
"22466","FAIRY TALE COTTAGE NIGHTLIGHT","4336","7877.84"
"22275","WEEKEND BAG VINTAGE ROSE PAISLEY","946","7875.33"
"22890","NOVELTY BISCUITS CAKE STAND 3 TIER","800","7821.96"
"21976","PACK OF 60 MUSHROOM CAKE CASES","14570","7792.37"
"21531","RED RETROSPOT SUGAR JAM BOWL","3152","7791.88"
"84568","GIRLS ALPHABET IRON ON PATCHES","37066","7788.67"
"23238","SET OF 4 KNICK KNACK TINS LONDON","1849","7771.61"
"20717","STRAWBERRY SHOPPER BAG","6296","7767.48"
"20685","DOORMAT RED SPOT","1086","7765.42"
"23204","CHARLOTTE BAG APPLES DESIGN","7976","7741.94"
"23007","SPACEBOY BABY GIFT SET","498","7741.75"
"21110","LARGE CAKE TOWEL PINK SPOTS","1640","7729.37"
"22784","LANTERN CREAM GAZEBO","1551","7727.14"
"84032B","CHARLIE + LOLA RED HOT WATER BOTTLE","3285","7699.25"
"22165","DIAMANTE HEART SHAPED WALL MIRROR,","976","7673.73"
"22550","HOLIDAY FUN LUDO","2058","7669.64"
"22809","SET OF 6 T-LIGHTS SANTA","2568","7664.72"
"21870","I CAN ONLY PLEASE ONE PERSON MUG","6083","7627.49"
"22528","GARDENERS KNEELING PAD","5824","7623.41"
"22669","RED BABY BUNTING","2386","7613.94"
"22991","GIRAFFE WOODEN RULER","3887","7604.89"
"20685","RED SPOTTY COIR DOORMAT","1174","7563.34"
"22588","CARD HOLDER GINGHAM HEART","2747","7559.94"
"22489","PACK OF 12 TRADITIONAL CRAYONS","17916","7548.67"
"22349","DOG BOWL CHASING BALL DESIGN","1817","7537.37"
"22360","GLASS JAR ENGLISH CONFECTIONERY","2501","7529.60"
"22224","WHITE LOVEBIRD LANTERN","2373","7527.94"
"85065","CREAM SWEETHEART TRAYS","620","7524.44"
"85064","CREAM SWEETHEART LETTER RACK","1595","7493.06"
"21463","MIRRORED DISCO BALL","1349","7484.81"
"82580","BATHROOM METAL SIGN","13249","7458.52"
"20676","RED RETROSPOT BOWL","5846","7445.51"
"11001","ASSTD DESIGN RACING CAR PEN","4829","7408.65"
"21216","SET 3 RED SPOT TIN TEA,COFFEE,SUGAR","1500","7404.09"
"72351A","SET/6 TURQUOISE BUTTERFLY T-LIGHTS","3728","7368.68"
"22945","CHRISTMAS METAL TAGS ASSORTED","7641","7365.70"
"21737","SET 3 WICKER LOG BASKETS","398","7362.66"
"21361","LOVE LARGE WOOD LETTERS","556","7361.74"
"23382","BOX OF 6 CHRISTMAS CAKE DECORATIONS","1875","7356.18"
"21876","POTTERING MUG","5663","7351.25"
"22798","ANTIQUE GLASS DRESSING TABLE POT","2367","7336.09"
"21114","LAVENDER SCENTED FABRIC HEART","5666","7306.14"
"22282","12 EGG HOUSE PAINTED WOOD","561","7304.69"
"22465","HANGING METAL STAR LANTERN","4517","7284.24"
"22907","PACK OF 20 NAPKINS PANTRY DESIGN","8686","7279.03"
"23083","SET 6 PAPER TABLE LANTERN STARS","1932","7250.90"
"23240","SET OF 4 KNICK KNACK TINS DOILEY","1819","7248.79"
"22813","PACK 3 BOXES BIRD PANNETONE","3741","7211.99"
"85174","S/4 CACTI CANDLES","1459","7193.46"
"22626","BLACK KITCHEN SCALES","837","7167.48"
"21981","PACK OF 12 WOODLAND TISSUES","26204","7129.46"
"22577","WOODEN HEART CHRISTMAS SCANDINAVIAN","13987","7123.93"
"48173C","DOOR MAT BLACK FLOCK","1233","7100.21"
"48116","DOOR MAT MULTICOLOUR STRIPE","1102","7078.28"
"22644","CERAMIC CHERRY CAKE MONEY BANK","4857","7069.88"
"22781","GUMBALL MAGAZINE RACK","867","7060.58"
"23320","GIANT 50'S CHRISTMAS CRACKER","2661","7053.57"
"23215","JINGLE BELL HEART ANTIQUE SILVER","3564","7038.40"
"21625","VINTAGE UNION JACK APRON","984","7037.62"
"21700","BIG DOUGHNUT FRIDGE MAGNETS","6335","7028.51"
"21984","PACK OF 12 PINK PAISLEY TISSUES","25351","7023.95"
"37450","CERAMIC CAKE BOWL + HANGING CAKES","2444","7023.14"
"23293","SET OF 12 FAIRY CAKE BAKING CASES","8471","6989.54"
"22618","COOKING SET RETROSPOT","718","6984.35"
"21497","FANCY FONTS BIRTHDAY WRAP","17500","6978.00"
"22567","20 DOLLY PEGS RETROSPOT","5561","6955.83"
"22243","5 HOOK HANGER RED MAGIC TOADSTOOL","4526","6951.45"
"84997A","GREEN 3 PIECE MINI DOTS CUTLERY SET","1918","6948.65"
"10002","INFLATABLE POLITICAL GLOBE","8671","6942.26"
"22498","WOODEN REGATTA BUNTING","1135","6933.74"
"22029","SPACEBOY BIRTHDAY CARD","16779","6931.64"
"22563","HAPPY STENCIL CRAFT","5942","6923.85"
"22377","BOTTLE BAG RETROSPOT","3618","6920.11"
"21903","MAN FLU METAL SIGN","3436","6908.87"
"22938","CUPCAKE LACE PAPER SET 6","3687","6891.25"
"22220","CAKE STAND LOVEBIRD 2 TIER WHITE","745","6885.44"
"22085","PAPER CHAIN KIT SKULLS","2538","6883.87"
"21122","SET/10 PINK SPOTTY PARTY CANDLES","5666","6882.16"
"21563","RED HEART SHAPE LOVE BUCKET","2786","6875.71"
"85220","SMALL FAIRY CAKE FRIDGE MAGNETS","12236","6875.00"
"84997A","CHILDRENS CUTLERY POLKADOT GREEN","1728","6864.42"
"22493","PAINT YOUR OWN CANVAS SET","4246","6863.52"
"22900","SET 2 TEA TOWELS I LOVE LONDON","2124","6856.38"
"47502","POLKADOT CUTLERY 24 PCS IN TRAY","640","6855.75"
"37448","CERAMIC CAKE DESIGN SPOTTED MUG","4549","6827.21"
"22378","WALL TIDY RETROSPOT","3749","6826.51"
"22187","GREEN CHRISTMAS TREE CARD HOLDER","2104","6820.70"
"35004B","SET OF 3 BLACK FLYING DUCKS","1474","6809.65"
"23297","SET 40 HEART SHAPE PETIT FOUR CASES","4303","6792.23"
"21989","PACK OF 20 SKULL PAPER NAPKINS","8552","6790.70"
"37500","TEA TIME TEAPOT IN GIFT BOX","881","6787.46"
"20973","12 PENCIL SMALL TUBE WOODLAND","9863","6773.95"
"22431","WATERING CAN BLUE ELEPHANT","3365","6771.52"
"23541","WALL ART CLASSIC PUDDINGS","864","6762.71"
"22430","ENAMEL WATERING CAN CREAM","1397","6761.38"
"21768","WALL MOUNTED VINTAGE ORGANISER","497","6756.09"
"22311","OFFICE MUG WARMER BLACK+SILVER","2116","6755.56"
"23254","CHILDRENS CUTLERY DOLLY GIRL","1667","6753.71"
"21992","VINTAGE PAISLEY STATIONERY SET","3320","6744.80"
"22354","RETROSPOT PADDED SEAT CUSHION","1753","6735.63"
"22810","SET OF 6 T-LIGHTS SNOWMEN","2199","6729.13"
"23008","DOLLY GIRL BABY GIFT SET","433","6719.61"
"23480","MINI LIGHTS WOODLAND MUSHROOMS","1798","6719.14"
"22221","CAKE STAND LOVEBIRD 2 TIER PINK","905","6702.33"
"22575","METAL MERRY CHRISTMAS WREATH","3113","6699.71"
"22746","POPPY'S PLAYHOUSE LIVINGROOM","2910","6699.25"
"22526","WHEELBARROW FOR CHILDREN","544","6689.67"
"48129","DOOR MAT TOPIARY","1040","6681.38"
"23247","BISCUIT TIN 50'S CHRISTMAS","2194","6681.25"
"85014D","PINK/BROWN DOTS RUFFLED UMBRELLA","1918","6664.45"
"85047","WHITE BEADED GARLAND STRING 20LIGHT","1051","6664.33"
"47599B","BLUE PARTY BAGS","3492","6662.54"
"85068","CREAM SWEETHEART SHELF + HOOKS","960","6647.24"
"22432","WATERING CAN PINK BUNNY","3484","6636.82"
"22779","WOODEN OWLS LIGHT GARLAND","1735","6631.35"
"21107","CREAM SLICE FLANNEL PINK SPOT","2302","6624.77"
"22661","CHARLOTTE BAG DOLLY GIRL DESIGN","8199","6620.45"
"85175","CACTI T-LIGHT CANDLES","15566","6606.26"
"20975","12 PENCILS SMALL TUBE RED RETROSPOT","9880","6570.68"
"ADJUST","Adjustment by john on 26/01/2010 17","16","6563.50"
"16156S","WRAP PINK FAIRY CAKES","16661","6558.62"
"23229","VINTAGE DONKEY TAIL GAME","1815","6550.17"
"22332","SKULLS PARTY BAG + STICKER SET","4158","6520.55"
"21201","TROPICAL  HONEYCOMB PAPER GARLAND","2741","6517.16"
"22364","GLASS JAR DIGESTIVE BISCUITS","2054","6498.61"
"23311","VINTAGE CHRISTMAS STOCKING","2390","6488.20"
"22845","VINTAGE CREAM CAT FOOD CONTAINER","955","6482.96"
"22148","EASTER CRAFT 4 CHICKS","3237","6480.29"
"22596","CHRISTMAS STAR WISH LIST CHALKBOARD","6331","6471.20"
"23103","JINGLE BELL HEART DECORATION","3820","6459.16"
"82486","3 DRAWER ANTIQUE WHITE WOOD CABINET","734","6457.94"
"21494","ROTATING LEAVES T-LIGHT HOLDER","3833","6449.00"
"15060B","FAIRY CAKE DESIGN UMBRELLA","1414","6444.98"
"23553","LANDMARK FRAME CAMDEN TOWN","568","6444.65"
"22142","CHRISTMAS CRAFT WHITE FAIRY","4298","6442.49"
"23134","LARGE ZINC HEART WALL ORGANISER","1065","6431.11"
"22414","DOORMAT NEIGHBOURHOOD WITCH","1092","6419.70"
"23571","TRADITIONAL NAUGHTS & CROSSES","2841","6406.91"
"21242","RED RETROSPOT PLATE","3735","6394.53"
"22979","PANTRY WASHING UP BRUSH","4090","6391.82"
"79067","CORONA MEXICAN TRAY","1615","6380.20"
"23307","SET OF 60 PANTRY DESIGN CAKE CASES","12049","6371.89"
"22072","RED RETROSPOT TEA CUP AND SAUCER","1705","6364.67"
"85062","PEARL CRYSTAL PUMPKIN T-LIGHT HLDR","3886","6363.28"
"22578","WOODEN STAR CHRISTMAS SCANDINAVIAN","13230","6358.04"
"22063","CERAMIC BOWL WITH STRAWBERRY DESIGN","2303","6356.06"
"21746","SMALL RED RETROSPOT WINDMILL","5113","6351.90"
"23172","REGENCY TEA PLATE PINK","3861","6344.41"
"47591D","PINK FAIRY CAKE CHILD'S APRON","3438","6339.17"
"22582","PACK OF 6 SWEETIE GIFT BOXES","2522","6324.77"
"84520B","PACK 20 ENGLISH ROSE PAPER NAPKINS","7390","6321.62"
"22783","SET 3 WICKER OVAL BASKETS W LIDS","482","6316.30"
"47559B","TEA TIME OVEN GLOVE","5116","6311.69"
"22460","EMBOSSED GLASS TEALIGHT HOLDER","4771","6283.87"
"22065","CHRISTMAS PUDDING TRINKET POT","8640","6273.84"
"20754","RETRO RED SPOTTY WASHING UP GLOVES","3139","6257.39"
"84884A","ANT WHITE WIRE HEART SPIRAL","1708","6248.28"
"22739","RIBBON REEL CHRISTMAS SOCK BAUBLE","3321","6226.44"
"22185","SLATE TILE NATURAL HANGING","3896","6224.72"
"22906","12 MESSAGE CARDS WITH ENVELOPES","3370","6214.83"
"22826","LOVE SEAT ANTIQUE WHITE METAL","58","6210.00"
"21124","SET/10 BLUE POLKADOT PARTY CANDLES","5128","6205.84"
"22435","SET OF 9 HEART SHAPED BALLOONS","4915","6185.22"
"23169","CLASSIC GLASS COOKIE JAR","1437","6183.39"
"21714","CITRONELLA CANDLE GARDEN POT","4283","6182.39"
"21078","SET/20 STRAWBERRY PAPER NAPKINS","7211","6181.25"
"22780","LIGHT GARLAND BUTTERFILES PINK","1623","6167.59"
"22222","CAKE PLATE LOVEBIRD WHITE","1489","6160.84"
"84832","ZINC WILLIE WINKIE  CANDLE STICK","6794","6134.70"
"22196","SMALL HEART MEASURING SPOONS","6574","6130.99"
"21667","GLASS CAKE COVER AND PLATE","354","6126.25"
"23192","BUNDLE OF 3 ALPHABET EXERCISE BOOKS","3516","6114.24"
"23118","PARISIENNE JEWELLERY DRAWER","813","6102.18"
"22849","BREAD BIN DINER STYLE MINT","390","6091.38"
"22898","CHILDRENS APRON APPLES DESIGN","2877","6079.45"
"72802C","VANILLA SCENT CANDLE JEWELLED BOX","2184","6047.56"
"22361","GLASS JAR DAISY FRESH COTTON WOOL","1845","6036.26"
"23534","WALL ART STOP FOR TEA","869","6036.20"
"85178","VICTORIAN SEWING KIT","5478","6024.52"
"20751","FUNKY WASHING UP GLOVES ASSORTED","2839","6023.26"
"20979","36 PENCILS TUBE RED RETROSPOT","4761","6019.70"
"21586","KINGS CHOICE GIANT TUBE MATCHES","2583","6018.75"
"21918","SET 12 KIDS COLOUR  CHALK STICKS","14598","6013.14"
"22331","WOODLAND PARTY BAG + STICKER SET","3660","6011.57"
"21591","COSY HOUR CIGAR BOX MATCHES","3978","6003.08"
"22848","BREAD BIN DINER STYLE PINK","373","6001.00"
"23296","SET OF 6 TEA TIME BAKING CASES","4979","5985.55"
"21980","PACK OF 12 RED SPOTTY TISSUES","22721","5981.81"
"22855","FINE WICKER HEART","4795","5979.24"
"21124","SET/10 BLUE SPOTTY PARTY CANDLES","4901","5966.95"
"23312","VINTAGE CHRISTMAS GIFT SACK","1423","5964.15"
"22278","OVERNIGHT BAG VINTAGE ROSE PAISLEY","1016","5959.53"
"23535","WALL ART BICYCLE SAFETY","845","5954.15"
"22491","PACK OF 12 COLOURED PENCILS","7423","5950.00"
"23052","RECYCLED ACAPULCO MAT TURQUOISE","654","5949.34"
"22348","TEA BAG PLATE RED SPOTTY","7126","5934.19"
"22827","RUSTIC  SEVENTEEN DRAWER SIDEBOARD","38","5910.00"
"22772","PINK DRAWER KNOB ACRYLIC EDWARDIAN","4353","5884.92"
"21407","BROWN CHECK CAT DOORSTOP","1294","5883.33"
"21561","DINOSAUR LUNCH BOX WITH CUTLERY","2399","5874.01"
"23113","PANTRY CHOPPING BOARD","1154","5868.50"
"79323W","WHITE CHERRY LIGHTS","978","5850.06"
"22971","QUEENS GUARD COFFEE MUG","2431","5849.29"
"23485","BOTANICAL GARDENS WALL CLOCK","262","5843.92"
"23154","SET OF 4 JAM JAR MAGNETS","2701","5842.88"
"22737","RIBBON REEL CHRISTMAS PRESENT","3266","5840.43"
"22660","DOORMAT I LOVE LONDON","881","5839.41"
"21832","CHOCOLATE CALCULATOR","3338","5836.76"
"21988","PACK OF 6 SKULL PAPER PLATES","7829","5820.10"
"85132C","CHARLIE AND LOLA FIGURES TINS","2062","5818.94"
"22841","ROUND CAKE TIN VINTAGE GREEN","745","5811.87"
"85038","6 CHOCOLATE LOVE HEART T-LIGHTS","2778","5803.58"
"22687","DOORMAT CHRISTMAS VILLAGE","895","5784.67"
"21313","GLASS HEART T-LIGHT HOLDER","6711","5771.11"
"22964","3 PIECE SPACEBOY COOKIE CUTTER SET","2761","5768.83"
"21498","RED RETROSPOT WRAP","14051","5736.42"
"37495","FAIRY CAKE BIRTHDAY CANDLE SET","1560","5732.60"
"21452","TOADSTOOL MONEY BOX","1875","5731.33"
"22441","GROW YOUR OWN BASIL IN ENAMEL MUG","2644","5729.57"
"22241","GARLAND WOODEN HAPPY EASTER","4244","5728.53"
"21577","SAVE THE PLANET COTTON TOTE BAG","2556","5716.52"
"22341","LOVE GARLAND PAINTED ZINC","3467","5698.89"
"22115","METAL SIGN EMPIRE TEA","2889","5695.10"
"22060","LARGE CAKE STAND HANGING HEARTS","733","5691.41"
"21528","DAIRY MAID TRADITIONAL TEAPOT","899","5680.15"
"20676","RED SPOTTY BOWL","4629","5660.19"
"22045","SPACEBOY GIFT WRAP","13767","5656.14"
"21703","BAG 125g SWIRLY MARBLES","14577","5646.47"
"22335","HEART DECORATION PAINTED ZINC","8666","5644.77"
"22854","CREAM SWEETHEART EGG HOLDER","1160","5624.50"
"22653","BUTTON BOX","3031","5618.21"
"84968B","S/16 VINTAGE IVORY CUTLERY","423","5617.66"
"22073","RED RETROSPOT STORAGE JAR","1395","5604.60"
"21207","SKULL AND CROSSBONES  GARLAND","3601","5597.42"
"84997A","GREEN 3 PIECE POLKADOT CUTLERY SET","1539","5587.63"
"21749","LARGE RED SPOT WINDMILL","2945","5554.92"
"22899","CHILDREN'S APRON DOLLY GIRL","2666","5542.95"
"23531","WALL ART BIG LOVE","976","5538.26"
"22156","HEART DECORATION WITH PEARLS","6156","5537.57"
"21730","GLASS STAR FROSTED T-LIGHT HOLDER","1115","5534.17"
"21900","KEY FOB , SHED","8323","5529.14"
"23133","LARGE IVORY HEART WALL ORGANISER","782","5525.40"
"21242","RED SPOTTY PLATE","3350","5523.20"
"23177","TREASURE ISLAND BOOK BOX","2532","5521.29"
"23158","SET OF 5 LUCKY CAT MAGNETS","2633","5513.83"
"22670","FRENCH WC SIGN BLUE METAL","4432","5510.57"
"21955","DOOR MAT UNION JACK GUNS AND ROSES","797","5510.39"
"23583","LUNCH BAG PAISLEY PARK","3385","5497.33"
"84971S","SMALL HEART FLOWERS HOOK","6489","5493.31"
"40016","CHINESE DRAGON PAPER LANTERNS","15435","5487.31"
"82599","FANNY'S REST STOPMETAL SIGN","2505","5479.44"
"79029","GLASS HONEYPOT WASP CATCHER","2944","5473.82"
"22203","MILK PAN RED RETROSPOT","1402","5469.51"
"85232B","SET OF 3 BABUSHKA STACKING TINS","1093","5465.39"
"22437","SET OF 9 BLACK SKULL BALLOONS","6514","5457.97"
"85061W","WHITE JEWELLED HEART DECORATION","6306","5451.49"
"22168","ORGANISER WOOD ANTIQUE WHITE","656","5450.43"
"20677","PINK POLKADOT BOWL","4208","5449.13"
"84509A","SET OF 4 ENGLISH ROSE PLACEMATS","1406","5442.61"
"22483","RED GINGHAM TEDDY BEAR","1877","5440.51"
"20978","36 PENCILS TUBE SKULLS","4117","5438.57"
"21432","SET OF 3 CASES WOODLAND DESIGN","942","5435.91"
"16161P","WRAP ENGLISH ROSE","13198","5435.40"
"22186","RED STAR CARD HOLDER","2004","5431.40"
"22763","KEY CABINET MA CAMPAGNE","662","5430.59"
"22595","CHRISTMAS GINGHAM HEART","6396","5429.91"
"85063","CREAM SWEETHEART MAGAZINE RACK","308","5426.74"
"21749","LARGE RED RETROSPOT WINDMILL","2712","5426.06"
"23135","SMALL ZINC HEART WALL ORGANISER","1541","5416.18"
"23205","CHARLOTTE BAG VINTAGE ALPHABET","5457","5405.88"
"21069","VINTAGE BILLBOARD TEA MUG","5099","5404.36"
"84937","KASHMIR FOLKART TUMBLERS","2542","5394.54"
"22534","MAGIC DRAWING SLATE SPACEBOY","12603","5393.83"
"22443","GROW YOUR OWN HERBS SET OF 3","683","5393.43"
"20682","RED RETROSPOT CHILDRENS UMBRELLA","1585","5380.27"
"22333","RETRO SPORT PARTY BAG + STICKER SET","3444","5370.08"
"21491","SET OF THREE VINTAGE GIFT WRAPS","2878","5367.01"
"22218","CAKE STAND LACE WHITE","1232","5365.66"
"22350","ILLUSTRATED CAT BOWL","1894","5362.20"
"23494","VINTAGE DOILY DELUXE SEWING KIT","809","5354.01"
"35832","WOOLLY HAT SOCK GLOVE ADVENT STRING","1737","5341.85"
"21041","RED RETROSPOT OVEN GLOVE DOUBLE","1382","5334.06"
"37446","MINI CAKE STAND WITH HANGING CAKES","3691","5332.25"
"22951","60 CAKE CASES DOLLY GIRL DESIGN","10050","5314.12"
"21363","HOME SMALL WOOD LETTERS","984","5296.48"
"21155","RED SPOTTY PEG BAG","2662","5282.89"
"20975","12 PENCILS SMALL TUBE RED SPOTTY","8219","5278.03"
"22801","ANTIQUE GLASS PEDESTAL BOWL","1300","5277.95"
"22998","TRAVEL CARD WALLET KEEP CALM","12366","5262.82"
"72756","FAIRY CAKE CANDLES","3859","5257.43"
"21718","RED METAL BEACH SPADE","4030","5250.30"
"22564","ALPHABET STENCIL CRAFT","4570","5221.40"
"22476","EMPIRE UNION JACK TV DINNER TRAY","1332","5218.61"
"21993","FLORAL FOLK STATIONERY SET","2849","5216.88"
"22117","METAL SIGN HER DINNER IS SERVED","1765","5207.73"
"22691","DOORMAT WELCOME SUNRISE","758","5198.60"
"22030","SWALLOWS GREETING CARD","12735","5197.84"
"21587","COSY HOUR GIANT TUBE MATCHES","2071","5173.05"
"22180","RETRO SPOT LAMP","511","5164.42"
"21872","GLAMOROUS  MUG","5092","5163.80"
"22894","TABLECLOTH RED APPLES DESIGN","561","5160.78"
"22775","PURPLE DRAWERKNOB ACRYLIC EDWARDIAN","3609","5160.03"
"85132A","CHARLIE + LOLA BISCUITS TINS","1348","5152.07"
"23263","SET OF 3 WOODEN HEART DECORATIONS","3863","5147.19"
"21713","CITRONELLA CANDLE FLOWERPOT","2733","5145.44"
"23162","REGENCY TEA STRAINER","1412","5143.69"
"23157","SET OF 6 NATIVITY MAGNETS","2557","5143.06"
"23165","LARGE CERAMIC TOP STORAGE JAR","3114","5141.06"
"22412","METAL SIGN NEIGHBOURHOOD WITCH","2401","5140.82"
"23132","SMALL IVORY HEART WALL ORGANISER","1020","5138.60"
"22571","ROCKING HORSE RED CHRISTMAS","5780","5135.24"
"22426","ENAMEL WASH BOWL CREAM","1333","5133.30"
"22472","TV DINNER TRAY DOLLY GIRL","1093","5130.62"
"22509","SEWING BOX RETROSPOT DESIGN","387","5130.36"
"22244","3 HOOK HANGER MAGIC GARDEN","2732","5122.76"
"21498","RED SPOTS  WRAP","12675","5115.50"
"22595","GINGHAM HEART DECORATION","6139","5114.41"
"22610","PENS ASSORTED FUNNY FACE","12680","5107.54"
"22374","AIRLINE BAG VINTAGE JET SET RED","1023","5099.84"
"23397","FOOT STOOL HOME SWEET HOME","489","5097.65"
"21471","STRAWBERRY RAFFIA FOOD COVER","1406","5095.63"
"22433","WATERING CAN GREEN DINOSAUR","2724","5080.98"
"23234","BISCUIT TIN VINTAGE CHRISTMAS","1722","5079.78"
"22842","BISCUIT TIN VINTAGE RED","781","5078.03"
"23295","SET OF 12 MINI LOAF BAKING CASES","6134","5073.45"
"20977","36 PENCILS TUBE WOODLAND","3792","5069.99"
"21578","WOODLAND DESIGN  COTTON TOTE BAG","2205","5062.86"
"23198","PANTRY MAGNETIC  SHOPPING LIST","3342","5062.60"
"23126","FELTCRAFT GIRL AMELIE KIT","1007","5059.14"
"21544","SKULLS  WATER TRANSFER TATTOOS","6064","5052.21"
"48189","DOORMAT FRIENDSHIP","853","5050.04"
"22175","PINK OWL SOFT TOY","1728","5033.51"
"46000S","POLYESTER FILLER PAD 40x40cm","3471","5032.95"
"22957","SET 3 PAPER VINTAGE CHICK PAPER EGG","1775","5014.65"
"23314","VINTAGE CHRISTMAS TABLECLOTH","407","5012.96"
"23109","PACK OF SIX LED TEA LIGHTS","1752","5008.26"
"84796B","BLUE SAVANNAH PICNIC HAMPER FOR 2","600","4999.79"
"21071","VINTAGE BILLBOARD DRINK ME MUG","4269","4998.32"
"23310","BUBBLEGUM RING ASSORTED","12050","4997.28"
"23543","WALL ART KEEP CALM","967","4994.79"
"22318","FIVE HEART HANGING DECORATION","1583","4983.98"
"47568","ENGLISH ROSE DESIGN PEG BAG","2384","4983.02"
"21056","DOCTOR'S BAG SOFT TOY","545","4961.33"
"22583","PACK OF 6 HANDBAG GIFT BOXES","1873","4955.75"
"21896","POTTING SHED TWINE","2387","4944.04"
"22180","RETROSPOT LAMP","464","4938.96"
"23556","LANDMARK FRAME COVENT GARDEN","436","4937.01"
"23570","TRADITIONAL PICK UP STICKS GAME","2772","4931.87"
"22604","SET OF 4 NAPKIN CHARMS CUTLERY","1999","4911.72"
"22243","HOOK, 5 HANGER ,MAGIC TOADSTOOL RED","3152","4908.80"
"22199","FRYING PAN RED POLKADOT","1210","4890.14"
"22276","WASH BAG VINTAGE ROSE PAISLEY","1889","4884.86"
"23010","CIRCUS PARADE BABY GIFT SET","315","4879.60"
"22956","36 FOIL HEART CAKE CASES","2494","4878.90"
"22632","HAND WARMER RED POLKA DOT","2592","4876.20"
"23351","ROLL WRAP 50'S CHRISTMAS","3535","4875.65"
"23503","PLAYING CARDS KEEP CALM & CARRY ON","3643","4860.55"
"22107","PIZZA PLATE IN BOX","1240","4840.59"
"84270","ASSTD DESIGN BUBBLE GUM RING","22936","4824.30"
"22593","CHRISTMAS GINGHAM STAR","5420","4823.90"
"22027","TEA PARTY BIRTHDAY CARD","11297","4806.49"
"23554","LANDMARK FRAME OXFORD STREET","422","4805.53"
"22242","HOOK, 5 HANGER , MAGIC TOADSTOOL","2982","4795.95"
"20682","RED SPOTTY CHILDS UMBRELLA","1483","4791.04"
"23555","LANDMARK FRAME NOTTING HILL","421","4780.57"
"21534","DAIRY MAID LARGE MILK JUG","938","4768.64"
"22442","GROW YOUR OWN FLOWERS SET OF 3","866","4765.32"
"23184","BULL DOG BOTTLE OPENER","874","4764.50"
"22128","PARTY CONES CANDY ASSORTED","3923","4759.59"
"22688","DOORMAT PEACE ON EARTH BLUE","865","4756.70"
"21249","WOODLAND  HEIGHT CHART STICKERS","1655","4752.83"
"21916","SET 12 RETRO WHITE CHALK STICKS","11011","4751.06"
"23286","BLUE VINTAGE SPOT BEAKER","5048","4747.62"
"22672","FRENCH BATHROOM SIGN BLUE METAL","2850","4736.11"
"22399","MAGNETS PACK OF 4 CHILDHOOD MEMORY","4040","4734.60"
"22434","BALLOON PUMP WITH 10 BALLOONS","2547","4733.49"
"84508A","CAMOUFLAGE DESIGN TEDDY","2223","4722.56"
"85049G","CHOCOLATE BOX RIBBONS","3829","4718.62"
"23569","TRADTIONAL ALPHABET STAMP SET","954","4717.66"
"22474","SPACEBOY TV DINNER TRAY","966","4716.83"
"21588","RETROSPOT GIANT TUBE MATCHES","2056","4713.60"
"23159","SET OF 5 PANCAKE DAY MAGNETS","2293","4713.52"
"22305","COFFEE MUG PINK PAISLEY DESIGN","2267","4711.53"
"23558","LANDMARK FRAME LONDON BRIDGE","415","4703.87"
"23389","SPACEBOY MINI BACKPACK","1102","4697.54"
"23176","ABC TREASURE BOOK BOX","2165","4693.08"
"48197","DOOR MAT BIRD ON THE WIRE","667","4691.77"
"22304","COFFEE MUG BLUE PAISLEY DESIGN","2380","4689.56"
"20961","STRAWBERRY BATH SPONGE","3530","4687.65"
"22562","MONSTERS STENCIL CRAFT","3978","4682.30"
"21156","RED SPOTTY CHILDS APRON","2506","4678.23"
"20963","APPLE BATH SPONGE","3459","4676.15"
"22721","SET OF 3 CAKE TINS SKETCHBOOK","1020","4671.81"
"23241","TREASURE TIN GYMKHANA DESIGN","2165","4669.55"
"22075","6 RIBBONS ELEGANT CHRISTMAS","3079","4660.69"
"82581","TOILET METAL SIGN","8399","4649.00"
"22348","TEA BAG PLATE RED RETROSPOT","5327","4648.93"
"72807B","SET/3 OCEAN SCENT CANDLE JEWEL BOX","1059","4645.87"
"21243","PINK  SPOTTY PLATE","2864","4645.09"
"15044B","BLUE PAPER PARASOL","1670","4644.13"
"21042","RED SPOTTY APRON","794","4638.11"
"22574","HEART WOODEN CHRISTMAS DECORATION","5074","4629.17"
"21328","BALLOONS  WRITING SET","2441","4612.63"
"20675","BLUE POLKADOT BOWL","3616","4611.89"
"22119","PEACE WOODEN BLOCK LETTERS","759","4591.13"
"21878","PACK OF 6 SANDCASTLE FLAGS ASSORTED","5586","4586.48"
"22800","ANTIQUE TALL SWIRLGLASS TRINKET POT","1127","4586.40"
"23285","PINK VINTAGE SPOT BEAKER","4807","4572.41"
"10135","COLOURING PENCILS BROWN TUBE","4226","4566.21"
"23404","HOME SWEET HOME BLACKBOARD","1011","4561.76"
"15044D","RED PAPER PARASOL","1596","4559.65"
"51014A","FEATHER PEN,HOT PINK","6671","4556.50"
"22601","CHRISTMAS RETROSPOT ANGEL WOOD","5250","4547.19"
"85184D","S/4 BLUE ROUND DECOUPAGE BOXES","8311","4546.78"
"22743","MAKE YOUR OWN FLOWERPOWER CARD KIT","1502","4542.50"
"37447","CERAMIC CAKE DESIGN SPOTTED PLATE","2891","4540.85"
"21614","SET OF 12 ROSE BOTANICAL T-LIGHTS","1627","4538.17"
"21506","FANCY FONT BIRTHDAY CARD,","10878","4534.49"
"21990","MODERN FLORAL STATIONERY SET","2453","4530.54"
"21564","PINK  HEART SHAPE LOVE BUCKET","1951","4524.50"
"22908","PACK OF 20 NAPKINS RED APPLES","5610","4524.00"
"23275","SET OF 3 HANGING OWLS OLLIE BEAK","3720","4521.72"
"23163","REGENCY SUGAR TONGS","1832","4515.22"
"23112","PARISIENNE CURIO CABINET","546","4507.08"
"22760","TRAY, BREAKFAST IN BED","356","4506.89"
"23309","SET OF 60 I LOVE LONDON CAKE CASES","8275","4495.85"
"22747","POPPY'S PLAYHOUSE BATHROOM","2035","4487.20"
"23167","SMALL CERAMIC TOP STORAGE JAR","5847","4476.01"
"22070","SMALL RED RETROSPOT MUG IN BOX","1511","4462.95"
"84968C","SET OF 16 VINTAGE PISTACHIO CUTLERY","375","4451.95"
"23288","GREEN VINTAGE SPOT BEAKER","4625","4444.23"
"22736","RIBBON REEL MAKING SNOWMEN","2467","4439.28"
"21064","BOOM BOX SPEAKER BOYS","884","4432.92"
"21864","UNION JACK FLAG PASSPORT COVER","1853","4431.54"
"22299","PIG KEYRING WITH LIGHT & SOUND","3912","4430.82"
"79341","WILLOW BRANCH LIGHTS.","725","4423.69"
"21244","BLUE POLKADOT PLATE","2641","4419.44"
"22367","CHILDS APRON SPACEBOY DESIGN","2325","4412.87"
"23530","WALL ART ONLY ONE PERSON","1050","4406.57"
"22548","HEADS AND TAILS SPORTING FUN","3526","4404.31"
"84031A","CHARLIE+LOLA RED HOT WATER BOTTLE","1098","4404.02"
"22573","STAR WOODEN CHRISTMAS DECORATION","4907","4403.83"
"21967","PACK OF 12 SKULL TISSUES","15652","4401.44"
"21535","RETRO SPOT SMALL MILK JUG","1719","4380.61"
"21523","FANCY FONT HOME SWEET HOME DOORMAT","663","4378.65"
"22594","CHRISTMAS GINGHAM TREE","4791","4377.33"
"21810","CHRISTMAS HANGING STAR WITH BELL","6959","4374.41"
"85053","FRENCH ENAMEL CANDLEHOLDER","2032","4363.28"
"22896","PEG BAG APPLES DESIGN","1689","4356.20"
"84598","BOYS ALPHABET IRON ON PATCHES","20775","4350.14"
"20677","PINK SPOTTY BOWL","3566","4348.93"
"85184C","S/4 VALENTINE DECOUPAGE HEART BOX","2106","4345.96"
"15039","SANDALWOOD FAN","5101","4345.62"
"21844","RETRO SPOT MUG","1481","4343.01"
"23349","ROLL WRAP VINTAGE CHRISTMAS","3221","4342.60"
"22611","VINTAGE UNION JACK SHOPPING BAG","907","4338.63"
"22353","LUNCH BOX WITH CUTLERY FAIRY CAKES","1588","4320.21"
"23168","CLASSIC CAFE SUGAR DISPENSER","3075","4311.35"
"21913","VINTAGE SEASIDE JIGSAW PUZZLES","1129","4302.48"
"47580","TEA TIME DES TEA COSY","1662","4298.60"
"21153","RED SPOTTY TABLECLOTH","393","4294.69"
"21012","ANTIQUE ALL GLASS CANDLESTICK","2297","4293.70"
"23050","RECYCLED ACAPULCO MAT GREEN","497","4286.55"
"20966","SANDWICH BATH SPONGE","3007","4265.24"
"21243","PINK  POLKADOT PLATE","2552","4265.05"
"22723","SET OF 6 HERB TINS SKETCHBOOK","1164","4262.82"
"72802B","OCEAN SCENT CANDLE IN JEWELLED BOX","1559","4258.97"
"22312","OFFICE MUG WARMER POLKADOT","1233","4254.05"
"20979","36 PENCILS TUBE RED SPOTTY","3395","4252.11"
"22744","MAKE YOUR OWN MONSOON CARD KIT","1515","4245.17"
"21556","CERAMIC STRAWBERRY MONEY BOX","1607","4244.41"
"20982","12 PENCILS TALL TUBE SKULLS","4851","4243.80"
"22497","SET OF 2 TINS VINTAGE BATHROOM","929","4239.07"
"21068","VINTAGE BILLBOARD LOVE/HATE MUG","4066","4224.63"
"21355","TOAST ITS - I LOVE YOU","3452","4218.05"
"23089","GLASS BON BON JAR","2354","4215.78"
"72807A","SET/3 ROSE CANDLE IN JEWELLED BOX","924","4213.54"
"22600","CHRISTMAS RETROSPOT STAR WOOD","4860","4209.90"
"22797","CHEST OF DRAWERS GINGHAM HEART","242","4205.56"
"84950","ASSORTED COLOUR T-LIGHT HOLDER","6041","4199.27"
"23144","ZINC T-LIGHT HOLDER STARS SMALL","5089","4197.83"
"23012","GLASS APOTHECARY BOTTLE PERFUME","1071","4197.11"
"22851","SET 20 NAPKINS FAIRY CAKES DESIGN","5167","4193.68"
"21470","FLOWER VINE RAFFIA FOOD COVER","1102","4190.93"
"21474","SWEETHEART CREAM STEEL FOLDIN BENCH","210","4189.50"
"20754","RETROSPOT RED WASHING UP GLOVES","1955","4187.43"
"21609","SET 12 LAVENDER  BOTANICAL T-LIGHTS","1499","4186.29"
"22530","MAGIC DRAWING SLATE DOLLY GIRL","9873","4176.45"
"21238","RED RETROSPOT CUP","4731","4164.55"
"22833","HALL CABINET WITH 3 DRAWERS","120","4163.54"
"22127","PARTY CONES CARNIVAL ASSORTED","3468","4153.11"
"22926","IVORY GIANT GARDEN THERMOMETER","680","4150.31"
"21143","ANTIQUE GLASS HEART DECORATION","2088","4149.15"
"23110","PARISIENNE KEY CABINET","700","4147.18"
"23486","ANTIQUE HEART SHELF UNIT","275","4145.47"
"21539","RETRO SPOTS BUTTER DISH","867","4142.87"
"21590","KINGS CHOICE CIGAR BOX MATCHES","3448","4141.28"
"70006","LOVE HEART POCKET WARMER","4438","4139.56"
"23283","DOORMAT VINTAGE LEAF","564","4122.20"
"23255","CHILDRENS CUTLERY CIRCUS PARADE","1014","4097.22"
"22125","UNION JACK HOT WATER BOTTLE","653","4089.09"
"22807","SET OF 6 T-LIGHTS TOADSTOOLS","1375","4086.56"
"23009","I LOVE LONDON BABY GIFT SET","263","4082.52"
"21911","GARDEN METAL SIGN","2546","4080.85"
"23193","BUFFALO BILL TREASURE BOOK BOX","1922","4079.28"
"21042","RED RETROSPOT APRON","679","4079.20"
"21472","LADYBIRD + BEE RAFFIA FOOD COVER","1056","4077.82"
"84596B","SMALL DOLLY MIX DESIGN ORANGE BOWL","6221","4074.67"
"20981","12 PENCILS TALL TUBE WOODLAND","4718","4069.16"
"21901","KEY FOB , BACK DOOR","6158","4061.51"
"84580","MOUSE TOY WITH PINK T-SHIRT","1057","4051.94"
"72349B","SET/6 PURPLE BUTTERFLY T-LIGHTS","1990","4049.99"
"35924","HANGING FAIRY CAKE DECORATION","2164","4049.40"
"21717","EASTER TIN BUCKET","1554","4039.63"
"21679","SKULLS  STICKERS","4871","4034.51"
"23340","VINTAGE CHRISTMAS CAKE FRILL","2500","4034.08"
"84968A","SET OF 16 VINTAGE ROSE CUTLERY","339","4026.84"
"22639","SET OF 4 NAPKIN CHARMS HEARTS","1651","4021.12"
"22053","EMPIRE DESIGN ROSETTE","4551","4020.89"
"22284","HEN HOUSE DECORATION","2465","4017.74"
"22057","CERAMIC PLATE STRAWBERRY DESIGN","3060","4011.73"
"21349","IVY HEART WREATH","553","4010.73"
"23129","HEART SHAPED HOLLY WREATH","950","3999.50"
"21238","RED SPOTTY CUP","4746","3999.45"
"20967","GREY FLORAL FELTCRAFT SHOULDER BAG","1055","3997.34"
"22245","HOOK, 1 HANGER ,MAGIC GARDEN","4633","3988.85"
"21987","PACK OF 6 SKULL PAPER CUPS","6417","3988.06"
"21955","UNION JACK GUNS & ROSES  DOORMAT","765","3987.11"
"22612","TEA COSY VINTAGE UNION JACK","1001","3984.99"
"23306","SET OF 36 DOILIES PANTRY DESIGN","2741","3983.60"
"85206A","CREAM FELT EASTER EGG BASKET","2327","3982.91"
"22244","HOOK, 3 HANGER ,MAGIC GARDEN","2028","3979.20"
"21524","SPOTTY  HOME SWEET HOME DOORMAT","666","3978.34"
"22959","WRAP CHRISTMAS VILLAGE","9713","3971.46"
"22356","CHARLOTTE BAG PINK WITH WHITE SPOTS","4343","3959.52"
"21648","ASSORTED TUTTI FRUTTI SMALL PURSE","2940","3956.48"
"22788","BROCANTE COAT RACK","476","3942.62"
"23526","WALL ART DOG LICENCE","604","3939.76"
"23557","LANDMARK FRAME BAKER STREET","350","3930.27"
"22359","GLASS JAR KINGS CHOICE","1236","3928.28"
"18097C","WHITE TALL PORCELAIN T-LIGHT HOLDER","1763","3924.92"
"21812","GARLAND WITH HEARTS AND BELLS","805","3917.49"
"22980","PANTRY SCRUBBING BRUSH","2363","3910.01"
"22179","SET 10 NIGHT OWL LIGHTS","505","3908.73"
"23081","GREEN METAL BOX ARMY SUPPLIES","467","3906.25"
"46000M","POLYESTER FILLER PAD 45x45cm","2517","3901.35"
"23049","RECYCLED ACAPULCO MAT RED","456","3896.84"
"22314","OFFICE MUG WARMER CHOC+BLUE","1110","3888.48"
"21192","WHITE BELL HONEYCOMB PAPER","2167","3885.64"
"22790","MIRROR, ARCHED GEORGIAN","200","3884.00"
"23552","BICYCLE PUNCTURE REPAIR KIT","1863","3881.91"
"37340","MULTICOLOUR SPRING FLOWER MUG","13665","3881.33"
"21181","PLEASE ONE PERSON  METAL SIGN","1867","3868.07"
"21244","BLUE  SPOTTY PLATE","2404","3859.63"
"22475","SKULL DESIGN TV DINNER TRAY","769","3856.80"
"22591","CARDHOLDER GINGHAM CHRISTMAS TREE","1347","3854.15"
"22843","BISCUIT TIN VINTAGE GREEN","594","3851.76"
"22478","BIRDHOUSE GARDEN MARKER","2772","3848.41"
"22272","FELTCRAFT DOLL MARIA","1371","3848.34"
"22445","PENCIL CASE LIFE IS BEAUTIFUL","1251","3842.66"
"21447","12 IVORY ROSE PEG PLACE SETTINGS","2776","3842.63"
"22118","JOY WOODEN BLOCK LETTERS","799","3842.07"
"23111","PARISIENNE SEWING BOX","312","3839.24"
"21055","TOOL BOX SOFT TOY","386","3839.09"
"22892","SET OF SALT AND PEPPER TOADSTOOLS","3123","3835.71"
"21067","VINTAGE RED TEATIME MUG","4763","3830.67"
"22778","GLASS CLOCHE SMALL","968","3828.66"
"22777","GLASS CLOCHE LARGE","453","3821.82"
"23194","GYMKHANA TREASURE BOOK BOX","1715","3815.53"
"85040B","SET/4 BLUE FLOWER CANDLES IN BOWL","2451","3813.78"
"21846","PINK DIAMANTE PEN IN GIFT BOX","1601","3803.40"
"21034","REX CASH+CARRY JUMBO SHOPPER","4002","3801.90"
"22355","CHARLOTTE BAG , SUKI DESIGN","4406","3796.59"
"21100","CHARLIE AND LOLA CHARLOTTE BAG","2540","3795.00"
"84016","FLAG OF ST GEORGE CAR FLAG","1004","3791.67"
"22458","CAST IRON HOOK GARDEN FORK","1523","3790.47"
"72802A","ROSE SCENT CANDLE IN JEWELLED BOX","914","3789.90"
"71038","WHITE HANGING BEADS CANDLE HOLDER","717","3789.25"
"23253","16 PIECE CUTLERY SET PANTRY DESIGN","254","3785.06"
"21154","RED SPOTTY OVEN GLOVE","2816","3778.37"
"84356","POMPOM CURTAIN","750","3771.04"
"21743","STAR PORTABLE TABLE LIGHT","1288","3767.08"
"21627","ELEPHANT CARNIVAL POUFFE","195","3766.35"
"23299","FOOD COVER WITH BEADS SET 2","1009","3761.63"
"21813","GARLAND WITH STARS AND BELLS","815","3761.41"
"22830","UTILTY CABINET WITH HOOKS","181","3760.71"
"21329","DINOSAURS  WRITING SET","2082","3760.66"
"21845","DAIRY MAID STRIPE MUG","2521","3758.41"
"23092","LARGE ANTIQUE WHITE PHOTO FRAME","523","3757.78"
"21899","KEY FOB , GARAGE DESIGN","5899","3756.66"
"22544","MINI JIGSAW SPACEBOY","9382","3756.52"
"22425","ENAMEL COLANDER CREAM","732","3754.40"
"85049C","ROMANTIC PINKS RIBBONS","2981","3746.29"
"22356","CHARLOTTE BAG , PINK/WHITE SPOTS","4453","3740.38"
"22162","HEART GARLAND RUSTIC PADDED","1218","3737.90"
"21795","SET OF 3 BLUE STRIPE BASKET","441","3734.94"
"22732","3D VINTAGE CHRISTMAS STICKERS","2713","3733.84"
"22494","EMERGENCY FIRST AID TIN","2765","3730.92"
"23064","CINDERELLA CHANDELIER","221","3717.56"
"22579","WOODEN TREE CHRISTMAS SCANDINAVIAN","7056","3715.68"
"21041","RED SPOTTY OVEN GLOVE DOUBLE","1284","3715.23"
"22782","SET 3 WICKER STORAGE BASKETS","254","3712.30"
"23236","STORAGE TIN VINTAGE DOILY","1272","3704.78"
"21351","CINAMMON & ORANGE WREATH","1099","3702.75"
"20750","RED/WHITE DOT MINI CASES","491","3696.59"
"21495","SKULLS AND CROSSBONES WRAP","9065","3695.30"
"23182","TOILET SIGN OCCUPIED OR VACANT","3741","3688.21"
"22398","MAGNETS PACK OF 4 SWALLOWS","4239","3687.48"
"20692","FLORAL ELEPHANT SOFT TOY","908","3682.76"
"23130","MISTLETOE HEART WREATH GREEN","882","3676.18"
"23013","GLASS APOTHECARY BOTTLE TONIC","924","3674.16"
"20785","FUSCHIA RETRO BAR STOOL","102","3672.35"
"22080","RIBBON REEL SPOTS DESIGN","2211","3668.58"
"21240","BLUE POLKADOT CUP","4191","3658.27"
"22769","CHALKBOARD KITCHEN ORGANISER","174","3656.86"
"22823","CHEST NATURAL WOOD 20 DRAWERS","32","3655.00"
"21592","RETRO SPOT  CIGAR BOX MATCHES","3104","3652.00"
"22962","JAM JAR WITH PINK LID","4366","3640.93"
"85040A","S/4 PINK FLOWER CANDLES IN BOWL","2065","3639.89"
"21486","PINK HEART DOTS HOT WATER BOTTLE","1116","3638.67"
"85232D","SET/3 DECOUPAGE STACKING TINS","701","3636.66"
"84558A","3D DOG PICTURE PLAYING CARDS","1259","3628.11"
"22589","CARDHOLDER GINGHAM STAR","1317","3626.78"
"85114B","IVORY ENCHANTED FOREST PLACEMAT","2017","3618.05"
"23294","SET OF 6 SNACK LOAF BAKING CASES","4392","3607.81"
"22461","SAVOY ART DECO CLOCK","410","3607.81"
"22353","LUNCHBOX WITH CUTLERY FAIRY CAKES","1451","3597.68"
"23032","DRAWER KNOB CRACKLE GLAZE IVORY","2154","3595.38"
"21787","RAIN PONCHO WITH RED SPOTS","4727","3592.97"
"21866","UNION JACK FLAG LUGGAGE TAG","2168","3591.50"
"22774","RED DRAWER KNOB ACRYLIC EDWARDIAN","2791","3591.06"
"21509","COWBOYS AND INDIANS BIRTHDAY CARD","8696","3587.22"
"23085","ANTIQUE SILVER BAUBLE LAMP","376","3583.23"
"71477","COLOURED GLASS STAR T-LIGHT HOLDER","1012","3580.96"
"23497","CLASSIC CHROME BICYCLE BELL","2498","3578.62"
"22944","CHRISTMAS METAL POSTCARD WITH BELLS","4870","3577.99"
"20784","RED RETRO BAR STOOL","101","3570.87"
"21112","SWISS ROLL TOWEL, PINK  SPOTS","1516","3570.57"
"22704","WRAP RED APPLES","8678","3564.76"
"22334","DINOSAUR PARTY BAG + STICKER SET","2230","3552.36"
"22603","CHRISTMAS RETROSPOT TREE WOOD","4143","3552.09"
"21794","CLASSIC FRENCH STYLE BASKET NATURAL","713","3552.09"
"23210","WHITE ROCKING HORSE HAND PAINTED","2849","3551.53"
"22320","BIRDS MOBILE VINTAGE DESIGN","598","3545.02"
"23332","IVORY WICKER HEART LARGE","2059","3542.71"
"20886","BOX OF 9 PEBBLE CANDLES","1777","3540.22"
"21784","SHOE SHINE BOX","290","3538.28"
"21054","NURSE'S BAG SOFT TOY","382","3538.00"
"20786","BLACK RETRO BAR STOOL","99","3533.90"
"23191","BUNDLE OF 3 RETRO NOTE BOOKS","2141","3529.89"
"22602","CHRISTMAS RETROSPOT HEART WOOD","4307","3529.31"
"47505","MINATURE COLOURED GARDENING SET","737","3527.42"
"21179","NO JUNK MAIL METAL SIGN","4284","3517.90"
"23091","ZINC HERB GARDEN CONTAINER","556","3516.64"
"23353","6 GIFT TAGS VINTAGE CHRISTMAS","4007","3510.05"
"22765","NEWSPAPER STAND","311","3508.30"
"23189","SET OF 12 FORK CANDLES","1249","3507.51"
"22902","TOTE BAG I LOVE LONDON","1716","3506.56"
"84352","SILVER CHRISTMAS TREE BAUBLE STAND","206","3505.58"
"21499","BLUE POLKADOT WRAP","8702","3504.84"
"22076","6 RIBBONS EMPIRE","2353","3490.19"
"21469","POLKA DOT RAFFIA FOOD COVER","1165","3482.01"
"22352","LUNCHBOX WITH CUTLERY RETROSPOT","1412","3481.89"
"21466","RED FLOWER CROCHET FOOD COVER","927","3479.79"
"22764","RUSTIC WOODEN CABINET, GLASS DOORS","183","3462.49"
"22309","TEA COSY RED  STRIPE","1331","3459.08"
"20675","BLUE SPOTTY BOWL","2849","3455.94"
"21559","STRAWBERRY LUNCHBOX WITH CUTLERY","1448","3454.09"
"22172","METAL SHELF WITH RAIL","378","3451.82"
"23350","ROLL WRAP VINTAGE SPOT","2712","3445.08"
"23426","METAL SIGN DROP YOUR PANTS","1275","3444.43"
"85123a","WHITE HANGING HEART T-LIGHT HOLDER","516","3444.02"
"23354","6 GIFT TAGS 50'S CHRISTMAS","3740","3429.40"
"22531","MAGIC DRAWING SLATE CIRCUS PARADE","7944","3427.12"
"23156","SET OF 5 MINI GROCERY MAGNETS","1665","3423.29"
"23127","FELTCRAFT GIRL NICOLE KIT","668","3422.40"
"48189","DOOR MAT FRIENDSHIP","468","3420.24"
"23014","GLASS APOTHECARY BOTTLE ELIXIR","856","3419.58"
"23388","WOODLAND MINI BACKPACK","816","3411.34"
"21191","LARGE WHITE HONEYCOMB PAPER BELL","1479","3408.61"
"21902","KEY FOB , FRONT  DOOR","5359","3408.03"
"21364","PEACE SMALL WOOD LETTERS","468","3407.72"
"84472","PINK AND LILAC QUILTED THROW","87","3402.32"
"37501","TEA TIME TEA SET IN GIFT BOX","481","3401.15"
"22440","BALLOON WATER BOMB PACK OF 35","8523","3399.41"
"20983","12 PENCILS TALL TUBE RED RETROSPOT","3922","3395.02"
"22059","CERAMIC STRWBERRY DESIGN MUG","2347","3393.10"
"22459","CAST IRON HOOK GARDEN TROWEL","1378","3389.74"
"44230","SQUARE MIRROR CURTAIN","347","3381.62"
"22428","ENAMEL FIRE BUCKET CREAM","459","3379.67"
"21327","SKULLS WRITING SET","1926","3378.51"
"23188","VINTAGE  2 METRE FOLDING RULER","1627","3374.05"
"22862","LOVE HEART NAPKIN BOX","758","3373.22"
"22776","SWEETHEART 3 TIER CAKE STAND","284","3371.58"
"84508A","CAMOFLAGE DESIGN TEDDY","1586","3368.92"
"22822","CREAM WALL PLANTER HEART SHAPED","581","3367.35"
"22366","DOOR MAT AIRMAIL","455","3366.71"
"21211","SET OF 72 SKULL PAPER  DOILIES","2405","3365.64"
"84279P","CHERRY BLOSSOM  DECORATIVE FLASK","832","3365.00"
"84797A","PINK HAWAIIAN PICNIC HAMPER FOR 4","481","3361.25"
"22223","CAKE PLATE LOVEBIRD PINK","726","3359.66"
"22477","WATERING CAN GARDEN MARKER","2414","3356.74"
"23239","SET OF 4 KNICK KNACK TINS POPPIES","842","3353.84"
"22047","EMPIRE GIFT WRAP","8250","3351.00"
"84968D","S/16 VINTAGE RED CUTLERY","287","3349.76"
"22167","WALL MIRROR , DIAMANTE OVAL SHAPE","425","3331.91"
"21917","SET 12 KIDS  WHITE CHALK STICKS","8010","3324.22"
"22136","LOVE HEART SOCK HANGER","1989","3322.22"
"22536","MAGIC DRAWING SLATE PURDEY","8443","3314.08"
"23065","LARGE DECO JEWELLERY STAND","263","3302.44"
"84813","SET OF 4 DIAMOND NAPKIN RINGS","422","3300.76"
"21500","PINK POLKADOT WRAP","8125","3298.50"
"22176","BLUE OWL SOFT TOY","1088","3297.93"
"22183","CAKE STAND VICTORIAN FILIGREE MED","586","3297.25"
"20702","PINK PADDED MOBILE","782","3296.70"
"21239","PINK  POLKADOT CUP","3685","3292.90"
"20681","PINK SPOTTY CHILDS UMBRELLA","1000","3292.86"
"22122","SET OF 2 FANCY FONT TEA TOWELS","1095","3290.08"
"37410","BLACK AND WHITE PAISLEY FLOWER MUG","25707","3288.65"
"22281","EASTER TREE YELLOW BIRDS","511","3285.86"
"22762","CUPBOARD 3 DRAWER MA CAMPAGNE","204","3276.62"
"23308","SET OF 60 VINTAGE LEAF CAKE CASES","6139","3272.61"
"22967","SET 3 SONG BIRD PAPER EGGS ASSORTED","1171","3271.41"
"22794","SWEETHEART WIRE MAGAZINE RACK","389","3271.35"
"84975","HEART SHAPED MIRROR","1990","3266.40"
"21467","CHERRY CROCHET FOOD COVER","1025","3263.75"
"84031B","CHARLIE LOLA BLUE HOT WATER BOTTLE","839","3263.03"
"23395","BELLE JARDINIERE CUSHION COVER","748","3257.08"
"23053","RECYCLED ACAPULCO MAT PINK","364","3254.32"
"84510A","SET OF 4 ENGLISH ROSE COASTERS","2402","3254.14"
"21477","STRING OF 20 ROSE LIGHTS","273","3248.94"
"22059","CERAMIC STRAWBERRY DESIGN MUG","2593","3245.93"
"84849B","FAIRY SOAP SOAP HOLDER","1936","3244.14"
"22419","LIPSTICK PEN RED","6847","3242.59"
"21829","DINOSAUR KEYRINGS ASSORTED","15035","3242.18"
"22792","FLUTED ANTIQUE CANDLE HOLDER","3489","3241.13"
"22733","3D TRADITIONAL CHRISTMAS STICKERS","2461","3238.49"
"18098C","PORCELAIN BUTTERFLY OIL BURNER","1223","3231.13"
"23051","RECYCLED ACAPULCO MAT BLUE","365","3223.49"
"20992","JAZZ HEARTS PURSE NOTEBOOK","6151","3220.40"
"23230","WRAP ALPHABET DESIGN","7976","3217.92"
"21732","RED HANGING METAL STAR TLIGHT HLDR","925","3214.57"
"21473","SWEETHEART CREAM STEEL TABLE RECT","157","3212.16"
"22194","BLACK DINER WALL CLOCK","373","3212.10"
"84837","WHITE SWEETHEARTS CABINET 4 DRAWERS","251","3210.04"
"79323GR","GREEN CHERRY LIGHTS","532","3209.36"
"23393","HOME SWEET HOME CUSHION COVER","801","3207.91"
"84596F","SMALL MARSHMALLOWS PINK BOWL","4720","3196.43"
"79164","BLACK WINE GLASS","3653","3196.01"
"21986","PACK OF 12 PINK SPOT TISSUES","8317","3194.19"
"21333","CLASSIC WHITE FRAME","1057","3192.09"
"21111","SWISS ROLL TOWEL, CHOCOLATE  SPOTS","1379","3187.16"
"21830","ASSORTED CREEPY CRAWLIES","7658","3185.60"
"21628","TRIANGULAR POUFFE VINTAGE","164","3185.28"
"21584","RETRO SPOT SMALL TUBE MATCHES","2005","3183.45"
"22503","CABIN BAG VINTAGE PAISLEY","141","3178.02"
"84968C","S/16 VINTAGE PISTACHIO CUTLERY","262","3177.30"
"21557","SET OF 6 FUNKY BEAKERS","932","3169.39"
"22863","SOAP DISH BROCANTE","1107","3166.61"
"21936","RED/WHITE SPOT PICNIC BAG","1125","3164.59"
"21949","SET OF 6 STRAWBERRY CHOPSTICKS","2598","3164.18"
"22965","3 TRADITIONAl BISCUIT CUTTERS  SET","1488","3162.64"
"23342","MINT DINER WALL CLOCK","371","3159.41"
"22702","BLACK AND WHITE CAT BOWL","1589","3156.32"
"82494l","WOODEN FRAME ANTIQUE WHITE","378","3155.93"
"22700","BLACK AND WHITE DOG BOWL","1384","3155.40"
"84944","SET OF 6 KASHMIR FOLKART BAUBLES","1135","3153.88"
"21519","GIN & TONIC DIET GREETING CARD","7356","3149.93"
"23035","DRAWER KNOB CERAMIC IVORY","2155","3147.79"
"23323","WHITE WICKER STAR","1469","3146.78"
"22313","OFFICE MUG WARMER PINK","985","3146.07"
"21705","BAG 500g SWIRLY MARBLES","2534","3145.71"
"21239","PINK  SPOTTY CUP","3684","3145.49"
"21500","PINK SPOTS  WRAP","7825","3144.50"
"22773","GREEN DRAWER KNOB ACRYLIC EDWARDIAN","2368","3141.11"
"22325","MOBILE VINTAGE HEARTS","699","3139.99"
"21820","GLITTER HEART GARLAND WITH BELLS","795","3132.39"
"82578","KITCHEN METAL SIGN","5595","3129.24"
"22095","LADS ONLY TISSUE BOX","2978","3123.03"
"23346","SPACEBOY BEAKER","2628","3112.34"
"21352","EUCALYPTUS & PINECONE  WREATH","880","3110.28"
"21272","SALLE DE BAIN HOOK","2348","3109.83"
"22406","MONEY BOX KINGS CHOICE DESIGN","2451","3104.35"
"22891","TEA FOR ONE POLKADOT","644","3103.70"
"22177","5 HOOK BLACKBOARD ORGANISER","325","3101.46"
"22972","CHILDREN'S SPACEBOY MUG","1810","3100.94"
"47504K","ENGLISH ROSE GARDEN SECATEURS","2654","3096.08"
"22572","ROCKING HORSE GREEN CHRISTMAS","3439","3087.18"
"20956","PORCELAIN T-LIGHT HOLDERS ASSORTED","2338","3083.82"
"79072","TEATIME CAKE TIN WITH HANDLE","284","3083.20"
"21707","FOLDING UMBRELLA , BLACK/BLUE  SPOT","775","3077.01"
"84279B","CHERRY BLOSSOM DECORATIVE FLASK","808","3076.92"
"21765","HANGING METAL BIRD BATH","371","3076.39"
"22347","PIZZA SLICE DISH","2680","3074.18"
"23188","VINTAGE  2 METER FOLDING RULER","1844","3073.72"
"22372","AIRLINE BAG VINTAGE WORLD CHAMPION","604","3073.43"
"22154","ANGEL DECORATION 3 BUTTONS","7114","3073.32"
"84912B","GREEN ROSE WASHBAG","1125","3072.64"
"22473","TV DINNER TRAY VINTAGE PAISLEY","811","3070.92"
"22757","LARGE RED BABUSHKA NOTEBOOK","2696","3070.18"
"21206","STRAWBERRY HONEYCOMB  GARLAND","2155","3067.90"
"21537","RED RETROSPOT PUDDING BOWL","711","3065.45"
"22963","JAM JAR WITH GREEN LID","3670","3060.43"
"20985","HEART CALCULATOR","2370","3047.99"
"84969","BOX OF 6 ASSORTED COLOUR TEASPOONS","701","3047.91"
"21408","SPOTTY PINK DUCK DOORSTOP","703","3045.31"
"22754","SMALL RED BABUSHKA NOTEBOOK","3924","3044.86"
"23461","SWEETHEART BIRD HOUSE","847","3041.21"
"23329","DECORATIVE WICKER HEART LARGE","1767","3038.19"
"22208","WOOD STAMP SET THANK YOU","2366","3036.95"
"22037","ROBOT BIRTHDAY CARD","7054","3035.70"
"21588","RETRO SPOT GIANT  TUBE MATCHES","1295","3034.95"
"15044C","PURPLE PAPER PARASOL","967","3027.26"
"23242","TREASURE TIN BUFFALO BILL","1470","3024.63"
"23237","SET OF 4 KNICK KNACK TINS LEAF","747","3020.61"
"22067","CHOC TRUFFLE GOLD TRINKET POT","1855","3019.32"
"21626","VINTAGE UNION JACK PENNANT","1496","3017.07"
"22349","DOG BOWL , CHASING BALL DESIGN","754","3014.30"
"22402","MAGNETS PACK OF 4 VINTAGE COLLAGE","3431","3012.78"
"22202","MILK PAN PINK RETROSPOT","743","3011.24"
"22805","BLUE DRAWER KNOB ACRYLIC EDWARDIAN","2207","3008.82"
"23236","DOILEY STORAGE TIN","1094","3004.46"
"22712","CARD DOLLY GIRL","7295","3002.42"
"22755","SMALL PURPLE BABUSHKA NOTEBOOK","3776","2997.63"
"84912A","PINK ROSE WASHBAG","1094","2996.44"
"23390","DOLLY GIRL MINI BACKPACK","739","2992.39"
"22132","RED LOVE HEART SHAPE CUP","3345","2989.81"
"22925","BLUE GIANT GARDEN THERMOMETER","488","2989.52"
"21507","ELEPHANT, BIRTHDAY CARD,","7113","2980.63"
"21354","TOAST ITS - BEST MUM","2476","2979.46"
"22375","AIRLINE BAG VINTAGE JET SET BROWN","590","2969.29"
"22519","CHILDS GARDEN BRUSH PINK","1425","2968.77"
"21706","FOLDING UMBRELLA , RED/WHITE SPOT","916","2962.82"
"22905","CALENDAR IN SEASON DESIGN","1077","2957.17"
"22674","FRENCH TOILET SIGN BLUE METAL","2377","2956.33"
"22664","TOY TIDY DOLLY GIRL DESIGN","1429","2954.19"
"22816","CARD MOTORBIKE SANTA","6856","2950.93"
"22927","GREEN GIANT GARDEN THERMOMETER","468","2948.57"
"23211","RED ROCKING HORSE HAND PAINTED","2329","2930.57"
"22071","SMALL WHITE RETROSPOT MUG IN BOX","1147","2929.75"
"22277","COSMETIC BAG VINTAGE ROSE PAISLEY","1400","2927.49"
"85049D","BRIGHT BLUES RIBBONS","2330","2922.96"
"21948","SET OF 6 CAKE CHOPSTICKS","2293","2921.36"
"21214","SET OF 72 IVORY PAPER DOILIES","2006","2920.82"
"22990","COTTON APRON PANTRY DESIGN","633","2917.43"
"22200","FRYING PAN PINK POLKADOT","650","2904.26"
"21592","RETROSPOT CIGAR BOX MATCHES","2772","2900.46"
"22518","CHILDS GARDEN BRUSH BLUE","1398","2899.80"
"23290","SPACEBOY CHILDRENS BOWL","2430","2890.35"
"22184","CAKE STAND VICTORIAN FILIGREE LARGE","389","2887.07"
"21584","RETROSPOT SMALL TUBE MATCHES","1764","2886.60"
"23345","DOLLY GIRL BEAKER","2451","2886.25"
"22955","36 FOIL STAR CAKE CASES","1448","2885.26"
"22811","SET OF 6 T-LIGHTS CACTI","1021","2884.13"
"23283","DOORMAT VINTAGE LEAVES DESIGN","430","2881.18"
"23056","FLOWERS CHANDELIER T-LIGHT HOLDER","960","2879.37"
"21240","BLUE  SPOTTY CUP","3390","2877.47"
"21465","PINK FLOWER CROCHET FOOD COVER","793","2875.64"
"21821","GLITTER STAR GARLAND WITH BELLS","713","2866.60"
"22072","TEA CUP AND SAUCER RETRO SPOT","700","2866.34"
"22480","RED TEA TOWEL CLASSIC DESIGN","2368","2863.06"
"21424","WOODLAND STORAGE BOX LARGE","955","2861.64"
"23427","STOOL HOME SWEET HOME","237","2860.58"
"22073","RETRO SPOT STORAGE JAR","729","2853.29"
"22581","WOOD STOCKING CHRISTMAS SCANDISPOT","3565","2852.63"
"23504","PLAYING CARDS JUBILEE UNION JACK","1927","2848.89"
"22930","BAKING MOULD HEART MILK CHOCOLATE","1108","2846.80"
"22200","FRYING PAN PINK POLKADOT","639","2846.69"
"23212","HEART WREATH DECORATION WITH BELL","2284","2845.89"
"21324","HANGING MEDINA LANTERN SMALL","1014","2845.71"
"21688","SILVER PLATE CANDLE BOWL SMALL","912","2845.65"
"22080","RIBBON REEL POLKADOTS","1676","2843.86"
"22449","SILK PURSE BABUSHKA PINK","863","2843.83"
"21439","BASKET OF TOADSTOOLS","2259","2837.54"
"22576","SWALLOW WOODEN CHRISTMAS DECORATION","3132","2835.08"
"22285","DECORATION HEN ON NEST, HANGING","1877","2829.19"
"22731","3D CHRISTMAS STAMPS STICKERS","2018","2828.62"
"22710","WRAP I LOVE LONDON","7184","2821.28"
"22217","T-LIGHT HOLDER HANGING LACE","2374","2814.81"
"22671","FRENCH LAUNDRY SIGN BLUE METAL","1688","2811.34"
"21508","VINTAGE KID DOLLY CARD","6716","2808.62"
"35001W","HAND OPEN SHAPE DECO.WHITE","883","2806.69"
"22452","MEASURING TAPE BABUSHKA PINK","1089","2806.40"
"84909A","PINK PAISLEY QUILT","209","2797.55"
"22974","CHILDRENS DOLLY GIRL MUG","1636","2795.81"
"22696","WICKER WREATH LARGE","1415","2790.83"
"21360","JOY LARGE WOOD LETTERS","441","2790.41"
"22101","MIRROR MOSAIC VOTIVE HOLDER","1909","2790.27"
"85199S","SMALL HANGING IVORY/RED WOOD BIRD","6022","2789.28"
"22949","36 DOILIES DOLLY GIRL","1965","2788.53"
"84519A","TOMATO CHARLIE+LOLA COASTER SET","1200","2788.45"
"21796","SET OF 3 RED STRIPE BASKETS","324","2782.19"
"21728","METAL MEDINA LANTERN","298","2773.11"
"21188","3D HEARTS  HONEYCOMB PAPER GARLAND","912","2771.34"
"21682","LARGE MEDINA STAMPED METAL BOWL","559","2767.59"
"85132B","CHARLIE AND LOLA TABLE TINS","919","2767.53"
"22365","DOOR MAT RESPECTABLE HOUSE","379","2765.69"
"22242","5 HOOK HANGER MAGIC TOADSTOOL","1774","2763.96"
"23190","BUNDLE OF 3 SCHOOL EXERCISE BOOKS","1702","2761.90"
"22081","RIBBON REEL FLORA + FAUNA","1559","2761.04"
"21683","MEDIUM MEDINA STAMPED METAL BOWL","936","2757.47"
"23542","WALL ART 70'S ALPHABET","356","2757.06"
"22675","FRENCH KITCHEN SIGN BLUE METAL","2227","2754.95"
"15058C","ICE CREAM DESIGN GARDEN PARASOL","470","2753.72"
"22145","CHRISTMAS CRAFT HEART STOCKING","1306","2752.66"
"84795C","OCEAN STRIPE HAMMOCK","325","2752.59"
"23147","SINGLE ANTIQUE ROSE HOOK IVORY","1868","2752.20"
"51014C","FEATHER PEN,COAL BLACK","4268","2751.50"
"85015","SET OF 12  VINTAGE POSTCARD SET","2908","2750.00"
"22315","200 RED + WHITE BENDY STRAWS","2136","2749.51"
"22525","CHILDRENS GARDEN GLOVES PINK","1946","2748.79"
"23266","SET OF 3 WOODEN STOCKING DECORATION","2053","2743.82"
"23341","PINK DINER WALL CLOCK","307","2741.35"
"22482","BLUE TEA TOWEL CLASSIC DESIGN","2319","2739.43"
"23100","SILVER BELLS TABLE DECORATION","2166","2739.38"
"22161","HEART DECORATION RUSTIC HANGING","6726","2738.28"
"85183B","CHARLIE & LOLA WASTEPAPER BIN FLORA","1725","2731.76"
"22066","LOVE HEART TRINKET POT","3435","2729.16"
"21788","KIDS RAIN MAC BLUE","3375","2725.09"
"22167","OVAL WALL MIRROR DIAMANTE","265","2724.42"
"16161U","WRAP SUKI AND FRIENDS","6676","2721.92"
"22651","GENTLEMAN SHIRT REPAIR KIT","3175","2720.86"
"22818","CARD CHRISTMAS VILLAGE","6290","2720.86"
"22914","BLUE COAT RACK PARIS FASHION","570","2720.66"
"23164","REGENCY CAKE SLICE","578","2718.65"
"22650","CERAMIC PIRATE CHEST MONEY BANK","1786","2717.88"
"21808","CHRISTMAS GARLAND STARS,TREES","1001","2715.53"
"47480","HANGING PHOTO CLIP ROPE LADDER","1638","2713.98"
"22524","CHILDRENS GARDEN GLOVES BLUE","1925","2713.23"
"22231","JIGSAW TREE WITH BIRDHOUSE","2135","2712.48"
"21096","SET/6 FRUIT SALAD  PAPER PLATES","15919","2711.71"
"23407","SET OF 2 TRAYS HOME SWEET HOME","265","2709.43"
"47503J","SET/3 FLORAL GARDEN TOOLS IN BAG","343","2703.25"
"21744","SNOWFLAKE PORTABLE TABLE LIGHT","898","2697.16"
"23333","IVORY WICKER HEART MEDIUM","2089","2695.45"
"22667","RECIPE BOX RETRO SPOT DESIGN","959","2694.65"
"85035C","ROSE 3 WICK MORRIS BOX CANDLE","1356","2693.85"
"21224","SET/4 SKULL BADGES","2171","2691.91"
"22479","DAISY GARDEN MARKER","1939","2691.19"
"23264","SET OF 3 WOODEN SLEIGH DECORATIONS","1963","2690.81"
"22436","12 COLOURED PARTY BALLOONS","4215","2687.05"
"21204","DAISIES  HONEYCOMB GARLAND","1608","2682.99"
"22495","SET OF 2 ROUND TINS CAMEMBERT","940","2682.32"
"90057","DIAMANTE RING ASSORTED IN BOX.","1804","2675.88"
"22155","STAR DECORATION RUSTIC","5925","2671.81"
"21980","PACK OF 12 RED RETROSPOT TISSUES","8616","2668.33"
"22028","PENNY FARTHING BIRTHDAY CARD","6344","2665.13"
"21923","RED/CREAM STRIPE FRINGE HAMMOCK","337","2662.64"
"21109","LARGE CAKE TOWEL CHOCOLATE SPOTS","925","2661.67"
"85049B","LUSH GREENS RIBBONS","2126","2653.30"
"21693","SMALL HAMMERED SILVER CANDLEPOT","871","2648.62"
"22500","SET OF 2 TINS JARDIN DE PROVENCE","580","2647.31"
"21742","LARGE ROUND WICKER PLATTER","437","2647.28"
"23146","TRIPLE HOOK ANTIQUE IVORY ROSE","798","2645.26"
"22152","PLACE SETTING WHITE STAR","6241","2642.28"
"79320","FLAMINGO LIGHTS","548","2642.20"
"21897","POTTING SHED CANDLE CITRONELLA","866","2641.36"
"82600","N0 SINGING METAL SIGN","1225","2639.42"
"22270","HAPPY EASTER HANGING DECORATION","685","2638.67"
"84754","S/15 SILVER GLASS BAUBLES IN BAG","2083","2634.59"
"85049F","BABY BOOM RIBBONS","2110","2634.00"
"22146","EASTER CRAFT IVY WREATH WITH CHICK","1413","2633.13"
"22376","AIRLINE BAG VINTAGE JET SET WHITE","529","2632.18"
"84012","MAGIC SHEEP WOOL GROWING FROM PAPER","1838","2628.47"
"21422","PORCELAIN ROSE SMALL","3160","2619.17"
"22758","LARGE PURPLE BABUSHKA NOTEBOOK","2437","2618.35"
"84849D","HOT BATHS SOAP HOLDER","1558","2618.27"
"22713","CARD I LOVE LONDON","6084","2616.12"
"72800E","4 IVORY DINNER CANDLES SILVER FLOCK","1388","2613.82"
"22046","TEA PARTY  WRAPPING PAPER","6375","2613.50"
"47585A","PINK FAIRY CAKE CUSHION COVER","1084","2612.88"
"85034B","3 WHITE CHOC MORRIS BOXED CANDLES","1183","2606.64"
"85227","SET OF 6 3D KIT CARDS FOR KIDS","2848","2605.75"
"23054","RECYCLED ACAPULCO MAT LAVENDER","295","2604.93"
"85034C","3 ROSE MORRIS BOXED CANDLES","1314","2604.15"
"23196","VINTAGE LEAF MAGNETIC NOTEPAD","1707","2601.15"
"72799E","IVORY PILLAR CANDLE SILVER FLOCK","1232","2600.64"
"37502","TEA TIME MUG IN GIFT BOX","868","2599.79"
"22439","6 ROCKET BALLOONS","3891","2599.01"
"22190","LOCAL CAFE MUG","1400","2591.67"
"90062","CARNIVAL BRACELET","204","2591.42"
"22199","FRYING PAN RED RETROSPOT","617","2590.21"
"22933","BAKING MOULD EASTER EGG MILK CHOC","940","2585.92"
"84968E","S/16 VINTAGE BLACK CUTLERY","225","2585.45"
"21589","SWALLOW GIANT TUBE MATCHES","1119","2583.45"
"21171","BATHROOM METAL SIGN","1845","2578.27"
"21642","ASSORTED TUTTI FRUTTI PEN","4413","2575.18"
"23534","STOP FOR TEA WALL ART","518","2572.70"
"82597","BOMBS AWAY METAL SIGN","1210","2569.66"
"22471","TV DINNER TRAY AIR HOSTESS","627","2568.76"
"21653","GLASS ETCHED T-LIGHT HOLDER LARGE","1246","2565.67"
"22828","REGENCY MIRROR WITH SHUTTERS","17","2565.00"
"23292","SPACEBOY CHILDRENS CUP","2050","2557.57"
"21288","STRIPEY CHOCOLATE NESTING BOXES","982","2557.47"
"22939","APRON APPLE DELIGHT","516","2556.66"
"21499","BLUE SPOTS  WRAP","6350","2555.00"
"20960","WATERMELON BATH SPONGE","1900","2550.84"
"22735","RIBBON REEL SOCKS AND MITTENS","1434","2541.38"
"85035B","CHOCOLATE 3 WICK MORRIS BOX CANDLE","986","2539.29"
"21898","POTTING SHED ROSE CANDLE","827","2538.81"
"23131","MISTLETOE HEART WREATH CREAM","624","2535.48"
"20787","BLUE RETRO BAR STOOL","69","2535.10"
"22197","POPCORN HOLDER , SMALL","3189","2531.64"
"21203","BUTTERFLIES  HONEYCOMB GARLAND","1539","2527.00"
"23681","LUNCH BAG RED VINTAGE DOILY","1576","2525.04"
"22451","SILK PURSE BABUSHKA RED","734","2521.72"
"22342","HOME GARLAND PAINTED ZINC","1817","2521.25"
"22350","CAT BOWL","946","2521.24"
"22415","WHITE TISSUE REAM","317","2520.15"
"21792","CLASSIC FRENCH STYLE BASKET GREEN","494","2517.88"
"21431","GREEN GINGHAM FLOWER JEWELLERY BOX","1483","2511.36"
"84968A","S/16 VINTAGE ROSE CUTLERY","190","2511.24"
"23424","GINGHAM RECIPE BOOK BOX","462","2509.62"
"21323","HANGING MEDINA LANTERN LARGE","740","2506.89"
"22937","BAKING MOULD CHOCOLATE CUPCAKES","948","2502.04"
"23316","RED REFECTORY CLOCK","250","2501.64"
"22291","SPRING DEC , HANGING CHICK CREAM","1900","2499.58"
"82567","AIRLINE LOUNGE,METAL SIGN","1207","2498.98"
"85054","FRENCH ENAMEL POT W LID","916","2495.02"
"23367","SET 12 COLOUR PENCILS SPACEBOY","3278","2491.20"
"85041","SET/4 PINK ORCHID CANDLES IN BOWL","1853","2489.87"
"21924","BLUE/CREAM STRIPE FRINGE HAMMOCK","315","2486.66"
"22091","EMPIRE TISSUE BOX","3179","2485.86"
"21680","WOODLAND  STICKERS","2858","2483.68"
"84968F","SET OF 16 VINTAGE SKY BLUE CUTLERY","214","2479.35"
"85206B","PINK FELT EASTER EGG BASKET","1538","2477.30"
"22742","MAKE YOUR OWN PLAYTIME CARD KIT","1002","2475.30"
"22129","PARTY CONES CANDY TREE DECORATION","2792","2473.16"
"22153","ANGEL DECORATION STARS ON DRESS","5705","2469.16"
"21686","MEDINA STAMPED METAL STOOL","65","2460.14"
"23352","ROLL WRAP 50'S RED CHRISTMAS","1800","2459.20"
"22829","SWEETHEART WIRE WALL TIDY","240","2458.62"
"21616","4 PEAR BOTANICAL DINNER CANDLES","1152","2458.58"
"20668","DISCO BALL CHRISTMAS DECORATION","20951","2454.88"
"22911","PAPER CHAIN KIT LONDON","853","2454.35"
"21330","WOODLAND ANIMAL  WRITING SET","1452","2454.07"
"21747","SMALL SKULL WINDMILL","2049","2452.35"
"21823","PAINTED METAL HEART WITH HOLLY BELL","2468","2447.72"
"23489","VINTAGE BELLS GARLAND","821","2443.35"
"21789","KIDS RAIN MAC PINK","2920","2437.07"
"84840","SWEETHEART CARRY-ALL BASKET","282","2430.82"
"22021","BLUE FELT EASTER EGG BASKET","1413","2430.31"
"21809","CHRISTMAS HANGING TREE WITH BELL","3015","2427.89"
"21462","NURSERY A,B,C PAINTED LETTERS","413","2425.41"
"23406","HOME SWEET HOME KEY HOLDER","456","2422.66"
"21274","EMBOSSED HEART 3 DRAWER SHELF","175","2420.69"
"21973","SET OF 36 MUSHROOM PAPER DOILIES","1670","2420.03"
"22613","PACK OF 20 SPACEBOY NAPKINS","3051","2419.76"
"21106","CREAM SLICE FLANNEL CHOCOLATE SPOT","790","2419.68"
"22789","T-LIGHT HOLDER SWEETHEART HANGING","1238","2419.54"
"22609","PENS ASSORTED SPACEBALL","7087","2414.54"
"22362","GLASS JAR PEACOCK BATH SALTS","747","2410.53"
"22540","MINI JIGSAW CIRCUS PARADE","6162","2410.29"
"22897","OVEN MITT APPLES DESIGN","1613","2409.75"
"23400","SHELF WITH 4 HOOKS HOME SWEET HOME","461","2409.34"
"23265","SET OF 3 WOODEN TREE DECORATIONS","1769","2404.79"
"85059","FRENCH ENAMEL WATER BASIN","701","2399.89"
"85036A","GARDENIA 1 WICK MORRIS BOXED CANDLE","619","2389.21"
"20674","GREEN POLKADOT BOWL","1848","2385.08"
"84818","DANISH ROSE PHOTO FRAME","1788","2382.25"
"21531","RETRO SPOT SUGAR JAM BOWL","921","2382.24"
"84795B","SUNSET CHECK HAMMOCK","298","2379.09"
"21811","HANGING HEART WITH BELL","4619","2374.80"
"10133","COLOURING PENCILS BROWN TUBE","3837","2373.26"
"47570","ENGLISH ROSE TABLE CLOTH","220","2373.01"
"23498","CLASSIC BICYCLE CLIPS","1640","2372.68"
"84997d","CHILDRENS CUTLERY POLKADOT PINK","285","2372.33"
"23535","BICYCLE SAFTEY WALL ART","458","2371.94"
"23048","SET OF 10 LANTERNS FAIRY LIGHT STAR","577","2368.37"
"21262","WHITE GOOSE FEATHER CHRISTMAS TREE","606","2366.02"
"85034A","3 GARDENIA MORRIS BOXED CANDLES","846","2364.82"
"21468","BUTTERFLY CROCHET FOOD COVER","669","2361.39"
"22537","MAGIC DRAWING SLATE DINOSAUR","5717","2360.43"
"21873","IF YOU CAN'T STAND THE HEAT MUG","2010","2360.01"
"23401","RUSTIC MIRROR WITH LACE HEART","459","2354.87"
"23412","HEART MIRROR ANTIQUE WHITE","358","2354.80"
"22421","LIPSTICK PEN FUSCHIA","4721","2351.86"
"21824","PAINTED METAL STAR WITH HOLLY BELLS","2782","2351.46"
"21437","24 HANGING EASTER EGGS FLORAL TUB","677","2350.92"
"21126","SET OF 6 GIRLS CELEBRATION CANDLES","2325","2349.22"
"22642","SET OF 4 NAPKIN CHARMS STARS","989","2348.47"
"23396","LE JARDIN BOTANIQUE CUSHION COVER","559","2345.00"
"85035A","GARDENIA 3 WICK MORRIS BOXED CANDLE","646","2344.90"
"23437","50'S CHRISTMAS GIFT BAG LARGE","1915","2343.63"
"84459B","YELLOW METAL CHICKEN HEART","1475","2341.77"
"84509F","SET OF 4 NEW ENGLAND PLACEMATS","2749","2336.10"
"ADJUST","Adjustment by john on 26/01/2010 16","20","2334.43"
"21826","EIGHT PIECE DINOSAUR SET","1800","2326.87"
"22251","BIRDHOUSE DECORATION MAGIC GARDEN","1871","2317.64"
"22306","SILVER MUG BONE CHINA TREE OF LIFE","1621","2316.20"
"21615","4 LAVENDER BOTANICAL DINNER CANDLES","1168","2308.67"
"23371","SET 36 COLOUR PENCILS SPACEBOY","1705","2304.78"
"22363","GLASS JAR MARMALADE","781","2303.39"
"21947","SET OF 6 HEART CHOPSTICKS","1675","2302.81"
"22983","CARD BILLBOARD FONT","5395","2300.21"
"71459","HANGING JAM JAR T-LIGHT HOLDERS","2813","2298.05"
"21482","MUSHROOM BLUE HOT WATER BOTTLE","740","2296.76"
"21741","COSY SLIPPER SHOES LARGE GREEN","701","2293.75"
"85176","SEWING SUSAN 21 NEEDLE SET","2748","2293.00"
"22566","FELTCRAFT HAIRBAND PINK AND PURPLE","2740","2292.22"
"84536A","ENGLISH ROSE NOTEBOOK A7 SIZE","5077","2289.73"
"84997b","CHILDRENS CUTLERY RETROSPOT RED","273","2287.37"
"23330","DECORATIVE WICKER HEART MEDIUM","1794","2286.97"
"21464","DISCO BALL ROTATOR BATTERY OPERATED","539","2286.75"
"22831","WHITE BROCANTE SOAP DISH","776","2286.28"
"85199L","LARGE HANGING IVORY & RED WOOD BIRD","3455","2285.02"
"23029","DRAWER KNOB CRACKLE GLAZE GREEN","1340","2284.12"
"20665","RED SPOTTY PURSE","736","2278.17"
"21655","HANGING RIDGE GLASS T-LIGHT HOLDER","1396","2277.50"
"85183A","CHARLIE & LOLA WASTEPAPER BIN BLUE","1512","2275.75"
"85107","CUT GLASS T-LIGHT HOLDER OCTAGON","1203","2274.79"
"85172","HYACINTH BULB T-LIGHT CANDLES","4271","2274.56"
"85106","CUT GLASS HEXAGON T-LIGHT HOLDER","1190","2271.24"
"85014C","BLUE/BROWN DOTS RUFFLED UMBRELLA","547","2270.73"
"22539","MINI JIGSAW DOLLY GIRL","5654","2268.13"
"85114C","RED ENCHANTED FOREST PLACEMAT","1179","2263.06"
"35001G","HAND OPEN SHAPE GOLD","715","2259.47"
"22133","PINK LOVE HEART SHAPE CUP","2464","2258.61"
"22024","RAINY LADIES BIRTHDAY CARD","5391","2257.00"
"22973","CHILDREN'S CIRCUS PARADE MUG","1325","2254.93"
"23197","SKETCHBOOK MAGNETIC SHOPPING LIST","1442","2253.70"
"21696","SMALL SILVER TRELLIS CANDLEPOT","749","2251.14"
"84469","ROSE DES PADDED FLOOR CUSHION","664","2249.41"
"21819","GLITTER CHRISTMAS STAR","3847","2247.14"
"21187","WHITE BELL HONEYCOMB PAPER GARLAND","1344","2243.78"
"21804","WHITE CHRISTMAS GARLAND STARS TREES","597","2240.99"
"85045","GREEN CHRISTMAS TREE STRING 20LIGHT","471","2239.34"
"23093","SMALL PARISIENNE HEART PHOTO FRAME","939","2239.24"
"20931","BLUE POT PLANT CANDLE","673","2238.07"
"22803","IVORY EMBROIDERED QUILT","59","2237.84"
"23326","HANGING MINI COLOURED BOTTLES","3442","2237.08"
"22163","HEART STRING MEMO HOLDER HANGING","1269","2235.12"
"22336","DOVE DECORATION PAINTED ZINC","4661","2234.96"
"21681","GIANT MEDINA STAMPED METAL BOWL","233","2234.81"
"16237","SLEEPING CAT ERASERS","10385","2233.15"
"23252","VINTAGE RED ENAMEL TRIM JUG","595","2231.61"
"22409","MONEY BOX BISCUITS DESIGN","1638","2230.46"
"84691","PACK 20 DOLLY PEGS","2747","2225.50"
"51014L","FEATHER PEN,LIGHT PINK","3445","2222.35"
"21638","ASSORTED TUTTI FRUTTI NOTEBOOK","1020","2220.94"
"21476","STEEL SWEETHEART ROUND TABLE CREAM","142","2219.51"
"23501","KEY RING BASEBALL BOOT UNION JACK","1821","2217.87"
"22074","6 RIBBONS SHIMMERING PINKS","2156","2216.34"
"84997c","CHILDRENS CUTLERY POLKADOT BLUE","265","2216.21"
"84913A","SOFT PINK ROSE TOWEL","608","2211.54"
"22716","CARD CIRCUS PARADE","5218","2211.41"
"21125","SET 6 FOOTBALL CELEBRATION CANDLES","2123","2211.38"
"22711","WRAP CIRCUS PARADE","5377","2210.34"
"23079","TOADSTOOL BEDSIDE LIGHT","249","2207.55"
"85116","BLACK CANDELABRA T-LIGHT HOLDER","1817","2206.24"
"17091J","VANILLA INCENSE IN TIN","3964","2204.35"
"23403","LETTER HOLDER HOME SWEET HOME","625","2204.11"
"22514","CHILDS GARDEN SPADE BLUE","1082","2202.92"
"21811","CHRISTMAS HANGING HEART WITH BELL","1721","2202.38"
"21651","HANGING GLASS ETCHED TEALIGHT","1361","2200.36"
"22920","HERB MARKER BASIL","3478","2199.19"
"20770","ABSTRACT CIRCLE JOURNAL","1045","2190.59"
"22227","HANGING HEART MIRROR DECORATION","3038","2183.17"
"23436","VINTAGE CHRISTMAS GIFT BAG LARGE","1831","2182.39"
"21611","SET OF 12 LILY BOTANICAL T-LIGHTS","750","2182.19"
"23302","KNEELING MAT HOUSEWORK  DESIGN","1536","2181.42"
"85039B","S/4 IVORY MINI ROSE CANDLE IN BOWL","1653","2178.52"
"22952","72 CAKE CASES VINTAGE CHRISTMAS","4346","2178.14"
"15056n","EDWARDIAN PARASOL NATURAL","173","2170.40"
"22292","SPRING DEC , HANGING CHICK  YELLOW","1640","2164.88"
"22948","METAL DECORATION NAUGHTY CHILDREN","2155","2164.69"
"23445","ICE CREAM BUBBLES","2668","2161.24"
"22227","DECORATION, HANGING HEART+MIRROR","2983","2161.00"
"22714","CARD BIRTHDAY COWBOY","5277","2157.91"
"22182","CAKE STAND VICTORIAN FILIGREE SMALL","561","2156.45"
"21245","GREEN  SPOTTY PLATE","1308","2155.17"
"85216","ASSORTED CAKES FRIDGE MAGNETS","2849","2154.22"
"22824","3 TIER SWEETHEART GARDEN SHELF","61","2153.95"
"22338","STAR DECORATION PAINTED ZINC","6087","2151.99"
"21246","RED SPOTTY BIG BOWL","423","2150.85"
"23161","REGENCY CAKE FORK","1715","2145.30"
"21421","PORCELAIN ROSE LARGE","1792","2144.48"
"21905","MORE BUTTER METAL SIGN","1615","2141.07"
"22708","WRAP DOLLY GIRL","5325","2140.50"
"22310","IVORY KNITTED MUG COSY","1142","2140.35"
"23028","DRAWER KNOB CRACKLE GLAZE BLUE","1207","2138.63"
"23213","STAR WREATH DECORATION WITH BELL","1682","2138.42"
"22454","MEASURING TAPE BABUSHKA RED","751","2137.21"
"21617","4 LILY  BOTANICAL DINNER CANDLES","834","2135.01"
"20764","ABSTRACT CIRCLES SKETCHBOOK","685","2134.76"
"22852","DOG BOWL VINTAGE CREAM","481","2132.63"
"23031","DRAWER KNOB CRACKLE GLAZE PINK","1266","2132.50"
"21232","STRAWBERRY CERAMIC TRINKET POT","1369","2131.22"
"21774","DECORATIVE CATS BATHROOM BOTTLE","1711","2129.81"
"22515","CHILDS GARDEN SPADE PINK","1046","2129.74"
"84670","JAPANESE CROCHETED ANIMAL","5196","2128.72"
"21643","ASSORTED TUTTI FRUTTI MIRROR","1521","2127.94"
"23005","TRAVEL CARD WALLET I LOVE LONDON","4733","2126.55"
"21195","PINK  HONEYCOMB PAPER BALL","997","2122.66"
"21359","RELAX LARGE WOOD LETTERS","208","2116.48"
"21709","FOLDING UMBRELLA  CHOC/WHITE  SPOT","533","2115.77"
"21245","GREEN POLKADOT PLATE","1259","2113.19"
"85099b","JUMBO BAG RED RETROSPOT","419","2111.64"
"23046","PAPER LANTERN 9 POINT DELUXE STAR","349","2111.49"
"85114A","BLACK ENCHANTED FOREST PLACEMAT","1270","2110.90"
"23232","WRAP VINTAGE LEAF DESIGN","5251","2109.42"
"22913","RED COAT RACK PARIS FASHION","450","2107.85"
"23233","WRAP POPPIES  DESIGN","5175","2105.50"
"22279","POCKET BAG BLUE PAISLEY RED SPOT","1440","2104.62"
"84676","BATH DUCK WATERING CAN","848","2102.46"
"40018F","CHERRY DESIGN PAPERLANTERNS","1092","2100.33"
"22996","TRAVEL CARD WALLET VINTAGE TICKET","4801","2094.93"
"23315","IVORY REFECTORY CLOCK","213","2094.24"
"23251","VINTAGE RED ENAMEL TRIM MUG","1700","2090.75"
"23438","RED SPOT GIFT BAG LARGE","1713","2089.92"
"22859","EASTER TIN BUNNY BOUQUET","1250","2085.75"
"21865","PINK UNION JACK  PASSPORT COVER","896","2085.64"
"22308","TEA COSY BLUE STRIPE","677","2085.05"
"21070","VINTAGE BILLBOARD MUG","2034","2083.46"
"72799F","IVORY PILLAR CANDLE GOLD FLOCK","1125","2082.74"
"23526","DOG LICENCE WALL ART","408","2081.64"
"23152","IVORY SWEETHEART WIRE LETTER RACK","554","2080.65"
"84854","GIRLY PINK TOOL SET","381","2079.47"
"22023","EMPIRE BIRTHDAY CARD","4975","2076.77"
"20983","12 PENCILS TALL TUBE RED SPOTTY","2358","2074.06"
"84796A","PINK HAWAIIAN PICNIC HAMPER FOR 2","284","2072.95"
"23536","VILLAGE SHOW WALL ART","386","2072.42"
"23370","SET 36 COLOURING PENCILS DOILY","1485","2070.35"
"22695","WICKER WREATH SMALL","1457","2070.15"
"23360","SET 8 CANDLES VINTAGE DOILY","1060","2070.10"
"23227","FILIGREE HEART BUTTERFLY WHITE","1642","2070.06"
"21619","4 VANILLA BOTANICAL CANDLES","1131","2069.02"
"22191","EAU DE NIL DINER WALL CLOCK","248","2067.20"
"85049H","URBAN BLACK RIBBONS","2066","2067.18"
"22935","BAKING MOULD ROSE MILK CHOCOLATE","690","2066.82"
"21200","MULTICOLOUR HONEYCOMB PAPER GARLAND","1421","2065.16"
"23020","GLASS  SONGBIRD STORAGE JAR","169","2065.14"
"21706","FOLDING UMBRELLA RED/WHITE POLKADOT","432","2063.39"
"84990","60 GOLD AND SILVER FAIRY CAKE CASES","4248","2062.19"
"23291","DOLLY GIRL CHILDRENS CUP","1634","2059.03"
"21077","SET/20 WOODLAND PAPER NAPKINS","2790","2058.10"
"21058","PARTY INVITES WOODLAND","2396","2055.59"
"22400","MAGNETS PACK OF 4 HOME SWEET HOME","2450","2049.56"
"21640","ASSORTED TUTTI FRUTTI  FOB NOTEBOOK","2225","2049.40"
"84968D","SET OF 16 VINTAGE RED CUTLERY","185","2043.95"
"84509B","SET OF 4 FAIRY CAKE PLACEMATS","542","2042.73"
"84459A","PINK METAL CHICKEN HEART","1263","2041.69"
"22928","YELLOW GIANT GARDEN THERMOMETER","296","2041.35"
"23500","KEY RING BASEBALL BOOT ASSORTED","1626","2038.33"
"85016","SET OF 6 VINTAGE NOTELETS KIT","1679","2033.33"
"23490","T-LIGHT HOLDER HANGING LOVE BIRD","542","2032.77"
"21348","PINK SPOTS CHOCOLATE NESTING BOXES","842","2030.84"
"22069","BROWN  PIRATE TREASURE CHEST","909","2026.41"
"21612","SET 12 WILDFLOWER BOTANICAL T-LIGHT","698","2025.77"
"22261","FELT EGG COSY WHITE RABBIT","2105","2024.35"
"22211","WOOD STAMP SET FLOWERS","1531","2022.35"
"22799","SWEETHEART WIRE FRUIT BOWL","253","2020.84"
"23268","SET OF 2 CERAMIC CHRISTMAS REINDEER","1447","2018.14"
"23543","KEEP CALM WALL ART","269","2015.97"
"21356","TOAST ITS - FAIRY FLOWER","1592","2014.16"
"23289","DOLLY GIRL CHILDRENS BOWL","1622","2013.70"
"22520","CHILDS GARDEN TROWEL BLUE","2294","2011.28"
"37476","CONDIMENT TRAY 4 BOWLS AND 4 SPOONS","209","2010.60"
"22853","CAT BOWL VINTAGE CREAM","581","2008.77"
"23358","HOT STUFF HOT WATER BOTTLE","594","2008.38"
"21389","IVORY HANGING DECORATION  BIRD","2299","2008.09"
"79323G","GOLD  CHERRY LIGHTS","314","2007.88"
"35953","FOLKART STAR CHRISTMAS DECORATIONS","3868","2007.22"
"23066","SMALL DECO JEWELLERY STAND","243","2005.81"
"21504","SKULLS GREETING CARD","4913","2005.02"
"23274","STAR T-LIGHT HOLDER WILLIE WINKIE","1180","2005.00"
"47591C","BLUE FAIRY CAKE CHILD'S APRON","1047","2004.63"
"21215","IVORY PAPER CUP CAKE CASES","3196","2003.72"
"20686","DOLLY MIXTURE CHILDREN'S UMBRELLA","590","2002.84"
"22496","SET OF 2 ROUND TINS DUTCH CHEESE","731","1996.09"
"22903","CALENDAR FAMILY FAVOURITES","725","1994.96"
"20703","BLUE PADDED SOFT MOBILE","471","1993.47"
"22521","CHILDS GARDEN TROWEL PINK","2288","1987.93"
"22932","BAKING MOULD TOFFEE CUP CHOCOLATE","878","1985.58"
"84872A","TEATIME FUNKY FLOWER BACKPACK FOR 2","177","1983.54"
"23357","HOT WATER BOTTLE SEX BOMB","450","1982.05"
"85217","ASSORTED ICE CREAM FRIDGE MAGNETS","2869","1981.85"
"22466","FAIRY TALE COTTAGE NIGHT LIGHT","976","1979.34"
"20665","RED RETROSPOT PURSE","599","1978.17"
"20871","OPULENT VELVET SET/3 CANDLES","1273","1978.05"
"22599","CHRISTMAS MUSICAL ZINC STAR","3119","1976.88"
"84828","JUNGLE POPSICLES ICE LOLLY HOLDERS","1543","1976.31"
"22451","SILK PURSE RUSSIAN DOLL RED","605","1975.27"
"21630","FLOOR CUSHION ELEPHANT CARNIVAL","162","1973.39"
"79160","HEART SHAPE WIRELESS DOORBELL","944","1973.07"
"17084R","ASSORTED INCENSE PACK","10625","1968.45"
"21657","MILK BOTTLE WITH GLASS STOPPER","257","1967.38"
"20674","GREEN SPOTTY BOWL","1564","1963.44"
"22405","MONEY BOX POCKET MONEY DESIGN","1618","1963.38"
"22931","BAKING MOULD HEART WHITE CHOCOLATE","813","1963.30"
"23374","RED SPOT PAPER GIFT BAG","2456","1962.83"
"22719","GUMBALL MONOCHROME COAT RACK","1447","1962.83"
"21082","SET/20 FRUIT SALAD PAPER NAPKINS","7183","1960.45"
"23228","FILIGREE HEART BIRD WHITE","1492","1960.00"
"20846","ZINC HEART LATTICE T-LIGHT HOLDER","1453","1956.81"
"23145","ZINC T-LIGHT HOLDER STAR LARGE","2060","1956.68"
"22614","PACK OF 12 SPACEBOY TISSUES","5726","1954.30"
"21695","SMALL SILVER FLOWER CANDLE POT","630","1952.18"
"22098","BOUDOIR SQUARE TISSUE BOX","2865","1952.04"
"22262","FELT EGG COSY CHICKEN","2026","1947.82"
"35971","ROSE FOLKART HEART DECORATIONS","1963","1947.74"
"20984","12 PENCILS TALL TUBE POSY","5867","1940.96"
"21803","CHRISTMAS TREE STAR DECORATION","4463","1938.96"
"46775D","SUNSET COLOUR CHUNKY KNITTED THROW","153","1938.19"
"22802","FAUX FUR CHOCOLATE THROW","110","1933.59"
"15058B","PINK POLKADOT GARDEN PARASOL","234","1932.97"
"21991","BOHEMIAN COLLAGE STATIONERY SET","1103","1927.54"
"23231","WRAP DOILEY DESIGN","4703","1927.26"
"20716","PARTY FOOD SHOPPER BAG","1533","1925.04"
"23094","LE GRAND TRAY CHIC SET","152","1924.92"
"21538","DAIRY MAID  PUDDING BOWL","1308","1924.51"
"21043","APRON MODERN VINTAGE COTTON","677","1921.03"
"84581","DOG TOY WITH PINK CROCHET SKIRT","506","1920.02"
"21802","CHRISTMAS TREE HEART DECORATION","4377","1917.20"
"22753","SMALL YELLOW BABUSHKA NOTEBOOK","2332","1915.21"
"21112","SWISS ROLL TOWEL PINK  SPOTS","706","1913.69"
"22291","HANGING CHICK CREAM DECORATION","1293","1913.35"
"22438","BALLOON ART MAKE YOUR OWN FLOWERS","1459","1913.22"
"22832","BROCANTE SHELF WITH HOOKS","173","1910.55"
"20684","STRAWBERRY DREAM CHILDS UMBRELLA","580","1910.06"
"21692","SILVER LATTICE VANILLA CANDLE POT","502","1906.62"
"22453","MEASURING TAPE BABUSHKA BLUE","698","1906.11"
"22522","CHILDS GARDEN FORK BLUE","2239","1905.81"
"85162B","BLACK RETRODISC LAMPSHADE","977","1905.15"
"84968E","SET OF 16 VINTAGE BLACK CUTLERY","162","1905.03"
"23155","KNICKERBOCKERGLORY MAGNET ASSORTED","2221","1904.77"
"84763","ZINC FINISH 15CM PLANTER POTS","1517","1903.00"
"21773","DECORATIVE ROSE BATHROOM BOTTLE","1642","1899.40"
"21647","ASSORTED TUTTI FRUTTI LARGE PURSE","848","1899.28"
"22210","WOOD STAMP SET BEST WISHES","1586","1898.42"
"23491","VINTAGE JINGLE BELLS HEART","228","1897.76"
"84519B","CARROT CHARLIE+LOLA COASTER SET","867","1895.37"
"22513","DOORSTOP FOOTBALL DESIGN","585","1894.70"
"16169E","WRAP 50'S  CHRISTMAS","4563","1892.46"
"23068","ALUMINIUM STAMPED HEART","779","1892.23"
"21659","GLASS CAKE STAND","120","1891.70"
"21581","SKULLS  DESIGN  COTTON TOTE BAG","1172","1890.74"
"21445","12 PINK ROSE PEG PLACE SETTINGS","1519","1887.23"
"22602","RETROSPOT WOODEN HEART DECORATION","2076","1886.28"
"23235","STORAGE TIN VINTAGE LEAF","712","1886.10"
"21540","DAIRY MAID BUTTER DISH","1209","1885.33"
"23128","FELTCRAFT BOY JEAN-PAUL KIT","366","1884.76"
"23434","3 RAFFIA RIBBONS 50'S CHRISTMAS","2095","1884.17"
"22523","CHILDS GARDEN FORK PINK","2183","1882.29"
"85231B","CINAMMON SET OF 9 T-LIGHTS","2054","1877.84"
"23394","POSTE FRANCE CUSHION COVER","435","1877.65"
"22858","EASTER TIN KEEPSAKE","1135","1877.34"
"84856S","SMALL TAHITI BEACH BAG","467","1877.21"
"21983","PACK OF 12 BLUE PAISLEY TISSUES","6118","1875.02"
"21085","SET/6 WOODLAND PAPER CUPS","13731","1872.68"
"22068","BLACK PIRATE TREASURE CHEST","1057","1871.34"
"21687","SILVER PLATE CANDLE BOWL LARGE","477","1871.23"
"16016","LARGE CHINESE STYLE SCISSOR","2314","1870.70"
"23090","VINTAGE GLASS T-LIGHT HOLDER","2237","1870.03"
"23075","PARLOUR CERAMIC WALL HOOK","450","1869.00"
"21091","SET/6 WOODLAND PAPER PLATES","13700","1868.70"
"21613","S/12 VANILLA  BOTANICAL T-LIGHTS","632","1861.45"
"21287","SCENTED VELVET LOUNGE CANDLE","4107","1860.00"
"21677","HEARTS  STICKERS","2125","1859.38"
"21841","BABY MOUSE RED GINGHAM DRESS","437","1857.47"
"20772","GARDEN PATH JOURNAL","970","1848.73"
"21547","CERAMIC BIRDHOUSE CRESTED TIT SMALL","719","1848.47"
"84797B","BLUE SAVANNAH PICNIC HAMPER FOR 4","323","1845.20"
"85162C","WHITE RETRODISC LAMPSHADE","904","1841.70"
"22565","FELTCRAFT HAIRBANDS PINK AND WHITE","2014","1840.99"
"23378","PACK OF 12 50'S CHRISTMAS TISSUES","3997","1840.08"
"21894","POTTING SHED SEED ENVELOPES","1320","1836.14"
"85103","SILVER T-LIGHT SETTING","274","1831.56"
"21357","TOAST ITS - DINOSAUR","1388","1827.76"
"22317","FIVE CATS HANGING DECORATION","587","1827.64"
"23109","LED TEA LIGHTS","634","1826.76"
"85173","SET/6 FROG PRINCE T-LIGHT CANDLES","1018","1826.07"
"85164B","BLACK BAROQUE CUCKOO CLOCK","140","1825.18"
"21618","4 WILDFLOWER BOTANICAL CANDLES","698","1823.74"
"84327A","PINK JUMPER LARRY THE LAMB","959","1820.27"
"21088","SET/6 FRUIT SALAD PAPER CUPS","16615","1816.73"
"22586","FELTCRAFT HAIRBAND PINK AND BLUE","2087","1815.14"
"21109","LARGE CAKE TOWEL, CHOCOLATE SPOTS","248","1814.82"
"21761","WOOD AND GLASS MEDICINE CABINET","65","1814.75"
"21123","SET/10 IVORY POLKADOT PARTY CANDLES","1490","1814.59"
"21384","IVORY HANGING DECORATION  BUTTERFLY","1917","1810.19"
"21161","KEEP OUT BOYS DOOR HANGER","2360","1806.05"
"22307","GOLD MUG BONE CHINA TREE OF LIFE","1199","1804.11"
"90167","BEADED LOVE HEART JEWELLERY SET","2197","1801.17"
"21280","VINTAGE KITCHEN PRINT VEGETABLES","3333","1800.44"
"22770","MIRROR CORNICE","112","1799.62"
"21039","RED SPOTTY SHOPPING BAG","686","1798.04"
"22454","MEASURING TAPE RUSSIAN DOLL RED","654","1796.42"
"23160","REGENCY TEA SPOON","1450","1794.48"
"21158","MOODY GIRL DOOR HANGER","2587","1792.66"
"22922","FRIDGE MAGNETS US DINER ASSORTED","2073","1789.20"
"22166","WALL MIRROR RECTANGLE DIAMANTE PINK","221","1781.97"
"84748","FOLK FELT HANGING MULTICOL GARLAND","1170","1781.12"
"20729","RED SPOTTY CANDY BAG","5262","1778.12"
"23317","BLUE REFECTORY CLOCK","173","1777.46"
"22254","FELT TOADSTOOL LARGE","1386","1777.21"
"21548","CERAMIC BIRDHOUSE FINCH BLUE ROOF","682","1776.12"
"23148","MINIATURE ANTIQUE ROSE HOOK IVORY","2091","1775.51"
"21241","GREEN SPOTTY CUP","2102","1774.72"
"79302M","ART LIGHTS,FUNK MONKEY","624","1774.18"
"84507B","STRIPES DESIGN MONKEY DOLL","1349","1764.03"
"22533","MAGIC DRAWING SLATE BAKE A CAKE","4471","1763.20"
"47566b","TEA TIME PARTY BUNTING","212","1761.26"
"22422","TOOTHPASTE TUBE PEN","2743","1760.94"
"22103","MIRROR MOSAIC T-LIGHT HOLDER ROUND","1746","1760.64"
"21163","DO NOT TOUCH MY STUFF DOOR HANGER","2800","1757.92"
"22209","WOOD STAMP SET HAPPY BIRTHDAY","1415","1753.94"
"23372","SET 36 COLOUR PENCILS DOLLY GIRL","1389","1750.29"
"21652","GLASS ETCHED T-LIGHT HOLDER MEDIUM","896","1747.94"
"84535B","FAIRY CAKES NOTEBOOK A6 SIZE","2686","1747.76"
"23359","SET OF 12 T-LIGHTS VINTAGE DOILY","929","1747.51"
"21205","MULTICOLOUR 3D BALLS GARLAND","669","1746.97"
"22166","WALL MIRROR , RECT DIAMANTE, PINK/","219","1746.78"
"21780","MA CAMPAGNE 4 DRAWER WALL SHELF","203","1745.85"
"85060","WOOD FAN WITH FLOWER DESIGN","1448","1745.62"
"23399","HOME SWEET HOME HANGING HEART","1914","1745.55"
"21000","ROSE DU SUD COSMETICS BAG","690","1744.98"
"21637","ASSORTED SANSKRIT MINI NOTEBOOK","1358","1741.72"
"20767","BLUE PAISLEY JOURNAL","812","1741.61"
"22535","MAGIC DRAWING SLATE BUNNIES","4166","1741.53"
"21760","FRENCH STYLE WALL DRESSER","15","1740.00"
"23101","SILVER STARS TABLE DECORATION","2031","1739.63"
"84006","MAGIC TREE -PAPER FLOWERS","1856","1738.07"
"23096","PETIT TRAY CHIC","1033","1736.69"
"21662","VINTAGE GLASS COFFEE CADDY","269","1735.05"
"23181","BULL DOG BOTTLE TOP WALL CLOCK","201","1733.57"
"79323S","SILVER CHERRY LIGHTS","274","1732.30"
"22035","VINTAGE CARAVAN GREETING CARD","4083","1731.24"
"84843","WHITE SOAP RACK WITH 2 BOTTLES","280","1731.06"
"84509G","SET OF 4 FAIRY CAKE PLACEMATS","720","1729.90"
"21620","SET OF 4 ROSE BOTANICAL CANDLES","960","1729.61"
"40001","WHITE BAMBOO RIBS LAMPSHADE","2251","1729.51"
"21090","SET/6 COLLAGE PAPER PLATES","3107","1729.09"
"21927","BLUE/CREAM STRIPE CUSHION COVER","1260","1728.24"
"23122","PARTY CHARMS 50 PIECES","2251","1726.09"
"22676","FRENCH BLUE METAL DOOR SIGN 1","1253","1722.31"
"85185B","PINK HORSE SOCK PUPPET","551","1719.56"
"22354","RETRO SPOT PADDED SEAT CUSHION","475","1718.93"
"21895","POTTING SHED SOW 'N' GROW SET","555","1718.63"
"22026","BANQUET BIRTHDAY  CARD","4029","1717.47"
"21281","VINTAGE KITCHEN PRINT SEAFOOD","3680","1716.80"
"10125","MINI FUNKY DESIGN TAPES","2103","1715.78"
"79320","FLAMINGO LIGHTS","356","1715.18"
"21275","ZINC TOP  2 DOOR WOODEN SHELF","249","1714.48"
"85127","SMALL SQUARE CUT GLASS CANDLESTICK","276","1710.67"
"22934","BAKING MOULD EASTER EGG WHITE CHOC","589","1707.47"
"23073","GEORGIAN TRINKET BOX","143","1706.50"
"20990","SPRING FLOWER CHOPSTICKS SET/5","895","1706.14"
"22516","CHILDS GARDEN RAKE BLUE","839","1700.60"
"22123","PING MICROWAVE APRON","655","1700.14"
"21189","WHITE HONEYCOMB PAPER GARLAND","797","1698.88"
"21394","RED POLKADOT BEAKER","3920","1698.88"
"22319","HAIRCLIPS FORTIES FABRIC ASSORTED","2987","1698.04"
"22286","DECORATION , WOBBLY RABBIT , METAL","1107","1696.29"
"22198","POPCORN HOLDER , LARGE","1008","1696.21"
"84795A","PASTEL STRIPE HAMMOCK","208","1696.02"
"22706","WRAP COWBOYS","4222","1693.24"
"21629","SQUARE FLOOR CUSHION VINTAGE RED","158","1690.90"
"21786","RAIN HAT WITH RED SPOTS","4457","1688.20"
"20996","JAZZ HEARTS ADDRESS BOOK","6311","1686.79"
"22587","FELTCRAFT HAIRBAND RED AND BLUE","1908","1686.51"
"21576","LETS GO SHOPPING COTTON TOTE BAG","732","1686.19"
"85221","ASSORTED COLOUR SILK COIN PURSE","3558","1685.46"
"70007","HI TEC ALPINE HAND WARMER","1306","1684.58"
"21251","DINOSAUR HEIGHT CHART STICKER SET","595","1683.93"
"22416","SET OF 36 DOILIES SPACEBOY DESIGN","1210","1682.57"
"22975","SPACEBOY CHILDRENS EGG CUP","1245","1679.66"
"23368","SET 12 COLOUR PENCILS DOLLY GIRL","2379","1679.55"
"46776F","WOVEN ROSE GARDEN CUSHION COVER","487","1675.73"
"72816","SET/3 CHRISTMAS DECOUPAGE CANDLES","1344","1671.52"
"23214","JINGLE BELL HEART ANTIQUE GOLD","777","1670.08"
"21446","12 RED ROSE PEG PLACE SETTINGS","1258","1669.83"
"15058A","BLUE POLKADOT GARDEN PARASOL","200","1668.49"
"22673","FRENCH GARDEN SIGN BLUE METAL","1320","1667.50"
"35809A","ENAMEL PINK TEA CONTAINER","1137","1666.78"
"21382","SET/4 SPRING FLOWER DECORATION","1238","1665.66"
"22804","PINK HANGING HEART T-LIGHT HOLDER","880","1664.16"
"21633","SUNFLOWER DECORATIVE PARASOL","175","1663.11"
"85039A","SET/4 RED MINI ROSE CANDLE IN BOWL","1448","1661.37"
"21162","TOXIC AREA  DOOR HANGER","2402","1655.88"
"20752","RETRO BLUE SPOTTY WASHING UP GLOVES","965","1655.74"
"21278","VINTAGE KITCHEN PRINT PUDDINGS","2758","1654.45"
"21294","ETCHED GLASS COASTER","2246","1653.75"
"23505","PLAYING CARDS I LOVE LONDON","1200","1651.29"
"23273","HEART T-LIGHT HOLDER WILLIE WINKIE","969","1649.05"
"21426","WOODLAND STORAGE BOX SMALL","1028","1647.07"
"23270","SET OF 2 CERAMIC PAINTED HEARTS","1174","1646.32"
"21332","MOROCCAN BEATEN METAL MIRROR","270","1644.17"
"21645","ASSORTED TUTTI FRUTTI ROUND BOX","969","1642.65"
"22025","RING OF ROSES BIRTHDAY CARD","3970","1641.64"
"21448","12 DAISY PEGS IN WOOD BOX","955","1640.17"
"21545","CERAMIC BIRDHOUSE BUTTERFLY SMALL","697","1640.12"
"37441","ASSORTED WHITE EMBOSSED CHINA MUGS","700","1639.80"
"22410","MONEY BOX HOUSEKEEPING DESIGN","1339","1637.46"
"85180A","RED HEARTS LIGHT CHAIN","629","1636.42"
"23483","HANGING  BUTTERFLY T-LIGHT HOLDER","1328","1636.36"
"21541","DINOSAURS WATER TRANSFER TATTOOS","1907","1636.24"
"23366","SET 12 COLOURING PENCILS DOILY","2200","1636.10"
"23348","CHILDRENS TOY COOKING UTENSIL SET","746","1633.81"
"35241","ENAMEL BLUE RIM BISCUIT BIN","309","1631.42"
"21593","SWALLOW CIGAR BOX MATCHES","1391","1629.31"
"21283","NATURAL BARK CANDLE SMALL","512","1629.20"
"85036C","ROSE 1 WICK MORRIS BOXED CANDLE","878","1629.02"
"21793","CLASSIC FRENCH STYLE BASKET BROWN","353","1627.36"
"21039","RED RETROSPOT SHOPPING BAG","627","1625.61"
"23391","I LOVE LONDON MINI BACKPACK","388","1624.02"
"84619","BLUE GINGHAM ROSE QUILT","72","1622.96"
"21837","CROSS STITCH ALPHABET CUSHION COVER","244","1622.64"
"21279","VINTAGE KITCHEN PRINT FRUITS","3527","1621.83"
"72817","SET OF 2 CHRISTMAS DECOUPAGE CANDLE","1513","1621.28"
"84997b","RED 3 PIECE RETROSPOT CUTLERY SET","192","1621.02"
"85131A","BEADED PEARL HEART WHITE ON STICK","2025","1619.23"
"22559","SEASIDE FLYING DISC","1275","1616.33"
"21656","RIDGED GLASS POSY VASE","985","1614.54"
"23217","LAUREL HEART ANTIQUE SILVER","1309","1613.82"
"48195","DOOR MAT GREEN PAISLEY","268","1613.56"
"22292","HANGING CHICK  YELLOW DECORATION","1139","1608.86"
"35810A","ENAMEL PINK COFFEE CONTAINER","1205","1604.74"
"82615","PINK MARSHMALLOW SCARF KNITTING KIT","582","1603.97"
"23287","RED VINTAGE SPOT BEAKER","1879","1603.39"
"21542","WOODLAND WATER TRANSFER TATTOOS","1877","1600.75"
"20802","SMALL GLASS SUNDAE DISH CLEAR","1051","1596.81"
"23226","FILIGREE HEART DAISY WHITE","1247","1596.67"
"22260","FELT EGG COSY BLUE RABBIT","1557","1594.77"
"23244","ROUND STORAGE TIN VINTAGE LEAF","864","1593.58"
"84913B","MINT GREEN ROSE TOWEL","420","1593.29"
"21694","SMALL REGAL  SILVER CANDLEPOT","556","1593.16"
"21986","PACK OF 12 PINK POLKADOT TISSUES","5159","1591.94"
"35471D","SET OF 3 BIRD LIGHT PINK FEATHER","2241","1591.86"
"35160","BUDDHA INCENSE HOLDER ASSORTED","2180","1590.64"
"21383","PACK OF 12 STICKY BUNNIES","2204","1590.43"
"22106","MIRROR MOSAIC HURRICANE LAMP","509","1589.98"
"22517","CHILDS GARDEN RAKE PINK","806","1589.41"
"22597","CHRISTMAS MUSICAL ZINC HEART","1850","1586.49"
"22099","CARAVAN SQUARE TISSUE BOX","2123","1585.46"
"85170A","SET/6 IVORY BIRD T-LIGHT CANDLES","848","1585.06"
"23369","SET 36 COLOUR PENCILS LOVE LONDON","1105","1581.06"
"85222","ASSORTED COLOUR SILK COSMETIC PURSE","1406","1579.68"
"21123","SET/10 IVORY SPOTTY PARTY CANDLES","1261","1578.47"
"37342","POLKADOT COFFEE CUP & SAUCER PINK","1589","1577.62"
"21675","BUTTERFLIES STICKERS","1782","1576.84"
"22608","PENS ASSORTED FUNKY JEWELED","5735","1573.81"
"21631","HIPPY CHIC DECORATIVE PARASOL","221","1571.75"
"21092","SET/6 STRAWBERRY PAPER PLATES","12846","1571.50"
"22705","WRAP GREEN PEARS","3733","1567.86"
"23462","ROCOCO WALL MIRROR WHITE","78","1567.14"
"15059A","ENGLISH ROSE EDWARDIAN PARASOL","509","1567.00"
"79323B","BLACK CHERRY LIGHTS","242","1565.70"
"21550","CERAMIC BIRDHOUSE CRESTED TIT LARGE","295","1565.51"
"21867","PINK UNION JACK  LUGGAGE TAG","1144","1562.87"
"21925","UNION STRIPE CUSHION COVER","1201","1562.33"
"84536B","FAIRY CAKES NOTEBOOK A7 SIZE","3504","1561.49"
"21579","LOLITA  DESIGN  COTTON TOTE BAG","1029","1560.85"
"21972","SET OF 36 DINOSAUR PAPER DOILIES","1055","1560.82"
"85194L","HANGING SPRING FLOWER EGG LARGE","1818","1560.63"
"21276","TWO EMBOSSED HEART MINI DRAWERS","677","1558.94"
"84789","ENCHANTED BIRD PLANT CAGE","445","1558.39"
"72803A","ROSE SCENT CANDLE JEWELLED DRAWER","724","1553.50"
"22450","SILK PURSE BABUSHKA BLUE","459","1552.35"
"21710","FOLDING UMBRELLA  PINK/WHITE  SPOT","584","1549.34"
"21289","LARGE STRIPES CHOCOLATE GIFT BAG","1413","1549.31"
"20766","GARDEN PATH SKETCHBOOK","518","1548.47"
"84919","BLUE CUSHION COVER WITH FLOWER","283","1545.53"
"16033","MINI HIGHLIGHTER PENS","15121","1544.52"
"22982","PANTRY PASTRY BRUSH","1154","1543.77"
"21610","SET 12 PEAR BOTANICAL T-LIGHTS","542","1543.67"
"75131","METAL TUBE CHIME ON BAMBOO","1217","1543.03"
"22343","PARTY PIZZA DISH RED RETROSPOT","2797","1541.47"
"20735","BLACK MINI TAPE MEASURE","1515","1540.29"
"84795D","SEASIDE STRIPE HAMMOCK","189","1538.79"
"21246","RED RETROSPOT BIG BOWL","326","1534.78"
"20768","GREEN FERN JOURNAL","767","1534.19"
"23267","SET OF 4 SANTA PLACE SETTINGS","1202","1531.95"
"72008","FROSTED BOX 9 WHITE T-LIGHT CANDLES","3819","1531.40"
"20986","BLUE CALCULATOR RULER","1217","1530.95"
"22449","SILK PURSE RUSSIAN DOLL PINK","460","1530.62"
"85036B","CHOCOLATE 1 WICK MORRIS BOX CANDLE","598","1530.16"
"20902","VINTAGE KEEPSAKE BOX PARIS DAYS","206","1525.22"
"22337","ANGEL DECORATION PAINTED ZINC","2473","1522.52"
"21282","NATURAL BARK CANDLE LARGE","356","1522.28"
"22293","SPRING DEC , HANGING CHICK  GREEN","1128","1516.92"
"21099","SET/6 STRAWBERRY PAPER CUPS","13290","1516.64"
"85177","BASKET OF FLOWERS SEWING KIT","1820","1514.78"
"21785","RAIN PONCHO","2005","1514.63"
"21146","ANTIQUE GLASS RIDGED HANGING BALL","789","1513.67"
"21661","VINTAGE GLASS TEA CADDY","239","1511.31"
"22340","NOEL GARLAND PAINTED ZINC","1799","1511.05"
"22137","BATHROOM SET LOVE HEART DESIGN","606","1508.28"
"21634","ASSORTED MINI MADRAS NOTEBOOK","1771","1507.74"
"21002","ROSE DU SUD DRAWSTRING BAG","417","1507.22"
"84526","GIANT BLACK SUNGLASSES","538","1503.64"
"85159B","WHITE TEA,COFFEE,SUGAR JARS","659","1503.50"
"23250","VINTAGE RED TRIM ENAMEL BOWL","1155","1501.03"
"21199","PINK  HEART CONFETTI IN TUBE","1305","1495.70"
"23280","FOLDING BUTTERFLY MIRROR HOT PINK","1867","1495.24"
"21009","ETCHED GLASS STAR TREE DECORATION","1047","1494.99"
"21066","VINTAGE RED MUG","2284","1494.67"
"85160A","WHITE BIRD GARDEN DESIGN MUG","8816","1493.75"
"84856L","LARGE TAHITI BEACH BAG","238","1492.28"
"23334","IVORY WICKER HEART SMALL","2271","1491.75"
"22677","FRENCH BLUE METAL DOOR SIGN 2","1074","1486.62"
"21051","RIBBONS PURSE","754","1486.16"
"15058A","BLUE WHITE SPOTS GARDEN PARASOL","276","1485.24"
"23271","CHRISTMAS TABLE SILVER CANDLE SPIKE","1715","1483.61"
"21849","SILVER DIAMANTE PEN IN GIFT BOX","633","1483.51"
"23559","WOODLAND BUNNIES LOLLY MAKERS","649","1482.41"
"84510B","SET OF 4 FAIRY CAKES COASTERS","1171","1481.05"
"18098c","PORCELAIN BUTTERFLY OIL BURNER","292","1479.61"
"85125","SMALL ROUND CUT GLASS CANDLESTICK","309","1479.51"
"22546","MINI JIGSAW PURDEY","3703","1478.56"
"23392","SPACEBOY ROCKET LOLLY MAKERS","662","1475.03"
"22915","ASSORTED BOTTLE TOP  MAGNETS","3281","1474.52"
"21851","LILAC DIAMANTE PEN IN GIFT BOX","628","1473.56"
"84616","SILVER ROCCOCO CHANDELIER","72","1472.62"
"21198","WHITE HEART CONFETTI IN TUBE","1282","1472.30"
"22912","YELLOW COAT RACK PARIS FASHION","313","1471.09"
"20734","SILVER MINI TAPE MEASURE","1592","1470.62"
"21869","POTTING SHED COFFEE MUG","1264","1469.58"
"84659A","WHITE TRAVEL ALARM CLOCK","588","1469.51"
"85198","ASSORTED FARMYARD ANIMALS IN BUCKET","3859","1469.50"
"22815","CARD PSYCHEDELIC APPLES","3433","1468.53"
"21801","CHRISTMAS TREE DECORATION WITH BELL","3398","1467.66"
"22976","CIRCUS PARADE CHILDRENS EGG CUP","1127","1465.26"
"20681","PINK POLKADOT CHILDRENS UMBRELLA","405","1464.29"
"23365","SET 12 COLOUR PENCILS LOVE LONDON","1857","1463.08"
"21644","ASSORTED TUTTI FRUTTI HEART BOX","1087","1461.47"
"21818","GLITTER CHRISTMAS HEART","1727","1460.86"
"23470","CARD HOLDER LOVE BIRD LARGE","232","1460.50"
"22052","VINTAGE CARAVAN GIFT WRAP","3525","1460.50"
"22929","SCHOOL DESK AND CHAIR","23","1459.75"
"22393","PAPERWEIGHT VINTAGE COLLAGE","834","1459.37"
"21410","COUNTRY COTTAGE  DOORSTOP GREEN","312","1458.28"
"85098B","BLUE FLYING SINGING CANARY","366","1456.94"
"22228","BUNNY WOODEN PAINTED WITH BIRD","1727","1456.60"
"15056bl","EDWARDIAN PARASOL BLACK","116","1456.32"
"21065","BOOM BOX SPEAKER GIRLS","608","1455.36"
"84637","KITCHEN FLOWER POTS WALL PLAQUE","585","1454.49"
"21317","GLASS SPHERE CANDLE STAND MEDIUM","357","1453.40"
"20733","GOLD MINI TAPE MEASURE","1927","1452.20"
"21739","COSY SLIPPER SHOES SMALL GREEN","494","1451.85"
"85136C","RED SHARK HELICOPTER","179","1451.69"
"22157","ANGEL DECORATION WITH LACE PADDED","1698","1451.40"
"85049a","TRADITIONAL CHRISTMAS RIBBONS","434","1451.24"
"23034","DRAWER KNOB CERAMIC BLACK","979","1448.67"
"22390","PAPERWEIGHT CHILDHOOD MEMORIES","813","1448.52"
"22986","GINGHAM ROSE WRAP","3519","1445.98"
"37343","SPOTS DESIGN MUG W PINK INSIDE","917","1445.78"
"21159","MOODY BOY  DOOR HANGER","2105","1445.37"
"35637A","IVORY STRING CURTAIN WITH POLE","551","1445.05"
"85055","FRENCH ENAMEL UTENSIL HOLDER","359","1442.94"
"84313C","ORANGE TV TRAY TABLE","548","1442.39"
"23086","ZINC  STAR T-LIGHT HOLDER","1217","1441.43"
"84596G","SMALL CHOCOLATES PINK BOWL","2226","1440.76"
"22817","CARD SUKI BIRTHDAY","3392","1434.90"
"22249","DECORATION WHITE CHICK MAGIC GARDEN","1636","1434.66"
"22316","200 BENDY SKULL STRAWS","1257","1432.82"
"21561","DINOSAUR LUNCHBOX WITH CUTLERY","570","1429.90"
"22093","MOTORING TISSUE BOX","2346","1429.87"
"21292","SMALL STRIPES CHOCOLATE GIFT BAG","2449","1427.11"
"22396","MAGNETS PACK OF 4 RETRO PHOTO","1895","1427.08"
"85167B","BLACK GRAND BAROQUE PHOTO FRAME","692","1426.34"
"22071","SMALL RETRO SPOT MUG IN BOX  WHITE","383","1426.13"
"22094","RED RETROSPOT TISSUE BOX","2554","1424.16"
"21495","SKULLS WRAP","3400","1424.00"
"35965","FOLKART HEART NAPKIN RINGS","629","1423.63"
"20761","BLUE PAISLEY SKETCHBOOK","458","1422.46"
"21807","WHITE CHRISTMAS STAR DECORATION","3225","1422.45"
"20801","LARGE PINK GLASS SUNDAE DISH","1092","1422.00"
"23057","BEADED CHANDELIER T-LIGHT HOLDER","695","1420.97"
"21532","DAIRY MAID SUGAR JAM BOWL","1387","1419.71"
"35004G","SET OF 3 GOLD FLYING DUCKS","359","1419.51"
"20840","FRENCH FLORAL CUSHION COVER","885","1419.09"
"22285","HANGING HEN ON NEST DECORATION","828","1418.82"
"22819","BIRTHDAY CARD, RETRO SPOT","3351","1418.12"
"15034","PAPER POCKET TRAVELING FAN","10153","1416.26"
"85071A","BLUE CHARLIE+LOLA PERSONAL DOORSIGN","1907","1415.69"
"22333","RETRO SPOT PARTY BAG + STICKER SET","938","1412.25"
"23249","VINTAGE RED ENAMEL TRIM PLATE","830","1406.30"
"47503A","ASS FLORAL PRINT MULTI SCREWDRIVER","2853","1405.51"
"23119","PACK OF 6 LARGE FRUIT STRAWS","2282","1401.70"
"21358","TOAST ITS - HAPPY BIRTHDAY","1129","1398.71"
"21910","WAY OUT METAL SIGN","1066","1398.18"
"21828","EIGHT PIECE SNAKE  SET","1105","1396.62"
"23055","IVORY CHANDELIER T-LIGHT HOLDER","657","1395.18"
"15058B","PINK WHITE SPOTS GARDEN PARASOL","204","1394.70"
"22756","LARGE YELLOW BABUSHKA NOTEBOOK","1204","1393.45"
"85087","CANDY SPOT CUSHION COVER","420","1392.64"
"85017B","ENVELOPE 50 BLOSSOM IMAGES","2231","1390.39"
"47503K","ASSORTED FLORAL SECATEURS","3177","1389.44"
"22324","BLUE POLKADOT KIDS BAG","568","1389.06"
"22686","FRENCH BLUE METAL DOOR SIGN No","1050","1388.45"
"22917","HERB MARKER ROSEMARY","1996","1386.65"
"85169A","IVORY LOVE BIRD CANDLE","1252","1385.82"
"22339","CHRISTMAS TREE PAINTED ZINC","3521","1385.46"
"20658","RED SPOTTY LUGGAGE TAG","1000","1385.30"
"23376","PACK OF 12 VINTAGE CHRISTMAS TISSUE","3039","1384.91"
"22250","DECORATION  BUTTERFLY  MAGIC GARDEN","1521","1382.96"
"84396","6 HOOK JEWELLERY STAND BLACK DRESS","552","1380.52"
"23104","IVORY CAFE HANGING LAMP","116","1380.42"
"23414","ZINC BOX SIGN HOME","141","1378.75"
"84562A","PINK/WHITE RIBBED MELAMINE JUG","169","1378.26"
"21011","GLITTER SNOW PEAR TREE DECORATION","1840","1373.80"
"90200D","PINK SWEETHEART BRACELET","327","1372.26"
"20704","MR ROBOT SOFT TOY","361","1371.42"
"23536","WALL ART VILLAGE SHOW","240","1369.71"
"46776B","WOVEN BERRIES CUSHION COVER","428","1369.23"
"20866","BLUE ROSE FABRIC MIRROR","1280","1368.91"
"23000","TRAVEL CARD WALLET TRANSPORT","3169","1368.28"
"84819","DANISH ROSE ROUND SEWING BOX","908","1368.26"
"21209","MULTICOLOUR HONEYCOMB FAN","1476","1368.04"
"21398","RED  SPOTTY COFFEE  MUG","710","1367.79"
"35599D","PINK AND WHITE CHRISTMAS TREE 120CM","406","1366.48"
"84685","BEACH HUT KEY CABINET","435","1366.17"
"23546","WRAP PAISLEY PARK","3250","1365.00"
"84665","SQUARE CHERRY BLOSSOM CABINET","226","1364.70"
"22916","HERB MARKER THYME","1962","1363.38"
"23221","REINDEER HEART DECORATION SILVER","1536","1363.04"
"16161U","WRAP,SUKI AND FRIENDS","3350","1363.00"
"35649","VINTAGE BEAD COSMETIC BAG","1826","1362.90"
"21786","POLKADOT RAIN HAT","3014","1360.83"
"84965B","BLUE KASHMIRI COFFEE TABLE","27","1359.95"
"22269","EGG CUP NATURAL CHICKEN","1521","1357.70"
"21684","SMALL MEDINA STAMPED METAL BOWL","1696","1357.61"
"23469","CARD HOLDER LOVE BIRD SMALL","332","1355.24"
"22050","PINK PAISLEY ROSE GIFT WRAP","3300","1354.00"
"17129D","CLEAR COLOUR GLASS GEMS IN BAG","1125","1351.18"
"21059","PARTY INVITES DINOSAURS","1596","1348.56"
"84466","TOP SECRET PEN SET","1256","1348.36"
"21529","RETRO SPOT CERAMIC TOASTRACK","383","1346.08"
"20762","GREEN FERN SKETCHBOOK","458","1343.79"
"21822","GLITTER CHRISTMAS TREE WITH BELLS","1010","1343.70"
"22293","HANGING CHICK GREEN DECORATION","906","1343.28"
"22150","3 STRIPEY MICE FELTCRAFT","691","1342.03"
"84828","JUNGLE POPSICLES ICE LOLLY MOULDS","960","1338.87"
"21397","BLUE  SPOTTY EGG CUP","994","1338.36"
"21190","PINK HEARTS PAPER GARLAND","806","1337.59"
"20993","JAZZ HEARTS MEMO PAD","10967","1334.11"
"20780","BLACK EAR MUFF HEADPHONES","231","1333.96"
"16235","RECYCLED PENCIL WITH RABBIT ERASER","5827","1333.95"
"22246","GARLAND, MAGIC GARDEN 1.8M","656","1332.36"
"21580","RABBIT  DESIGN  COTTON TOTE BAG","542","1329.63"
"23538","WALL ART VINTAGE HEART","331","1329.54"
"20933","YELLOW POT PLANT CANDLE","505","1329.49"
"22446","PIN CUSHION BABUSHKA PINK","497","1329.48"
"85032D","YULETIDE IMAGES GIFT WRAP SET","1148","1327.68"
"23232","WRAP VINTAGE PETALS  DESIGN","3275","1327.50"
"21775","DECORATIVE FLORE BATHROOM BOTTLE","874","1326.29"
"21926","RED/CREAM STRIPE CUSHION COVER","1009","1325.27"
"23040","PAPER LANTERN 9 POINT SNOW STAR","241","1325.03"
"22202","MILK PAN PINK POLKADOT","331","1325.01"
"85032A","ROMANTIC IMAGES GIFT WRAP SET","1441","1323.51"
"22924","FRIDGE MAGNETS LA VIE EN ROSE","1500","1323.42"
"22918","HERB MARKER PARSLEY","1925","1322.86"
"21738","COSY SLIPPER SHOES SMALL  RED","422","1322.63"
"22701","PINK DOG BOWL","675","1320.57"
"21157","RED SPOTTY WASHBAG","586","1319.96"
"85200","BUNNY EGG BOX","1045","1319.09"
"85135C","RED DRAGONFLY HELICOPTER","162","1317.92"
"22051","BLUE SCANDINAVIAN PAISLEY WRAP","3175","1317.50"
"85071B","RED CHARLIE+LOLA PERSONAL DOORSIGN","2340","1316.48"
"22923","FRIDGE MAGNETS LES ENFANTS ASSORTED","1583","1314.89"
"22977","DOLLY GIRL CHILDRENS EGG CUP","999","1313.86"
"20760","GARDEN PATH POCKET BOOK","5550","1313.66"
"84688","BEACH HUT DESIGN BLACKBOARD","422","1313.52"
"23373","VINTAGE CHRISTMAS PAPER GIFT BAG","1608","1313.39"
"35598D","PINK/WHITE CHRISTMAS TREE 60CM","1727","1312.20"
"23405","HOME SWEET HOME 2 DRAWER CABINET","252","1311.48"
"85232A","SET/3 POLKA DOT STACKING TINS","262","1311.42"
"22481","BLACK TEA TOWEL CLASSIC DESIGN","1272","1309.81"
"21277","FRENCH STYLE EMBOSSED HEART CABINET","54","1309.39"
"21842","PINK HEART CANDY BUTTON CALCULATOR","551","1308.74"
"20893","HANGING BAUBLE T-LIGHT HOLDER SMALL","559","1308.59"
"20798","CLEAR MILKSHAKE GLASS","551","1308.15"
"21945","STRAWBERRIES  DESIGN FLANNEL","1862","1307.10"
"22893","MINI CAKE STAND T-LIGHT HOLDER","2721","1306.09"
"21219","SET/4 BADGES BALLOON GIRL","1013","1303.27"
"20738","GREEN MINI TAPE MEASURE","1610","1301.72"
"21248","DOOR HANGER  MUM + DADS ROOM","1043","1299.55"
"85170D","SET/6 PINK BIRD T-LIGHT CANDLES","723","1296.36"
"22105","MIRROR MOSAIC GOBLET CANDLE HOLDER","692","1294.70"
"79191C","RETRO PLASTIC ELEPHANT TRAY","1619","1293.76"
"22232","JIGSAW TOADSTOOLS 3 PIECE","1093","1292.59"
"22267","EASTER DECORATION EGG BUNNY","1472","1291.47"
"22181","SNOWSTORM PHOTO FRAME FRIDGE MAGNET","1538","1291.38"
"22258","FELT FARM ANIMAL RABBIT","1342","1291.05"
"85006","SET 4 NURSERY DES ROUND BOXES","3049","1289.31"
"84609","TALL ROCOCO CANDLE HOLDER","143","1289.24"
"84569D","PACK 6 HEART/ICE-CREAM PATCHES","1023","1287.54"
"85141","JARDIN ETCHED GLASS FRUITBOWL","182","1286.44"
"85025C","PINK HEART SHAPE PHOTO FRAME","720","1285.91"
"17091A","LAVENDER INCENSE IN TIN","2085","1285.89"
"46776A","WOVEN BUBBLE GUM CUSHION COVER","406","1283.23"
"72818","CHRISTMAS DECOUPAGE CANDLE","2394","1283.13"
"46775E","CANDY POP CHUNKY KNITTED THROW","101","1282.90"
"82613D","METAL SIGN CUPCAKE SINGLE HOOK","1186","1281.86"
"22097","SWALLOW SQUARE TISSUE BOX","2064","1281.75"
"22543","MINI JIGSAW BAKE A CAKE","3247","1281.49"
"85231G","ORANGE SCENTED SET/9 T-LIGHTS","1474","1281.31"
"22214","CANDLE PLATE LACE WHITE","549","1279.79"
"84816","DANISH ROSE BEDSIDE CABINET","33","1278.35"
"22323","PINK POLKADOT KIDS BAG","539","1275.31"
"21425","SKULLS STORAGE BOX LARGE","505","1274.93"
"21759","METAL WALL SHELF UNIT WITH HOOKS","30","1274.47"
"47591d","PINK FAIRY CAKE CHILDRENS APRON","253","1274.38"
"23072","MARIE ANTOINETTE TRINKET BOX SILVER","334","1273.76"
"21537","RETRO SPOTS PUDDING BOWL","294","1273.26"
"16225","RATTLE SNAKE EGGS","1520","1271.66"
"35648","VINTAGE BEAD PINK PURSE","1041","1270.93"
"21549","CERAMIC BIRDHOUSE RED ROOF SMALL","547","1270.39"
"85163B","BLACK BAROQUE WALL CLOCK","115","1268.66"
"21689","SILVER VANILLA  FLOWER CANDLE POT","342","1268.12"
"22732","3D STICKERS VINTAGE CHRISTMAS","1060","1268.00"
"20765","CHRYSANTHEMUM SKETCHBOOK","442","1265.06"
"20777","CHRYSANTHEMUM NOTEBOOK","3660","1262.70"
"21708","FOLDING UMBRELLA  CREAM/MULTI  SPOT","379","1260.25"
"23061","VINTAGE EMBOSSED HEART","955","1257.68"
"40003","WHITE BAMBOO RIBS LAMPSHADE","1150","1257.02"
"21063","PARTY INVITES JAZZ HEARTS","1456","1256.27"
"21145","ANTIQUE GLASS PLACE SETTING","869","1256.21"
"77101A","UNION FLAG WINDSOCK","1082","1255.97"
"22919","HERB MARKER MINT","1800","1255.44"
"20825","GOLD WINE GLASS","361","1255.08"
"35957","SMALLFOLKART BAUBLE CHRISTMAS DEC","3565","1254.90"
"23237","SET OF 4 KNICK KNACK TINS LEAVES","306","1253.78"
"20731","POSY CANDY BAG","4142","1252.92"
"23511","EMBROIDERED RIBBON REEL EMILY","571","1252.01"
"84967B","BLUE KASHMIRI OCCASIONAL TABLE","24","1249.45"
"85159A","BLACK TEA,COFFEE,SUGAR JARS","492","1248.98"
"22280","POCKET BAG PINK PAISELY BROWN SPOT","877","1248.74"
"22062","CERAMIC BOWL WITH LOVE HEART DESIGN","761","1248.15"
"22450","SILK PURSE RUSSIAN DOLL BLUE","375","1245.93"
"22389","PAPERWEIGHT SAVE THE PLANET","647","1245.52"
"21752","GLASS CAKE STAND MIRRORED BASE","77","1244.81"
"22808","SET OF 6 T-LIGHTS EASTER CHICKS","420","1243.88"
"20707","CRAZY DAISY HEART DECORATION","1613","1243.68"
"79163","BLACK CHAMPAGNE GLASS","1833","1240.83"
"22827","GIANT SEVENTEEN DRAWER SIDEBOARD","8","1240.00"
"22545","MINI JIGSAW BUNNIES","3019","1239.62"
"22070","SMALL RETRO SPOT MUG IN BOX  RED","324","1238.54"
"21175","GIN AND TONIC DIET METAL SIGN","498","1237.50"
"23067","HANGING ENGRAVED METAL HEART","294","1236.66"
"85162A","SILVER RETRODISC LAMPSHADE","607","1234.27"
"84969","ASSORTED COLOUR SET 6 TEASPOONS","268","1232.02"
"23138","SINGLE WIRE HOOK IVORY HEART","879","1231.51"
"22448","PIN CUSHION RUSSIAN DOLL RED","395","1230.67"
"84910A","PINK PAISLEY CUSHION COVER","432","1230.39"
"22678","FRENCH BLUE METAL DOOR SIGN 3","899","1230.38"
"21438","TUB 24 HANGING EASTER EGGS SPOTTY","373","1229.82"
"22921","HERB MARKER CHIVES","1771","1226.72"
"85135B","BLUE DRAGONFLY HELICOPTER","151","1226.51"
"21253","SET OF PICTURE FRAME  STICKERS","332","1225.17"
"22094","RED POLKA DOT TISSUE BOX","1003","1224.89"
"16046","TEATIME PEN CASE & PENS","10056","1223.50"
"22290","STANDING METAL RABBIT WITH EGG","670","1223.02"
"23142","IVORY WIRE KITCHEN ORGANISER","121","1220.82"
"22216","T-LIGHT HOLDER WHITE LACE","1396","1215.83"
"23598","PAPER BUNTING VINTAGE PARTY","427","1215.53"
"48197","DOORMAT BIRD ON THE WIRE","231","1213.87"
"20752","BLUE POLKADOT WASHING UP GLOVES","535","1212.46"
"21490","SET OF THREE 50'S GIFT WRAPS","637","1210.60"
"22680","FRENCH BLUE METAL DOOR SIGN 5","879","1210.34"
"22233","JIGSAW RABBIT AND BIRDHOUSE","949","1210.11"
"84823","DANISH ROSE FOLDING CHAIR","120","1210.00"
"84687","BEACH HUT SHELF W 3 DRAWERS","314","1208.06"
"22265","EASTER DECORATION NATURAL CHICK","1843","1207.80"
"21396","RED SPOTTY EGG CUP","948","1205.25"
"20771","CHRYSANTHEMUM  JOURNAL","606","1201.68"
"21904","HOUSE WRECKING METAL SIGN","757","1201.52"
"21130","COLOURFUL STANDING GNOME","721","1200.93"
"79066K","RETRO MOD TRAY","1377","1200.25"
"22256","FELT FARM ANIMAL CHICKEN","933","1200.07"
"23444","Next Day Carriage","79","1200.00"
"84658","WHITE STITCHED CUSHION COVER","214","1199.66"
"21883","STARS GIFT TAPE","2348","1199.48"
"23026","DRAWER KNOB VINTAGE GLASS STAR","556","1198.96"
"22448","PIN CUSHION BABUSHKA RED","358","1196.06"
"22403","MAGNETS PACK OF 4 VINTAGE LABELS","1715","1195.89"
"47591B","SCOTTIES CHILDRENS APRON","754","1195.22"
"84830","LARGE ENGLISH ARBORETUM","113","1195.15"
"85129D","BEADED CRYSTAL HEART PINK SMALL","793","1193.56"
"21955","DOORMAT UNION JACK GUNS AND ROSES","177","1193.31"
"84625A","PINK NEW BAROQUECANDLESTICK CANDLE","838","1193.00"
"23071","MARIE ANTOINETTE TRINKET BOX GOLD","314","1192.60"
"22204","MILK PAN BLUE RETROSPOT","311","1192.13"
"22102","MIRROR MOSAIC T-LIGHT HOLDER","1842","1191.69"
"72232","FENG SHUI PILLAR CANDLE","6268","1190.92"
"84559A","3D SHEET OF DOG STICKERS","1321","1190.17"
"84750A","PINK SMALL GLASS CAKE STAND","544","1189.23"
"22733","3D STICKERS TRADITIONAL CHRISTMAS","980","1187.00"
"47503E","ASS FLORAL PRINT SCISSORS","6842","1186.90"
"20934","SET/3 POT PLANT CANDLES","197","1185.07"
"84815","SET OF 3 DANISH ROSE PLANTERS","926","1183.82"
"22761","CHEST 7 DRAWER MA CAMPAGNE","48","1182.78"
"23539","WALL ART LOVES' SECRET","239","1180.35"
"22597","MUSICAL ZINC HEART DECORATION","2763","1179.59"
"21806","WHITE CHRISTMAS HEART DECORATION","2707","1179.43"
"21312","LARGE CHUNKY GLASS ROMAN BOWL","299","1179.17"
"21530","DAIRY MAID TOASTRACK","900","1178.50"
"85130A","BEADED PEARL HEART WHITE LARGE","685","1176.29"
"23225","CHERUB HEART DECORATION SILVER","1355","1176.17"
"84674","FLYING PIG WATERING CAN","460","1175.93"
"21395","BLUE POLKADOT BEAKER","2856","1174.16"
"72819","CUPID DESIGN SCENTED CANDLES","694","1174.01"
"23431","NATURAL HANGING QUILTED HEARTS","1449","1171.23"
"22321","BIRD DECORATION RED RETROSPOT","1261","1170.40"
"22321","BIRD DECORATION RED SPOT","1267","1169.55"
"22048","BIRTHDAY BANQUET GIFT WRAP","2815","1166.30"
"23418","LAVENDER TOILETTE BOTTLE","557","1166.00"
"23515","EMBROIDERED RIBBON REEL DAISY","579","1164.98"
"84313B","BLUE TV TRAY TABLE","227","1164.04"
"21650","ASSORTED TUTTI FRUTTI BRACELET","3204","1163.80"
"23508","MINI PLAYING CARDS DOLLY GIRL","2627","1163.45"
"21649","ASSORTED TUTTI FRUTTI PHOTO FRAME","421","1162.89"
"37475","SET/4 COLOURFUL MIXING BOWLS","116","1160.56"
"21291","SMALL POLKADOT CHOCOLATE GIFT BAG","1338","1159.44"
"22253","6 CROCHET STRAWBERRIES","964","1158.28"
"21763","VINTAGE WOODEN BAR STOOL","43","1157.90"
"23566","EGG CUP MILKMAID HEIDI","881","1156.93"
"23507","MINI PLAYING CARDS BUFFALO BILL","2882","1155.67"
"23269","SET OF 2 CERAMIC CHRISTMAS TREES","779","1152.98"
"22264","FELT FARM ANIMAL WHITE BUNNY","2014","1152.22"
"84847","FLORAL BATHROOM SET","2330","1149.73"
"22806","SET OF 6 T-LIGHTS WEDDING CAKE","430","1149.02"
"35962","12 ASS ZINC CHRISTMAS DECORATIONS","487","1148.05"
"22814","CARD PARTY GAMES","2728","1147.77"
"21261","GREEN GOOSE FEATHER CHRISTMAS TREE","283","1146.12"
"21316","SMALL CHUNKY GLASS ROMAN  BOWL","693","1146.11"
"22615","PACK OF 12 CIRCUS PARADE TISSUES","3718","1145.88"
"72598","SET/12 TAPER CANDLES","1244","1145.76"
"22040","BOTANICAL ROSE GIFT WRAP","2815","1144.30"
"20932","PINK POT PLANT CANDLE","333","1143.97"
"84750B","BLACK SMALL GLASS CAKE STAND","609","1142.02"
"22718","CARD CAT AND TREE","2605","1141.36"
"22786","CUSHION COVER PINK UNION JACK","181","1140.27"
"21366","MIRRORED WALL ART PHOTO FRAMES","238","1140.00"
"22201","FRYING PAN BLUE POLKADOT","276","1139.16"
"85110","BLACK SILVER FLOWER T-LIGHT HOLDER","11520","1138.04"
"84596E","SMALL LICORICE DES PINK BOWL","1127","1137.84"
"22731","3D STICKERS CHRISTMAS STAMPS","940","1137.00"
"21942","SKULLS DESIGN FLANNEL","1672","1136.28"
"37424","WHITE WITH BLACK CATS MUG","5249","1134.68"
"22230","JIGSAW TREE WITH WATERING CAN","1657","1134.64"
"22715","CARD WEDDING DAY","2717","1133.93"
"85118","HEART T-LIGHT HOLDER","2054","1133.68"
"22598","CHRISTMAS MUSICAL ZINC TREE","1790","1131.85"
"21555","CERAMIC STRAWBERRY TRINKET TRAY","425","1131.37"
"21413","PERIWINKLE T-LIGHT HOLDER","3162","1131.14"
"22739","RIBBON REEL, XMAS SOCK/BAUBLE","700","1131.00"
"23506","MINI PLAYING CARDS SPACEBOY","2723","1129.12"
"37482B","CUBIC MUG BLUE POLKA DOT","1251","1127.91"
"22255","FELT TOADSTOOL  SMALL","1185","1127.11"
"22985","WRAP, BILLBOARD FONTS DESIGN","2891","1126.22"
"21040","MODERN VINTAGE COTTON SHOPPING BAG","894","1125.85"
"20700","GREEN CAT FLORAL CUSHION COVER","420","1125.05"
"85124C","GREEN JUICY FRUIT PHOTO FRAME","426","1123.89"
"20832","RED FLOCK LOVE HEART PHOTO FRAME","1681","1122.65"
"22252","BIRDCAGE DECORATION TEALIGHT HOLDER","935","1122.01"
"22984","CARD GINGHAM ROSE","2753","1121.29"
"85136A","YELLOW SHARK HELICOPTER","138","1121.28"
"85224","ASSORTED COLOUR SILK GLASSES CASE","2004","1120.96"
"23510","MINI PLAYING CARDS GYMKHANA","2521","1118.80"
"23411","TRELLIS COAT RACK","227","1118.61"
"17096","ASSORTED LAQUERED INCENSE HOLDERS","6240","1117.09"
"22287","DECORATION , WOBBLY CHICKEN, METAL","780","1116.61"
"21746","SMALL RED SPOT  WINDMILL","852","1116.44"
"21010","ETCHED GLASS BIRD TREE DECORATION","850","1114.76"
"23513","EMBROIDERED RIBBON REEL SUSIE","566","1114.26"
"47504H","ENGLISH ROSE SPIRIT LEVEL","1028","1113.07"
"20669","RED HEART LUGGAGE TAG","797","1111.89"
"84279P","CHERRY BLOSSOM  DECORATIVE FLASK","313","1111.67"
"47593B","SCOTTIE DOGS BABY BIB","2147","1108.93"
"23433","HANGING QUILTED PATCHWORK APPLES","1258","1108.58"
"84678","CLASSICAL ROSE SMALL VASE","565","1108.28"
"21707","FOLDING UMBRELLA BLACKBLUE POLKADOT","230","1107.94"
"84631","FRUIT TREE AND BIRDS WALL PLAQUE","288","1106.16"
"21944","KITTENS DESIGN FLANNEL","1789","1106.01"
"22116","METAL SIGN HIS DINNER IS SERVED","823","1103.88"
"21202","DOLLY HONEYCOMB GARLAND","854","1103.48"
"84638","SMALL KITCHEN FLOWER POTS PLAQUE","400","1101.55"
"23375","50'S CHRISTMAS PAPER GIFT BAG","1342","1100.69"
"47587A","PINK FAIRY CAKE COASTER","2706","1099.88"
"22709","WRAP WEDDING DAY","2799","1099.58"
"22679","FRENCH BLUE METAL DOOR SIGN 4","795","1099.34"
"21131","GOLD STANDING GNOME","276","1098.86"
"21779","MA CAMPAGNE MINI WOODEN CHEST","301","1097.80"
"84358","FLOOR LAMP SHADE WOOD BASE","121","1097.48"
"85212","MINI PAINTED GARDEN DECORATION","2831","1096.56"
"37479B","CUBIC MUG FLOCK BLUE ON BROWN","1253","1095.85"
"20892","SET/3 TALL GLASS CANDLE HOLDER PINK","102","1095.35"
"22997","TRAVEL CARD WALLET UNION JACK","2545","1094.93"
"84989A","75 GREEN FAIRY CAKE CASES","2120","1093.42"
"20867","PINK ROSE FABRIC MIRROR","1098","1093.14"
"84968F","S/16 VINTAGE SKY BLUE CUTLERY","84","1092.42"
"85093","CANDY SPOT EGG WARMER HARE","1361","1091.21"
"23087","ZINC  HEART T-LIGHT HOLDER","868","1090.66"
"20755","BLUE PAISLEY POCKET BOOK","5145","1089.73"
"21818","GLITTER HEART DECORATION","2469","1088.59"
"23432","PRETTY HANGING QUILTED HEARTS","1276","1088.36"
"84791","GINGHAM HEART DECORATION","334","1086.13"
"21839","MUMMY MOUSE RED GINGHAM RIBBON","201","1085.59"
"72815","3 WICK CHRISTMAS BRIAR CANDLE","282","1083.36"
"23347","I LOVE LONDON BEAKER","860","1077.30"
"21817","GLITTER CHRISTMAS TREE","1687","1077.19"
"21708","FOLDING UMBRELLA CREAM POLKADOT","232","1076.23"
"21632","VINTAGE PINK DECORATIVE PARASOL","132","1076.22"
"23102","SILVER HEARTS TABLE DECORATION","1274","1075.03"
"21850","BLUE  DIAMANTE PEN IN GIFT BOX","447","1072.98"
"23041","PAPER LANTERN 9 POINT SNOW STAR","246","1070.58"
"21391","FRENCH LAVENDER SCENT HEART","1076","1070.29"
"21758","VINTAGE SHELLS PRINT","135","1069.76"
"85126","LARGE ROUND CUTGLASS CANDLESTICK","156","1069.16"
"21827","EIGHT PIECE CREEPY CRAWLIE SET","835","1068.89"
"82001S","SILVER RECORD COVER FRAME","287","1067.76"
"84559B","3D SHEET OF CAT STICKERS","1199","1065.55"
"23331","DECORATIVE WICKER HEART SMALL","1596","1062.28"
"85131D","BEADED CRYSTAL HEART PINK ON STICK","1423","1061.41"
"22860","EASTER TIN CHICKS PINK DAISY","612","1060.85"
"22740","POLKA DOT PEN","1248","1060.80"
"22532","MAGIC DRAWING SLATE LEAP FROG","2766","1060.78"
"72800F","4 IVORY DINNER CANDLES GOLD FLOCK","822","1060.19"
"22856","ASSORTED EASTER DECORATIONS  BELLS","877","1059.85"
"23033","DRAWER KNOB CERAMIC RED","714","1058.90"
"85008","SET OF 3 CONEY ISLAND OVAL BOXES","269","1058.72"
"22995","TRAVEL CARD WALLET SUKI","2381","1058.64"
"23516","EMBROIDERED RIBBON REEL SOPHIE","296","1058.60"
"85163A","WHITE BAROQUE WALL CLOCK","103","1058.17"
"35651","VINTAGE BEAD PINK SCARF","459","1057.62"
"85179B","WHITE BITTY LIGHT CHAIN","246","1056.60"
"23529","DOLLY GIRL WALL ART","318","1055.94"
"16047","POP ART PEN CASE & PENS","10612","1054.70"
"21399","BLUE POLKADOT COFFEE MUG","2137","1054.46"
"23402","HOME SWEET HOME 3 PEG HANGER","271","1053.53"
"21825","PAINTED METAL TREE WITH HOLLY BELLS","733","1053.19"
"84908B","BLUE 5 PATCH FLOWER CUSHION COVER","435","1052.29"
"85078","SCANDINAVIAN 3 HEARTS NAPKIN RING","2258","1052.02"
"37327","ASSTD MULTICOLOUR CIRCLES MUG","1739","1051.69"
"20783","HEART EAR MUFF HEADPHONES","165","1051.40"
"23327","HANGING CLEAR MINI BOTTLE","1734","1051.14"
"84965A","PINK KASHMIRI COFFEE TABLE","20","1050.00"
"22857","ASSORTED EASTER GIFT TAGS","1230","1048.28"
"22821","GIFT BAG PSYCHEDELIC APPLES","1660","1047.45"
"21061","PARTY INVITES FOOTBALL","1396","1046.56"
"84707A","SILVER JEWELLED MIRROR TRINKET TRAY","125","1045.88"
"84908A","PINK 5 PATCH FLOWER CUSHION COVER","432","1045.16"
"46775A","BUBBLE GUM CHUNKY KNITTED THROW","83","1044.23"
"23419","HOME SWEET HOME BOTTLE","473","1043.72"
"35646","VINTAGE BEAD PINK EVENING BAG","642","1043.44"
"18007","ESSENTIAL BALM 3.5g TIN IN ENVELOPE","11396","1043.22"
"23542","70'S ALPHABET WALL ART","150","1043.10"
"84405A","S/3 PINK COL METAL BASKET W HANDLE","129","1042.16"
"22266","EASTER DECORATION HANGING BUNNY","2542","1040.11"
"23231","WRAP  VINTAGE DOILY","2474","1039.08"
"20671","BLUE TEATIME PRINT BOWL","786","1038.72"
"85124A","PINK JUICY FRUIT PHOTO FRAME","377","1037.13"
"21269","ANTIQUE CREAM CUTLERY SHELF","114","1036.84"
"21725","SWEETIES  STICKERS","1135","1036.43"
"20622","VIPPASSPORT COVER","539","1033.55"
"23088","ZINC HEART FLOWER T-LIGHT HOLDER","795","1033.28"
"85160B","BLACK BIRD GARDEN DESIGN MUG","6155","1032.70"
"21664","RIDGED GLASS STORAGE JAR CREAM LID","258","1031.07"
"84686","BEACH HUT MIRROR","389","1027.79"
"85104","SILVER GLASS T-LIGHT SET","351","1024.49"
"84625C","BLUE NEW BAROQUE CANDLESTICK CANDLE","770","1024.15"
"82616C","MIDNIGHT GLAMOUR SCARF KNITTING KIT","632","1024.10"
"21417","COCKLE SHELL DISH","502","1023.90"
"35923","CANDY HEART HANGING DECORATION","1545","1023.77"
"22247","BUNNY DECORATION MAGIC GARDEN","1184","1022.79"
"22382","LUNCHBAG SPACEBOY DESIGN","644","1022.60"
"85180B","PINK HEARTS LIGHT CHAIN","364","1022.16"
"23452","HEART MINI PORTRAIT FRAME","518","1021.76"
"23153","ZINC SWEETHEART WIRE LETTER RACK","263","1020.69"
"22717","CARD DOG AND BALL","2405","1018.42"
"84985A","SET OF 72 GREEN PAPER DOILIES","644","1018.13"
"20839","FRENCH PAISLEY CUSHION COVER","633","1018.11"
"84923","PINK BUTTERFLY HANDBAG W BOBBLES","234","1017.64"
"21815","STAR  T-LIGHT HOLDER","654","1017.63"
"85031C","CURIOUS IMAGES SCRAP BOOK SET","481","1017.48"
"21814","HEART T-LIGHT HOLDER","670","1016.53"
"85099f","JUMBO BAG STRAWBERRY","201","1016.36"
"23544","WALL ART MID CENTURY MODERN","164","1015.78"
"22049","WRAP CHRISTMAS SCREEN PRINT","3500","1015.75"
"22420","LIPSTICK PEN BABY PINK","2111","1014.75"
"84709B","PINK OVAL JEWELLED MIRROR","176","1014.48"
"20619","TROPICAL PASSPORT COVER","578","1014.42"
"84596L","BISCUITS SMALL BOWL LIGHT BLUE","1536","1013.96"
"20730","STRAWBERRY CANDY BAG","2218","1011.70"
"23525","WALL ART BUFFALO BILL","334","1011.10"
"22681","FRENCH BLUE METAL DOOR SIGN 6","737","1009.42"
"21084","SET/6 COLLAGE PAPER CUPS","2929","1008.81"
"47589","CONGRATULATIONS BUNTING","183","1008.73"
"84929","ASSTD FRUIT+FLOWERS FRIDGE MAGNETS","3096","1007.52"
"23460","SWEETHEART WALL TIDY","108","1007.08"
"22643","SET OF 4 NAPKIN CHARMS LEAVES","464","1006.24"
"22416","36 DOILIES SPACEBOY DESIGN","709","1005.37"
"21836","GINGHAM OVEN GLOVE RED HEART","249","1003.89"
"23121","PACK OF 6 COCKTAIL PARASOL STRAWS","2501","1000.44"
"21427","SKULLS STORAGE BOX SMALL","507","999.06"
"23533","WALL ART GARDEN HAVEN","215","998.64"
"21127","COLOURFUL FISHING GNOME","297","998.03"
"21250","SET OF SKULL WALL STICKERS","402","997.55"
"23517","EMBROIDERED RIBBON REEL REBECCA","334","996.38"
"20705","MRS ROBOT SOFT TOY","273","996.19"
"23131","MISELTOE HEART WREATH CREAM","240","996.00"
"20782","CAMOUFLAGE EAR MUFF HEADPHONES","155","995.48"
"85170C","SET/6 EAU DE NIL BIRD T-LIGHTS","543","993.03"
"20617","FIRST CLASS PASSPORT COVER","498","992.99"
"72484","ROSES IN WHITE HEART CANDLE","1818","991.38"
"21690","SILVER  CANDLEPOT JARDIN","258","990.84"
"21721","CANDY SHOP  STICKER SHEET","1090","990.50"
"84964B","BLUE PAINTED KASHMIRI TABLE","17","990.00"
"21335","LIBRARY LAMP","42","989.62"
"84660C","PINK STITCHED WALL CLOCK","725","987.98"
"23281","FOLDING BUTTERFLY MIRROR RED","1262","985.88"
"21636","MADRAS NOTEBOOK MEDIUM","1014","985.74"
"82613B","METAL SIGN,CUPCAKE SINGLE HOOK","896","985.57"
"21303","FILIGREE WALL MIRROR  ANTIQUE WHITE","96","985.54"
"85025B","EAU DE NILE HEART SHAPE PHOTO FRAME","570","985.40"
"35958","FOLKART ZINC STAR CHRISTMAS DEC","1131","984.63"
"17021","NAMASTE SWAGAT INCENSE","3720","984.24"
"35653","VINTAGE BEAD NOTEBOOK","311","982.53"
"85019B","BLOSSOM  IMAGES NOTEBOOK SET","718","982.47"
"23518","EMBROIDERED RIBBON REEL RACHEL","361","980.41"
"84030e","ENGLISH ROSE HOT WATER BOTTLE","120","979.40"
"22108","PING! MICROWAVE PLATE","313","978.74"
"82616B","FRAPPUCINO SCARF KNITTING KIT","606","977.55"
"23514","EMBROIDERED RIBBON REEL SALLY","478","977.39"
"21208","PASTEL COLOUR HONEYCOMB FAN","1078","976.91"
"23512","EMBROIDERED RIBBON REEL ROSIE","500","975.24"
"35599B","BLACK CHRISTMAS TREE 120CM","268","974.81"
"22310","KNITTED MUG COSY IVORY COLOUR","597","973.59"
"84873a","FUNKY FLOWER PICNIC BAG FOR 4","88","973.36"
"71279","PINK GLASS CANDLEHOLDER","293","972.11"
"84800L","LARGE WHITE/PINK ROSE ART FLOWER","650","970.79"
"21562","HAWAIIAN GRASS SKIRT","678","970.28"
"85018D","YULETIDE IMAGES S/6 PAPER BOXES","787","969.90"
"78124","MAGAZINE RACK GEBRA ASSORTED","730","969.61"
"22104","MIRROR MOSAIC CANDLE PLATE","1187","968.08"
"85189","HANGING BUTTERFLY  EGG","1176","967.95"
"23183","MOTHER'S KITCHEN SPOON REST","226","967.17"
"21299","EDWARDIAN TOILET ROLL UNIT","166","966.35"
"20830","SILVER PHOTO FRAME","407","964.61"
"90175A","WHITE GLASS CHUNKY CHARM BRACELET","107","964.45"
"20773","BLUE PAISLEY NOTEBOOK","3339","963.98"
"23107","WHITE HEARTS WIRE PLANT POT HOLDER","343","963.27"
"20774","GREEN FERN NOTEBOOK","3484","962.48"
"22682","FRENCH BLUE METAL DOOR SIGN 7","723","961.81"
"21691","SILVER VANILLA FLOWER CANDLE POT","249","960.99"
"85197","SET OF 12 MINI BUNNIES IN A BUCKET","1669","959.46"
"85130D","BEADED CRYSTAL HEART PINK LARGE","788","958.85"
"72753B","S/3 FLWR FAIRY LAVENDER CANDLES","445","957.73"
"21805","WHITE CHRISTMAS TREE DECORATION","2221","957.63"
"22994","TRAVEL CARD WALLET RETROSPOT","2194","956.94"
"84360","TABLE LAMP WHITE SHADE WOOD BASE","179","956.89"
"22512","DOORSTOP RACING CAR DESIGN","384","956.17"
"23529","WALL ART DOLLY GIRL","319","956.05"
"22246","MAGIC GARDEN FELT GARLAND","425","955.59"
"23380","PACK OF 12 VINTAGE DOILY TISSUES","2272","955.42"
"84664","CHERRY BLOSSOM BATHROOM CABINET","193","955.35"
"85111","SILVER GLITTER FLOWER VOTIVE HOLDER","2907","954.15"
"20758","ABSTRACT CIRCLES POCKET BOOK","5425","953.42"
"85032B","BLOSSOM IMAGES GIFT WRAP SET","982","953.34"
"21711","FOLDING UMBRELLA  WHITE/RED  SPOT","262","953.00"
"22119","PEACE WOODEN BLOCK LETTERS","137","952.74"
"21060","PARTY INVITES BALLOON GIRL","1276","952.55"
"20878","SET/9 CHRISTMAS T-LIGHTS SCENTED","737","952.51"
"17012C","ORIGAMI LAVENDER INCENSE/CANDL SET","856","950.40"
"21129","SILVER FISHING GNOME","124","949.44"
"37492B","BLUE YELLOW FLOWER PIGGY BANK","489","946.72"
"21331","MOROCCAN BEATEN METAL DISH LARGE","110","946.68"
"85032C","CURIOUS IMAGES GIFT WRAP SET","886","946.59"
"21641","ASSORTED TUTTI FRUTTI KEYRING BALL","1666","946.31"
"22939","ADULT APRON APPLE DELIGHT","184","945.88"
"20778","GARDEN PATH NOTEBOOK","3611","944.36"
"22986","WRAP GINGHAM ROSE","2276","943.92"
"22529","MAGIC DRAWING SLATE GO TO THE FAIR","2341","943.71"
"85031A","ROMANTIC IMAGES SCRAP BOOK SET","477","943.44"
"22143","CHRISTMAS CRAFT HEART DECORATIONS","446","942.88"
"20998","ROSE DU SUD OVEN GLOVE","324","942.26"
"22096","PINK PAISLEY SQUARE TISSUE BOX","1667","938.86"
"85124B","BLUE JUICY FRUIT PHOTO FRAME","353","938.47"
"90147","CHUNKY SILVER NECKLACE PASTEL FLOWE","93","937.45"
"84817","DANISH ROSE DECORATIVE PLATE","1059","937.44"
"84905","PINK BUTTERFLY CUSHION COVER","259","937.09"
"23178","JAM CLOCK MAGNET","327","936.89"
"85121B","RETRO LAUNDRY TUB PINK","86","936.74"
"23540","WALL ART THE MAGIC FOREST","148","933.16"
"85226A","WHITE/BLUE PULL BACK RACING CAR","1714","933.07"
"47504E","ENGLISH ROSE SCISSORS","4387","931.86"
"21726","MULTI HEARTS  STICKERS","1077","930.99"
"23179","CLOCK MAGNET MUM'S KITCHEN","324","930.48"
"21720","CAKE SHOP  STICKER SHEET","1068","929.81"
"21880","RED RETROSPOT TAPE","2000","928.90"
"21014","SWISS CHALET TREE DECORATION","1850","928.09"
"20831","GOLD PHOTO FRAME","474","927.96"
"20775","DAISY NOTEBOOK","3604","926.54"
"84918","CREAM CUSHION COVER WITH FLOWERS","198","925.62"
"23099","FRENCH CARRIAGE LANTERN","137","925.35"
"23527","ANIMALS AND NATURE WALL ART","267","923.97"
"21284","RETROSPOT CANDLE  SMALL","1139","923.97"
"82607A","GLASS BONBON JAR PARFUME AUX FLEURE","663","923.72"
"84341B","SMALL PINK MAGIC CHRISTMAS TREE","1757","922.18"
"22703","PINK CAT BOWL","513","921.81"
"22268","EASTER DECORATION SITTING BUNNY","1074","921.75"
"20903","VINTAGE KEEPSAKE BOX TRAVELOGUE","187","919.80"
"22647","CERAMIC LOVE HEART MONEY BANK","1058","919.63"
"85121C","RETRO LAUNDRY TUB PISTACHIO","98","918.91"
"72529W","WHITE ADVENT CANDLE","464","918.75"
"21702","SET 5 MINI GATEAUX  FRIDGE MAGNETS","2636","918.68"
"72045D","ROSES ON BLUE TEACUP CANDLE","539","918.65"
"21291","SMALL SPOTTY CHOCOLATE GIFT BAG","1073","918.49"
"85130B","BEADED CRYSTAL HEART GREEN LARGE","911","918.33"
"84600","NEW BAROQUE JEWELLERY BOX","108","918.27"
"21264","WHITE GOOSE FEATHER TREE 60CM","391","917.85"
"84907","PINK YELLOW PATCH CUSHION COVER","383","916.83"
"23338","EGG FRYING PAN RED","431","915.40"
"22683","FRENCH BLUE METAL DOOR SIGN 8","673","915.30"
"85019A","ROMANTIC IMAGES NOTEBOOK SET","647","915.04"
"21007","ETCHED GLASS DROPLET DECORATION","1927","914.67"
"23002","TRAVEL CARD WALLET SKULLS","2119","914.37"
"21320","GLASS CHALICE GREEN  LARGE","398","913.34"
"79030G","TUMBLER, NEW ENGLAND","490","911.76"
"22707","WRAP MONSTER FUN","2157","905.94"
"46000P","POLYESTER FILLER PAD 65CMx65CM","213","905.25"
"46776C","WOVEN FROST CUSHION COVER","258","905.10"
"48173c","DOORMAT BLACK FLOCK","54","904.97"
"22288","DECORATION , HANGING METAL RABBIT","834","904.02"
"23004","TRAVEL CARD WALLET PANTRY","2002","903.16"
"21444","BLUE CHALET BIRDFEEDER","291","902.03"
"23532","WALL ART WORK REST AND PLAY","210","901.58"
"22248","DECORATION  PINK CHICK MAGIC GARDEN","1013","901.50"
"21318","GLASS CHALICE BLUE SMALL","972","900.42"
"21480","PINK STRIPE HOT WATER BOTTLE","285","899.52"
"84660B","BLACK STITCHED WALL CLOCK","745","899.48"
"84820","DANISH ROSE TRINKET TRAYS","323","899.37"
"20913","SET/5 BLUE SPOTTY LID GLASS BOWLS","314","898.72"
"17109B","FLOWER FAIRY INCENSE LAVENDER","4542","896.34"
"20941","FROG CANDLE","998","896.28"
"85031B","BLOSSOM IMAGES SCRAP BOOK SET","496","896.09"
"84760L","LARGE HANGING GLASS+ZINC LANTERN","560","896.00"
"22936","BAKING MOULD ROSE WHITE CHOCOLATE","279","895.97"
"23472","NINE DRAWER OFFICE TIDY","58","894.42"
"21676","FLOWERS  STICKERS","1193","893.72"
"85049e","SCANDINAVIAN REDS RIBBONS","268","893.25"
"84666","SQUARE CHERRY BLOSSOM CABINET","226","892.70"
"20759","CHRYSANTHEMUM POCKET BOOK","5777","891.13"
"20757","RED DAISY POCKET BOOK","5347","890.70"
"17129F","BLUE GLASS GEMS IN BAG","911","890.12"
"85194S","HANGING SPRING FLOWER EGG SMALL","1760","889.46"
"21220","SET/4 BADGES DOGS","659","888.68"
"22953","BIRTHDAY PARTY CORDON BARRIER TAPE","712","888.55"
"21724","PANDA AND BUNNIES STICKER SHEET","996","888.34"
"85214","TUB 24 PINK FLOWER PEGS","514","886.23"
"23528","SPACEBOY WALL ART","306","885.90"
"84086C","PINK/PURPLE RETRO RADIO","297","884.75"
"20991","JAZZ HEARTS MAGNETIC MEMO PAD","7084","884.56"
"22164","STRING OF STARS CARD HOLDER","315","883.22"
"23502","PLAYING CARDS VINTAGE DOILY","701","880.16"
"84974","S/2 ZINC HEART DESIGN PLANTERS","89","879.55"
"72799A","BLACK PILLAR CANDLE SILVER FLOCK","612","877.80"
"23423","PANTRY 3 HOOK ROLLING PIN HANGER","219","876.90"
"21062","PARTY INVITES SPACEMAN","1053","875.87"
"35598B","BLACK CHRISTMAS TREE 60CM","931","874.65"
"90200C","BLUE SWEETHEART BRACELET","206","874.63"
"20803","SMALL PINK GLASS SUNDAE DISH","1149","874.46"
"21270","ANTIQUE CREAM CUTLERY CUPBOARD","76","874.43"
"22896","PEG BAG APPLE DESIGN","387","874.35"
"22201","FRYING PAN BLUE POLKADOT","229","874.02"
"90200E","GREEN SWEETHEART BRACELET","209","873.97"
"21338","MARAKESH LANTERN SMALL","199","873.25"
"84925F","PSYCHEDELIC WALL THERMOMETER","714","873.11"
"85165","CANDY PINK FRENCH BOUDOIR CLOCK","90","872.76"
"23479","WIRE EGG BASKET","113","872.38"
"21293","MIRRORED DOVE WALL DECORATION","343","872.34"
"21414","SCALLOP SHELL SOAP DISH","1637","870.89"
"21147","JINGLE BELLS TREE DECORATION","477","870.48"
"21392","RED SPOTTY PUDDING BOWL","3828","869.23"
"23220","REINDEER HEART DECORATION GOLD","993","869.15"
"84826","ASSTD DESIGN 3D PAPER STICKERS","1734","869.08"
"17033","BROCADE PURSE,SMALL ARCH BUTTON","3280","867.84"
"22322","BIRD DECORATION GREEN POLKADOT","939","867.59"
"17012B","ORIGAMI JASMINE INCENSE/CANDLE SET","721","867.45"
"20658","RED RETROSPOT LUGGAGE TAG","584","866.06"
"23545","WRAP RED VINTAGE DOILY","2100","866.00"
"21398","RED POLKADOT COFFEE  MUG","1585","864.11"
"85166B","BLACK METAL BAROQUE PHOTO FRAME","510","864.10"
"85161","ACRYLIC GEOMETRIC LAMP","51","863.85"
"21255","FRENCH BOTTLE , LAVENDER","476","860.08"
"84632","DECORATIVE HANGING SHELVING UNIT","15","859.25"
"21185","HOME SWEET HOME  BLACKBOARD","129","857.24"
"22486","PLASMATRONIC LAMP","104","856.40"
"84660A","WHITE STITCHED WALL CLOCK","860","855.26"
"21635","MADRAS NOTEBOOK LARGE","398","855.24"
"84578","ELEPHANT TOY WITH BLUE T-SHIRT","222","854.91"
"21478","SILVER SKULL HOT WATER BOTTLE","204","854.23"
"23525","BUFFALO BILL WALL ART","248","852.72"
"20756","GREEN FERN POCKET BOOK","5728","851.56"
"35954","SMALL FOLKART STAR CHRISTMAS DEC","2181","850.49"
"21376","LARGE  TALL CAMPHOR WOOD TOADSTOOL","183","849.91"
"21458","2 PICTURE BOOK EGGS EASTER BUNNY","768","849.24"
"20897","VINTAGE NOTEBOOK PARIS DAYS","351","848.70"
"72349b","SET/6 PURPLE BUTTERFLY T-LIGHTS","204","848.41"
"22547","MINI JIGSAW DINOSAUR","1980","846.82"
"22229","BUNNY WOODEN PAINTED WITH FLOWER","1007","845.30"
"22820","GIFT BAG BIRTHDAY","1353","845.13"
"90161C","ANT COPPER LIME BOUDICCA BRACELET","169","843.91"
"37423","WHITE WITH BLACK CATS PLATE","6168","843.88"
"20936","FORKED CACTUS CANDLE","333","843.39"
"21300","ANTIQUE EDWARDIAN DRESSER","53","841.70"
"21128","GOLD FISHING GNOME","126","841.63"
"23564","EGG CUP MILKMAID INGRID","644","841.31"
"84782A","PINK 3 TIER GLASS PLATE STAND","119","840.45"
"23551","PACK OF 12 PAISLEY PARK TISSUES","1840","839.84"
"85231L","LAVENDER SCENTED SET/9 T-LIGHTS","1039","838.35"
"17039","INLAID WOOD INCENSE HOLDER","3707","837.88"
"84762B","PINK PICNIC BARBECUE BUCKET","113","837.77"
"21552","CERAMIC BIRDHOUSE BLACK ROSE  LARGE","165","837.60"
"84997a","CHILDRENS CUTLERY POLKADOT GREEN","101","837.29"
"85071C","CHARLIE+LOLA""EXTREMELY BUSY"" SIGN","1285","837.23"
"40018E","TEA TIME PAPER LANTERNS","384","837.02"
"85208","SET/12 FUNKY FELT FLOWER PEG IN BAG","420","836.94"
"47563A","RETRO LONGBOARD IRONING BOARD COVER","343","836.62"
"47367B","PAIR PADDED HANGERS PINK CHECK","242","834.95"
"22785","SQUARECUSHION COVER PINK UNION FLAG","119","833.82"
"21286","RETROSPOT CANDLE  LARGE","711","833.75"
"84849A","HELLO SAILOR BLUE SOAP HOLDER","470","833.57"
"23523","TREASURE AHOY WALL ART","270","833.46"
"20776","ABSTRACT CIRCLES NOTEBOOK","3258","832.66"
"85196","EASTER BUNNIES ON A STICK","1564","831.04"
"84509a","SET OF 4 ENGLISH ROSE PLACEMATS","111","829.18"
"85213","MINI  ZINC GARDEN DECORATIONS","1378","829.00"
"20894","HANGING BAUBLE T-LIGHT HOLDER LARGE","267","827.30"
"23017","APOTHECARY MEASURING JAR","67","826.28"
"85188A","GREEN METAL SWINGING BUNNY","944","824.97"
"79342B","BROWN FLOWER LIGHTS","119","824.95"
"21551","CERAMIC BIRDHOUSE BUTTERFLY LARGE","169","824.95"
"21654","RIDGED GLASS FINGER BOWL","1183","820.21"
"82613C","METAL SIGN,CUPCAKE SINGLE HOOK","770","820.01"
"23186","FRENCH STYLE STORAGE JAR CAFE","1982","819.46"
"22685","FRENCH BLUE METAL DOOR SIGN 0","621","818.33"
"21375","LARGE CAMPHOR WOOD FIELD MUSHROOM","134","817.60"
"85187","S/12 MINI RABBIT EASTER","479","816.48"
"21719","LOVELY BONBON STICKER SHEET","906","813.14"
"20833","SHAKER THROW  QUILTED","52","811.80"
"21374","MIRRORED WALL ART SKULLS","470","809.67"
"85145","JARDIN ETCHED GLASS LARGE BELL JAR","91","809.05"
"20769","DAISY JOURNAL","438","808.81"
"47594B","SCOTTIES DESIGN WASHBAG","408","808.39"
"84922","PINK BUTTERFLY WASHBAG","342","808.22"
"23022","SMALL BONNE JAM JAR  T-LIGHT HOLDER","422","808.16"
"21454","PAINTED PINK RABBIT","937","807.60"
"20901","VINTAGE KEEPSAKE BOX PINK FLOWER","91","806.58"
"84767","ZINC POLICE BOX LANTERN","195","806.22"
"17012A","ORIGAMI VANILLA INCENSE/CANDLE SET","726","806.16"
"84920","PINK FLOWER FABRIC PONY","201","805.38"
"37333","RETRO ""TEA FOR ONE""","145","805.10"
"21222","SET/4 BADGES BEETLES","621","804.65"
"23409","PHOTO FRAME LINEN AND LACE LARGE","215","801.68"
"85044","RED REINDEER STRING OF 20 LIGHTS","149","801.40"
"22825","DECORATIVE PLANT POT WITH FRIEZE","100","799.02"
"20699","MOUSEY LONG LEGS SOFT TOY","294","797.96"
"23524","HORSE & PONY WALL ART","256","797.31"
"21455","PAINTED YELLOW WOODEN DAISY","901","797.27"
"20997","ROSE DU SUD CUSHION COVER","170","796.74"
"21285","RETROSPOT CANDLE  MEDIUM","744","796.40"
"21558","SKULL LUNCHBOX WITH CUTLERY","298","796.12"
"22058","CERAMIC LOVE HEARTS DESIGN MUG","520","795.72"
"23487","SWEET HEART CAKE CARRIER","80","795.58"
"17129F","DEEP BLUE GLASS GEMS IN BAG","669","794.46"
"37494A","FAIRY CAKE CERAMIC BUTTER DISH","237","793.44"
"84625D","WHITE NEWBAROQUE CANDLESTICK CANDLE","650","793.34"
"35915C","PEACH KNITTED HEN","662","793.32"
"47574A","ENGLISH ROSE SCENTED HANGING FLOWER","573","792.73"
"23106","ZINC HEARTS PLANT POT HOLDER","283","792.47"
"23519","EMBROIDERED RIBBON REEL CLAIRE","224","792.31"
"85017A","ENVELOPE 50 ROMANTIC IMAGES","1157","792.15"
"45008C","DECORATIVE NET CANOPY CREAM","83","792.07"
"22785","CUSHION COVER PINK UNION FLAG","120","792.06"
"23335","EGG FRYING PAN IVORY","377","790.78"
"37330","SPOTS MUG","437","790.70"
"21286","RETRO SPOT CANDLE  LARGE","295","789.26"
"23568","EGG CUP HENRIETTA HEN CREAM","630","787.52"
"84970s","HANGING HEART ZINC T-LIGHT HOLDER","373","784.04"
"22414","DOOR MAT NEIGHBOURHOOD WITCH","95","783.87"
"22408","MONEY BOX CONFECTIONERY DESIGN","638","783.67"
"72799C","PINK PILLAR CANDLE SILVER FLOCK","471","783.10"
"20989","URBAN CHIC CHOPSTICKS SET/5","407","782.18"
"22204","MILK PAN BLUE POLKADOT","226","782.16"
"84247E","PACK/12 XMAS FUN CARD","270","780.26"
"37461","FUNKY MONKEY MUG","742","778.64"
"21456","2 PICTURE BOOK EGGS EASTER CHICKS","738","776.05"
"90200B","BLACK SWEETHEART BRACELET","183","775.45"
"84534B","FAIRY CAKE NOTEBOOK A5 SIZE","818","774.71"
"21015","DARK BIRD HOUSE TREE DECORATION","1700","771.73"
"23115","RED APPLES CHOPPING BOARD","152","770.32"
"22684","FRENCH BLUE METAL DOOR SIGN 9","562","769.86"
"21723","ALPHABET HEARTS STICKER SHEET","866","769.13"
"20910","VINTAGE PHOTO ALBUM PARIS DAYS","106","769.12"
"22985","WRAP BILLBOARD FONTS DESIGN","1831","769.02"
"84761","IVORY HANGING BIRD PLANTER","276","768.85"
"21554","CERAMIC BIRDHOUSE RED ROOF LARGE","167","767.75"
"84712B","PINK JEWELLED PHOTO FRAME","98","767.16"
"72755C","FLOWER FAIRY OIL BURNER SET ROSE","592","767.00"
"35095B","RED VICTORIAN FABRIC OVAL BOX","1952","766.64"
"84029C","BROWN FURRY HOT WATER BOTTLE","204","766.19"
"23140","TRIPLE WIRE HOOK IVORY HEART","182","766.10"
"16259","PIECE OF CAMO STATIONERY SET","5473","766.09"
"22640","SET OF 4 NAPKIN CHARMS 3 KEYS","357","765.39"
"16244B","MAXWELL 2 TONE BLUE 60 PAGE PHOTO A","345","765.02"
"84963A","PINK PAINTED KASHMIRI CHAIR","23","763.35"
"23550","WRAP ALPHABET POSTER","1855","763.10"
"35811A","ENAMEL PINK SUGAR CONTAINER","434","762.97"
"23006","TRAVEL CARD WALLET FLOWER MEADOW","1758","762.75"
"23458","DOLLY CABINET 3 DRAWERS","51","762.45"
"22492","MINI PAINT SET VINTAGE  BOY+ GIRL","1260","761.40"
"84762C","GREEN PICNIC BARBECUE BUCKET","105","761.25"
"21709","FOLDING UMBRELLA CHOCOLATE POLKADOT","163","760.95"
"23025","DRAWER KNOB VINTAGE GLASS BALL","350","760.80"
"23524","WALL ART HORSE & PONY","225","760.32"
"23123","COCKTAIL SWORDS 50 PIECES","935","759.57"
"21298","EDWARDIAN 2 DRAWER WALL CABINET","52","755.80"
"85135A","YELLOW DRAGONFLY HELICOPTER","94","754.59"
"90209C","PINK ENAMEL+GLASS HAIR COMB","399","754.46"
"47581B","FAIRY CAKE WICKER PICNIC BASKET","46","753.77"
"22124","SET OF 2 TEA TOWELS PING MICROWAVE","298","751.93"
"17165B","ASS COL LARGE SAND GECKO P'WEIGHT","810","751.68"
"21194","PINK  HONEYCOMB PAPER FAN","578","751.50"
"23124","18PC WOODEN CUTLERY SET DISPOSABLE","567","751.38"
"84653","GREEN ROSE QUILT","14","750.48"
"23223","CHRISTMAS TREE HANGING SILVER","801","750.19"
"21344","MOROCCAN BEATEN METAL DISH","166","749.82"
"90200A","PURPLE SWEETHEART BRACELET","177","749.69"
"84615","PINK ROUND BUTTERFLY MIRROR","240","748.48"
"35647","VINTAGE BEAD PINK SHADE","563","748.24"
"84620","BLUE GINGHAM ROSE CUSHION COVER","121","746.61"
"84663A","GRASS HOPPER WOODEN WALL CLOCK","373","746.39"
"21284","RETRO SPOT CANDLE  SMALL","408","744.75"
"22493","PAINT YOUR OWN CANVAS SET","492","744.60"
"84842","HELLO SAILOR BATHROOM SET","1505","744.15"
"21319","GLASS CHALICE GREEN  SMALL","508","743.61"
"72800A","S/4 BLACK DINNER CANDLE SILVER FLOC","674","743.26"
"23282","FOLDING BUTTERFLY MIRROR IVORY","794","742.92"
"84689","S/2 BEACH HUT TREASURE CHESTS","312","742.90"
"22676","FRENCH BLUE METAL DOOR SIGN, 1","577","742.67"
"21377","SMALL CAMPHOR WOOD FIELD  MUSHROOM","518","742.56"
"84821","DANISH ROSE DELUXE COASTER","1318","742.50"
"21391","FRENCH EMROIDR LAVENDER SCENT HEART","341","741.60"
"21503","TOYBOX  WRAP","1801","740.42"
"23114","VINTAGE LEAF CHOPPING BOARD","149","737.95"
"85130C","BEADED CRYSTAL HEART BLUE  LARGE","659","737.89"
"84033","FLAG OF ST GEORGE","392","735.38"
"22638","SET OF 4 NAPKIN CHARMS CROWNS","405","735.23"
"84715","SET OF 6 ICE CREAM SKITTLES","241","734.89"
"90161B","ANT COPPER TURQ BOUDICCA BRACELET","147","734.16"
"84708B","PINK JEWELLED PHOTO FRAME","142","732.79"
"23435","3 RAFFIA RIBBONS VINTAGE CHRISTMAS","824","732.42"
"ADJUST2","Adjustment by Peter on Jun 25 2010","3","731.05"
"85131B","BEADED CRYSTAL HEART GREEN ON STICK","948","730.74"
"90209B","GREEN ENAMEL+GLASS HAIR COMB","380","730.66"
"47503F","ASS FLORAL PRINT TORCH","2567","729.95"
"21378","SMALL TALL CAMPHOR WOOD TOADSTOOL","560","728.97"
"72800B","S/4 PURPLE DINNER CANDLE BLK FLOCK","650","728.67"
"21443","OLIVE CHALET BIRDFEEDER","257","727.93"
"20657","TROPICAL LUGGAGE TAG","1877","726.47"
"21415","CLAM SHELL SMALL","348","726.16"
"85230F","JASMINE VOTIVE CANDLE","2946","725.70"
"35095A","BLUE VICTORIAN FABRIC OVAL BOX","1809","725.56"
"23562","SET OF 6 RIBBONS PERFECTLY PRETTY","251","724.59"
"85088","CANDY SPOT HAND BAG","347","723.85"
"84595E","LARGE TORTILLA DESIGN RED BOWL","367","723.57"
"21393","BLUE  SPOTTY PUDDING BOWL","2679","723.55"
"84971L","LARGE HEART FLOWERS HOOK","585","723.51"
"84976","RECTANGULAR SHAPED MIRROR","674","722.76"
"20701","PINK CAT FLORAL CUSHION COVER","353","721.49"
"10134","COLOURING PENCILS BROWN TUBE","625","721.13"
"84684","BEACH HUT PHOTO FRAME","609","720.70"
"85017C","ENVELOPE 50 CURIOUS IMAGES","1087","719.67"
"23222","CHRISTMAS TREE HANGING GOLD","799","718.53"
"16011","ANIMAL STICKERS","3427","718.47"
"35951","FOLKART BAUBLE CHRISTMAS DECORATION","1352","717.99"
"21001","ROSE DU SUD WASHBAG","141","717.80"
"84997d","PINK 3 PIECE POLKADOT CUTLERY SET","85","717.43"
"84997c","BLUE 3 PIECE POLKADOT CUTLERY SET","85","717.25"
"21026","SPACE OWL","549","716.73"
"21457","2 PICTURE BOOK EGGS EASTER DUCKS","685","716.00"
"21076","SET/20 COLLAGE PAPER NAPKIN","843","714.55"
"20850","ZINC HEART LATTICE PLANTER BOWL","820","713.80"
"35915B","BLUE KNITTED HEN","563","713.73"
"21133","PAINTED BIRD ASSORTED CHRISTMAS","410","712.91"
"23042","PAPER LANTERN 7 POINT SNOW STAR","103","711.51"
"16015","MEDIUM CHINESE STYLE SCISSOR","1572","711.38"
"20854","BLUE PATCH PURSE PINK HEART","441","711.37"
"21221","SET/4 BADGES CUTE CREATURES","535","709.66"
"23070","EDWARDIAN HEART PHOTO FRAME","160","709.54"
"22100","SKULLS SQUARE TISSUE BOX","1005","709.50"
"21365","MIRRORED WALL ART STARS","469","707.92"
"21308","LOUVRE VANITY MIRROR","132","705.90"
"21265","PINK GOOSE FEATHER TREE 60CM","321","705.59"
"84952C","MIRROR LOVE BIRD T-LIGHT HOLDER","374","705.01"
"21442","GREEN BIRDHOUSE DECORATION","973","704.97"
"22981","PANTRY APPLE CORER","471","704.13"
"84869","CANDY BUTTON PHOTO ALBUM","302","703.54"
"20763","DAISY SKETCHBOOK","267","702.86"
"84569A","PACK 3 IRON ON DOG PATCHES","562","702.42"
"21740","COSY SLIPPER SHOES LARGE RED","201","698.01"
"84584","PINK GINGHAM CAT WITH SCARF","282","696.75"
"85231E","STRAWBERRY SCENTED SET/9 T-LIGHTS","835","695.23"
"22036","DINOSAUR BIRTHDAY CARD","1649","695.11"
"23187","FRENCH STYLE STORAGE JAR BONBONS","2338","695.06"
"20898","VINTAGE NOTEBOOK TRAVELOGUE","327","693.92"
"72755D","FLOWER FAIRY OIL BURNER SET SUMMER","533","693.25"
"72131","COLUMBIAN CANDLE RECTANGLE","748","692.28"
"20862","PINK PATCH PENCIL CASE BLUE HEART","325","691.14"
"72753A","S/3 FLWR FAIRY LILLY CANDLES","315","690.24"
"35964","FOLKART CLIP ON STARS","1187","689.76"
"84931B","BLUE SCOTTIE DOG W FLOWER PATTERN","274","688.73"
"90161D","ANT COPPER PINK BOUDICCA BRACELET","138","687.52"
"84917","WHITE HAND TOWEL WITH BUTTERFLY","229","686.03"
"85186A","EASTER BUNNY GARLAND OF FLOWERS","1473","685.87"
"21710","FOLDING UMBRELLA PINKWHITE POLKADOT","142","685.67"
"84563A","PINK & WHITE BREAKFAST TRAY","139","685.15"
"37492D","PURPLE GREEN FLOWER PIGGY BANK","361","682.99"
"22847","BREAD BIN, DINER STYLE, IVORY","45","682.75"
"84951A","SET OF 4 PISTACHIO LOVEBIRD COASTER","516","682.66"
"23120","PACK OF 6 SMALL FRUIT STRAWS","1685","682.39"
"85023B","EAU DE NILE JEWELLED PHOTOFRAME","293","682.35"
"17165D","ASS COL LARGE SAND FROG P'WEIGHT","716","682.32"
"22033","BOTANICAL ROSE GREETING CARD","1603","681.93"
"23325","RUSTIC STRAWBERRY JAM POT SMALL","426","681.54"
"85084","HOLLY TOP CHRISTMAS STOCKING","682","681.40"
"21674","RIDGED GLASS PENDANT LAMPSHADE","43","680.85"
"21386","IVORY HANGING DECORATION  EGG","1148","680.78"
"17012F","ORIGAMI SANDLEWOOD INCENSE/CAND SET","586","680.65"
"21397","BLUE POLKADOT EGG CUP","1163","679.38"
"23597","PAPER BUNTING PAISLEY PARK","249","679.07"
"47594A","CAROUSEL DESIGN WASHBAG","344","678.30"
"62094B","TURQ ICE CREAM BUM BAG","305","677.99"
"84925D","LA PALMIERA WALL THERMOMETER","452","677.45"
"90160C","TURQ+RED BOUDICCA LARGE BRACELET","97","677.00"
"85096","HILDA CANDY SPOT RABBIT","164","676.92"
"84824","DANISH ROSE UMBRELLA STAND","38","676.45"
"23428","IVORY RETRO KITCHEN WALL CLOCK","77","675.91"
"22511","RETROSPOT BABUSHKA DOORSTOP","296","675.56"
"21847","GREEN  DIAMANTE PEN IN GIFT BOX","347","675.37"
"22641","SET OF 4 NAPKIN CHARMS INSTRUMENT","288","674.30"
"22999","TRAVEL CARD WALLET RETRO PETALS","1544","674.11"
"20856","DENIM PATCH PURSE PINK BUTTERFLY","408","674.09"
"37444C","PINK BREAKFAST CUP AND SAUCER","1654","673.72"
"22034","ROBIN CHRISTMAS CARD","1617","673.49"
"22965","3 TRADITIONAL COOKIE CUTTERS  SET","354","671.40"
"75013B","STRING OF 8 BUTTERFLIES,PINK","390","669.62"
"72023F","RED ORGANIC CANDLE IN GLASS","640","669.62"
"85205B","PINK FELT EASTER RABBIT GARLAND","241","669.38"
"23024","LARGE BONNE JAM JAR  T-LIGHT HOLDER","255","667.85"
"82613A","METAL SIGN,CUPCAKE SINGLE HOOK","492","667.47"
"72750B","FLOWER FAIRY SET 3 CANDLES LAVENDER","303","666.85"
"85203","HANGING WOOD AND FELT BUTTERFLY","1463","665.91"
"21879","HEARTS GIFT TAPE","1567","664.84"
"21247","SET OF RED SALAD SERVERS","422","664.73"
"90082D","DIAMANTE BOW BROOCH BLACK COLOUR","103","664.35"
"21884","CAKES AND BOWS GIFT  TAPE","1448","663.61"
"46776E","WOVEN CANDY CUSHION COVER","205","662.10"
"21197","MULTICOLOUR  CONFETTI IN TUBE","453","661.81"
"22383","LUNCHBAG SUKI  DESIGN","410","661.63"
"23547","WRAP FLOWER SHOP","1575","661.50"
"17109C","FLOWER FAIRY INCENSE ROSE","3124","661.23"
"23482","PEARLISED IVORY HEART LARGE","418","661.02"
"85188B","PINK METAL SWINGING BUNNY","748","660.88"
"22322","BIRD DECORATION GREEN  SPOT","678","660.62"
"21764","VINTAGE WOODEN PLATE RACK","17","659.15"
"16169K","WRAP FOLK ART","2075","658.75"
"17012D","ORIGAMI ROSE INCENSE/CANDLE SET","520","658.72"
"21263","GREEN GOOSE FEATHER TREE 60CM","299","658.29"
"85186C","BUNNY EGG GARLAND","1400","658.19"
"46776D","WOVEN SUNSET CUSHION COVER","153","658.07"
"20652","BLUE SPOTTY LUGGAGE TAG","1236","657.90"
"22056","CERAMIC PLATE LOVE HEART DESIGN","607","656.87"
"85028S","FRENCH CHATEAU SMALL FRUITBOWL","430","656.82"
"22677","FRENCH BLUE METAL DOOR SIGN, 2","509","656.41"
"71403","PINK/WHITE ""KEEP CLEAN"" BULLET BIN","176","656.05"
"21441","BLUE BIRDHOUSE DECORATION","928","655.46"
"22054","MINI CAKE STAND HANGING HEARTS","361","655.01"
"85028L","FRENCH CHATEAU LARGE FRUIT BOWL","271","654.01"
"85168B","BLACK BAROQUE CARRIAGE CLOCK","72","652.17"
"90184C","BLACK CHUNKY BEAD BRACELET W STRAP","72","651.89"
"85019C","CURIOUS  IMAGES NOTEBOOK SET","423","651.19"
"37474","SET/4 2 TONE EGG SHAPE MIXING BOWLS","63","651.05"
"47310M","SMALL POP BOX,FUNKY MONKEY","488","650.96"
"21307","SET/4 BUTTERFLY MIRROR MAGNETS","749","650.07"
"20714","POSY SHOPPER BAG","1580","649.82"
"23224","CHERUB HEART DECORATION GOLD","738","649.02"
"84993A","75 GREEN PETIT FOUR CASES","1471","648.61"
"20618","QUEEN OF THE SKIES PASSPORT COVER","297","648.54"
"21350","GINGHAM HEART WREATH","225","647.75"
"21003","ROSE DU SUD CUSHION COVER","109","647.75"
"21750","LARGE SKULL WINDMILL","301","647.05"
"17164B","ASS COL SMALL SAND GECKO P'WEIGHT","1620","646.56"
"21134","VICTORIAN METAL POSTCARD CHRISTMAS","377","646.44"
"84916","HAND TOWEL PALE BLUE W FLOWERS","261","646.43"
"22678","FRENCH BLUE METAL DOOR SIGN, 3","501","645.15"
"47597","NEW ENGLAND TEATOWELS","322","644.88"
"23408","PHOTO FRAME LINEN AND LACE SMALL","310","644.80"
"85215","ASSORTED CHEESE FRIDGE MAGNETS","831","643.89"
"17181","CIRCLE OF FRIENDS CANDLE HOLDER","353","642.66"
"22134","LADLE LOVE HEART RED","1489","642.40"
"16169M","WRAP DAISY CARPET","2060","640.95"
"17084N","FAIRY DREAMS INCENSE","2768","640.26"
"84520D","PACK OF 20 FAIRY CAKE PAPER NAPKINS","699","639.47"
"84865","NEW BAROQUE BLACK PHOTO ALBUM","77","639.42"
"84986B","SET OF 36 SILVER PAPER DOILIES","432","639.06"
"35004P","SET OF 3 PINK FLYING DUCKS","120","638.97"
"21665","TRIANGULAR RIDGED GLASS POSY HOLDER","879","638.80"
"84601A","NEW BAROQUE IVORY CUSHION COVER","260","638.34"
"84766","SILVER ROCOCO CANDLE STICK","200","638.00"
"17107D","FLOWER FAIRY,5 SUMMER B'DRAW LINERS","250","637.50"
"21816","CHRISTMAS TREE T-LIGHT HOLDER","422","637.34"
"84872a","TEATIME FUNKY FLOWER BACKPACK FOR 2","58","636.47"
"85185D","FROG SOCK PUPPET","195","636.11"
"23492","VINTAGE JINGLE BELLS WREATH","76","635.38"
"22391","PAPERWEIGHT HOME SWEET HOME","323","635.19"
"23298","BUNTING , SPOTTY","146","634.70"
"84507C","BLUE CIRCLES DESIGN MONKEY DOLL","433","634.64"
"22510","GINGHAM BABUSHKA DOORSTOP","272","633.35"
"20819","SILVER TEDDY BEAR","228","631.49"
"84951B","SET OF 4 BLACK LOVEBIRD COASTERS","477","631.12"
"23216","LAUREL HEART ANTIQUE GOLD","525","630.73"
"84964A","PINK PAINTED KASHMIRI TABLE","11","630.00"
"23019","SMALL APOTHECARY MEASURING JAR","81","629.05"
"85230E","STRAWBRY SCENTED VOTIVE CANDLE","2445","628.41"
"23027","DRAWER KNOB VINTAGE GLASS HEXAGON","295","627.95"
"22263","FELT EGG COSY LADYBIRD","836","627.38"
"22042","CHRISTMAS CARD SINGING ANGEL","1738","627.19"
"72814","SET OF 3 CHRISTMAS BRIAR CANDLES","176","626.39"
"16169N","WRAP BLUE RUSSIAN FOLKART","2025","626.25"
"71101E","STANDING FAIRY POLE SUPPORT","777","626.13"
"90184B","AMETHYST CHUNKY BEAD BRACELET W STR","69","625.48"
"85218","S/5 MINI ICE CREAM FRIDGE MAGNETS","1992","625.20"
"82616A","BUBBLE GUM SCARF KNITTING KIT","316","624.21"
"22289","DECORATION , HANGING METAL CHICKEN","616","623.96"
"85092","CANDY SPOT TEA COSY","391","622.57"
"20694","FLORAL PINK MONSTER","166","622.33"
"22288","HANGING METAL RABBIT DECORATION","476","621.97"
"22129","PARTY CONES CANDY DECORATION","454","621.96"
"84596J","MIXED NUTS LIGHT GREEN BOWL","810","621.74"
"23425","STORAGE TIN HOME SWEET HOME","275","621.44"
"23180","MUM'S KITCHEN CLOCK","122","621.09"
"16156N","WRAP, FRIENDSHIP ON GREEN","1475","619.50"
"22043","CHRISTMAS CARD SCREEN PRINT","2197","619.25"
"23528","WALL ART SPACEBOY","173","618.59"
"84707B","PINK JEWELLED MIRROR TRINKET TRAY","79","618.52"
"22837","HOT WATER BOTTLE BABUSHKA LARGE","136","618.00"
"20696","FLORAL SOFT CAR TOY","151","617.94"
"23471","SIX DRAWER OFFICE TIDY","65","616.79"
"23453","OVAL  MINI PORTRAIT FRAME","316","615.98"
"72772","SET/4 SCENTED CANDLES IN RAMEKINS","457","615.84"
"84952B","BLACK LOVE BIRD T-LIGHT HOLDER","364","615.49"
"84932C","SMALL ORIENTAL BLUE FOLDING STOOL","282","615.40"
"20689","RETRO SISTERS EXPRESSO CUPS","429","614.10"
"84859A","SILVER DISCO HANDBAG","293","613.53"
"47583A","SET OF 3 WICKER BASKET ROSE","71","612.82"
"85114c","RED ENCHANTED FOREST PLACEMAT","185","612.64"
"37351","ORANGE FLOWER MUG","5404","612.51"
"23018","LARGE APOTHECARY MEASURING JAR","51","612.16"
"79315W","FLYING SAUCER TABLE LIGHT IN WHITE","199","611.51"
"35972","DAISY FOLKART HEART DECORATION","440","611.38"
"84858C","PINK RIVIERA HANDBAG","347","611.07"
"22538","MINI JIGSAW GO TO THE FAIR","1443","610.43"
"22680","FRENCH BLUE METAL DOOR SIGN, 5","477","610.11"
"gift_0001_30","Dotcomgiftshop Gift Voucher £30.00","24","610.09"
"23454","THREE MINI HANGING FRAMES","142","610.00"
"90198A","VINTAGE ROSE BEAD BRACELET RASPBERR","144","609.43"
"21392","RED POLKADOT PUDDING BOWL","3717","608.90"
"20655","QUEEN OF SKIES LUGGAGE TAG","414","608.48"
"84051","ASS COLOUR GLOWING TIARAS","746","607.98"
"21173","LOO ROLL  METAL SIGN","340","607.96"
"20695","FLORAL BLUE MONSTER","142","604.58"
"85169D","PINK LOVE BIRD CANDLE","521","603.98"
"79190B","RETRO PLASTIC POLKA TRAY","1485","603.08"
"21416","CLAM SHELL LARGE","751","603.06"
"84247G","DECOUPAGE,GREETING CARD,","1414","602.67"
"21711","FOLDING UMBRELLA WHITE/RED POLKADOT","120","602.66"
"84932A","SMALL GREEN PEONY FOLDING STOOL","262","602.60"
"20863","BLUE PATCH PENCIL CASE PINK HEART","293","601.53"
"82095","HEART BUTTONS JEWELLERY BOX","100","600.91"
"23520","EMBROIDERED RIBBON REEL RUBY","167","600.55"
"84876D","BLUE HEART COMPACT MIRROR","331","600.52"
"85146","JARDIN ETCHED GLASS SMALL BELL JAR","118","599.38"
"90143","SILVER BRACELET W PASTEL FLOWER","79","599.13"
"17109D","FLOWER FAIRY INCENSE BOUQUET","1257","598.31"
"21440","12 MINI TOADSTOOL PEGS","472","597.56"
"84682","CLASSICAL ROSE DISH","295","596.94"
"22679","FRENCH BLUE METAL DOOR SIGN, 4","468","596.34"
"82011C","BATHROOM SCALES FOOTPRINTS IN SAND","131","595.18"
"85117","NIGHTINGALE COATHOOK WHITE","347","594.32"
"47469","ASSORTED SHAPES PHOTO CLIP SILVER","1220","594.28"
"72122","COFFEE SCENT PILLAR CANDLE","586","593.33"
"16236","KITTY PENCIL ERASERS","2652","593.29"
"20849","ZINC HEART LATTICE DOUBLE PLANTER","674","593.03"
"22092","BLUE PAISLEY TISSUE BOX","933","592.91"
"62096A","PINK/YELLOW FLOWERS HANDBAG","383","592.79"
"23377","PACK OF 12 DOLLY GIRL TISSUES","1351","592.45"
"85113","POLKA DOT PISTACHIO PAIL","285","591.66"
"21304","ARCHED GREY MIRROR","86","591.58"
"84963B","BLUE PAINTED KASHMIRI CHAIR","18","591.50"
"20794","BLUE  TILE HOOK","212","591.02"
"21322","GLASS SPHERE CANDLE STAND LARGE","301","590.45"
"84563B","BLUE & WHITE BREAKFAST TRAY","128","590.04"
"20661","BLUE SPOTTY PURSE","483","589.90"
"21256","FRENCH BOTTLE, BRASSERIE DES ARTIST","326","588.64"
"21893","POTTING SHED SEED TIN","172","587.80"
"21167","WHITE SAGE INCENSE","2440","587.52"
"21223","SET/4 BADGES WOODLAND ANIMAL","492","587.08"
"84934","ASSTD DESIGN POP ART SLIM PEN","687","586.50"
"22683","FRENCH BLUE METAL DOOR SIGN, 8","458","586.36"
"23565","EGG CUP MILKMAID HELGA","410","586.31"
"23499","SET 12 VINTAGE DOILY CHALK","1312","586.23"
"90199C","5 STRAND GLASS NECKLACE CRYSTAL","99","585.29"
"90195A","PURPLE GEMSTONE BRACELET","70","585.20"
"84569C","PACK 4 FLOWER/BUTTERFLY PATCHES","415","584.93"
"21379","CAMPHOR WOOD PORTOBELLO MUSHROOM","571","583.10"
"21016","LIGHT BIRD HOUSE TREE DECORATION","834","582.85"
"82001s","SILVER RECORD COVER FRAME","78","581.88"
"21553","CERAMIC BIRDHOUSE FINCH BLUE  LARGE","90","581.27"
"22785","SQUARECUSHION COVER PINK UNION JACK","173","581.23"
"20781","GOLD EAR MUFF HEADPHONES","103","579.93"
"20804","GLASS CHICKEN BUTTER DISH","325","579.31"
"22999","TRAVEL CARD WALLET VINTAGE LEAF","1350","578.48"
"85232A","SET/3 POLKADOT STACKING TINS","113","578.46"
"90010B","BLACK/WHITE GLASS/SILVER BRACELET","63","578.02"
"15056p","EDWARDIAN PARASOL PINK","46","577.84"
"21419","CONCH SHELL","1259","577.69"
"22685","FRENCH BLUE METAL DOOR SIGN, 0","461","577.51"
"23324","RUSTIC STRAWBERRY JAM POT LARGE","279","577.48"
"35922","EASTER BUNNY WREATH","97","575.99"
"85144","JARDIN ETCHED GLASS CHEESE DISH","219","575.45"
"23016","GLASS TWIST BON BON JAR","74","575.25"
"23125","6PC WOOD PLATE SET DISPOSABLE","459","574.88"
"84932D","SMALL ORIENTAL RED FOLDING STOOL","239","574.71"
"20935","ROUND CACTUS CANDLE","300","574.48"
"47421","ASSORTED COLOUR LIZARD SUCTION HOOK","1463","572.70"
"22684","FRENCH BLUE METAL DOOR SIGN, 9","450","572.58"
"17013D","ORIGAMI ROSE INCENSE IN TUBE","1068","572.40"
"84675","FROG KING WATERING CAN","206","571.71"
"84924A","WAKE UP COCKEREL CALENDAR SIGN","133","571.00"
"20615","BLUE SPOTTY PASSPORT COVER","316","570.85"
"16162L","THE KING GIFT BAG","8101","570.43"
"84509C","SET OF 4 POLKADOT PLACEMATS","149","570.19"
"85202","HANGING WOOD AND FELT HEART","1208","570.09"
"85129A","WHITE PEARL BEADED HEART, SMALL","444","569.16"
"85086A","CANDY SPOT HEART DECORATION","587","568.73"
"23219","LAUREL STAR ANTIQUE SILVER","430","568.60"
"84806B","WHITE CANDYSTUFT ARTIFICIAL FLOWER","450","568.02"
"84846A","SCENTED CANDLE IN DIGITALIS TIN","251","567.55"
"85119","WATERING CAN SINGLE HOOK PISTACHIO","413","567.48"
"22425","ENAMEL COLLANDER CREAM","122","567.12"
"16169C","WRAP BLUE REINDEER","1350","567.00"
"85169C","EAU DE NIL LOVE BIRD CANDLE","505","566.82"
"22699","TEACUP AND SAUCER REGENCY ROSES","210","566.70"
"21285","RETRO SPOT CANDLE  MEDIUM","263","566.22"
"21899","GARAGE KEY FOB","777","565.81"
"20838","FRENCH LATTICE CUSHION COVER","446","565.80"
"37444A","YELLOW BREAKFAST CUP AND SAUCER","2709","563.43"
"23381","PACK OF 12 VINTAGE LEAF TISSUES","1496","562.88"
"23272","TREE T-LIGHT HOLDER WILLIE WINKIE","364","562.22"
"23413","VINTAGE COFFEE GRINDER BOX","109","561.23"
"37345","ASSTD HEARTS DESIGN MUGS","321","561.05"
"85230B","CINNAMON SCENTED VOTIVE CANDLE","2120","561.04"
"84773","RED ROSE AND LACE C/COVER","190","560.50"
"16049","TEATIME GEL PENS ASST","3169","560.48"
"22682","FRENCH BLUE METAL DOOR SIGN, 7","443","560.05"
"16238","PARTY TIME PENCIL ERASERS","2447","559.54"
"85090","CANDY SPOT APRON","106","559.28"
"22447","PIN CUSHION BABUSHKA BLUE","180","558.28"
"21160","KEEP OUT GIRLS DOOR HANGER","794","557.49"
"84306","S/3 PINK SQUARE PLANTERS ROSES","48","557.48"
"22950","SET OF 36 DOILIES VINTAGE CHRISTMAS","444","557.40"
"84569B","PACK 3 FIRE ENGINE/CAR PATCHES","433","557.18"
"23069","EDWARDIAN PHOTO FRAME","88","556.21"
"23451","SQUARE MINI PORTRAIT FRAME","277","556.17"
"72586","SET OF 6 HALLOWEEN GHOST T-LIGHTS","1244","556.11"
"21371","MIRRORED WALL ART POPPIES","404","556.01"
"21881","CUTE CATS TAPE","1332","554.95"
"90120D","WHITE MURANO TWIST BRACELET","134","554.13"
"21666","RIDGED GLASS T-LIGHT HOLDER","808","553.03"
"84859C","PINK DISCO HANDBAG","304","552.72"
"21666","RIDGED GLASS T-LIGHT HOLDER","952","552.12"
"23473","WOODLAND SMALL RED FELT HEART","678","552.02"
"22452","MEASURING TAPE RUSSIAN DOLL PINK","182","551.70"
"84805B","BLUE CLIMBING HYDRANGA ART FLOWER","340","551.40"
"79030G","TUMBLER NEW ENGLAND","1261","551.19"
"22044","CHRISTMAS CARD STACK OF PRESENTS","1940","550.28"
"22681","FRENCH BLUE METAL DOOR SIGN, 6","430","550.10"
"23456","MEDIUM PARLOUR PICTURE FRAME","136","550.00"
"21373","MIRRORED WALL ART SNOWFLAKES","636","548.89"
"85071D","CHARLIE+LOLA MY ROOM DOOR SIGN","884","548.86"
"85091","CANDY SPOT BREAD BASKETS","343","548.81"
"22584","PACK OF 6 PANETTONE GIFT BOXES","233","548.63"
"72800B","4 PURPLE FLOCK DINNER CANDLES","335","548.11"
"23549","WRAP BIRD GARDEN","1305","548.10"
"20888","SET 3 JARDIN DE FEMME SCENT CANDLES","367","547.74"
"23074","EMBOSSED HEART TRINKET BOX","246","547.27"
"85184C","SET 4 VALENTINE DECOUPAGE HEART BOX","169","545.75"
"21339","MARAKESH LANTERN LARGE","30","544.50"
"22394","PAPERWEIGHT KINGS CHOICE","346","544.29"
"84596K","JELLY BABIES YELLOW SMALL BOWL","428","543.41"
"22983","CARD, BILLBOARD FONT","1300","543.34"
"18094C","WHITE AND BLUE CERAMIC OIL BURNER","400","542.61"
"35969","FOLKART CROWN TABLE DECORATIONS","523","542.47"
"47021G","SET/6 BEAD COASTERS GAUZE BAG GOLD","713","541.96"
"20943","SET/6 GINGERBREAD STAR T-LIGHTS","381","540.21"
"21311","SET/4 BIRD MIRROR MAGNETS","701","539.67"
"85027L","FRENCH CHATEAU LARGE PLATTER","190","538.50"
"16048","TEATIME ROUND PENCIL SHARPENER","3461","537.06"
"84592","CROCHET ROSE PURSE WITH SUEDE BACK","173","536.40"
"84414B","FUSCHIA/GREEN STRIPE WOOLLY BLANKET","78","536.24"
"21017","RED BIRD HOUSE TREE DECORATION","659","535.89"
"23398","HANGING HEART BONHEUR","606","535.35"
"23660","HENRIETTA HEN MUG","306","534.66"
"72800D","S/4 BLUE DINNER CANDLE SILVER FLOCK","418","534.58"
"90203","SILVER CHARM NECKLACE 70CM","71","534.27"
"21418","STARFISH SOAP DISH","194","533.84"
"16169P","WRAP GREEN RUSSIAN FOLKART","1750","533.75"
"20823","GOLD WINE GOBLET","253","533.71"
"20659","ECONOMY LUGGAGE TAG","369","533.51"
"85020","ROUND PINK HEART MIRROR","240","533.48"
"85030","FRENCH CHATEAU OVAL PLATTER","211","531.45"
"84661B","BLACK SQUARE TABLE CLOCK","243","530.22"
"72267","PREMIUM CHURCH CANDLE","265","530.16"
"21215","IVORY PAPER CUP CAKE CASES","1153","530.16"
"21734","SMALL MARAKESH LANTERN ON STICK","97","529.49"
"90160D","PINK BOUDICCA LARGE BRACELET","76","529.22"
"21943","CAKES AND RABBITS DESIGN FLANNEL","591","529.16"
"84799","SPRIG LAVENDER ARTIFICIAL FLOWER","678","528.78"
"20653","CHERRY BLOSSOM LUGGAGE TAG","2004","528.77"
"23139","SINGLE WIRE HOOK PINK HEART","414","528.70"
"16202B","PASTEL BLUE PHOTO ALBUM","1039","528.56"
"23060","HEART BEADED TRELLIS DECORATION","249","528.17"
"90175D","TIGRIS EYE CHUNKY CHARM BRACELET","58","527.82"
"21336","GOLD WASHBAG","1823","527.56"
"22344","PARTY PIZZA DISH PINK POLKADOT","1296","526.64"
"71270","PHOTO CLIP LINE","370","525.40"
"22898","CHILDRENS APRON APPLE DESIGN","291","524.71"
"72728","ROSE SCENT CANDLES IN GLASS","643","523.15"
"21403","BLUE EGG  SPOON","2319","523.07"
"22861","EASTER TIN CHICKS IN GARDEN","305","522.93"
"85226C","BLUE PULL BACK RACING CAR","988","521.76"
"23537","WALL ART I LOVE LONDON","99","521.73"
"21459","YELLOW EASTER EGG HUNT START POST","263","520.55"
"23336","EGG FRYING PAN PINK","225","519.25"
"20793","BLUE TILED TRAY","281","518.50"
"20868","SILVER FABRIC MIRROR","882","518.07"
"35810B","ENAMEL BLUE RIM COFFEE CONTAINER","325","517.71"
"84657","GREEN ROSE CUSHION COVER","246","517.48"
"84762A","WHITE PICNIC BARBECUE BUCKET","59","517.43"
"84683","CLASSICAL ROSE CANDLESTAND","537","516.85"
"85039C","S/4 BLACK MINI ROSE CANDLE IN BOWL","536","516.31"
"90114","SUMMER DAISIES BAG CHARM","205","514.18"
"84931A","PINK SCOTTIE DOG W FLOWER PATTERN","204","513.69"
"46118","FUNKY MONKEY CUSHION COVER","373","513.58"
"16168M","FUNKY MONKEY GIFT BAG MEDIUM","1686","512.38"
"82605","OLD DOC RUSSEL METAL SIGN","227","512.13"
"72807c","SET/3 VANILLA SCENTED CANDLE IN BOX","60","511.98"
"23136","IVORY WIRE SWEETHEART LETTER TRAY","135","511.89"
"47559b","TEA TIME OVEN GLOVE","154","511.46"
"85179A","GREEN BITTY LIGHT CHAIN","217","511.07"
"84875B","GREEN SQUARE COMPACT MIRROR","373","511.01"
"85129C","BEADED CRYSTAL HEART BLUE SMALL","390","510.23"
"84989B","75 BLACK FAIRY CAKE CASES","1009","510.15"
"84782C","GREEN 3 TIER GLASS PLATE STAND","74","509.90"
"21540","DAIRY MAID CERAMIC BUTTER DISH","114","509.62"
"90058B","CRYSTAL STUD EARRINGS ASSORTED COL","1082","509.08"
"20753","RETRO PINK SPOT WASHING UP GLOVES","218","509.00"
"22135","LADLE LOVE HEART PINK","1096","508.75"
"20615","BLUE POLKADOT PASSPORT COVER","321","506.96"
"23043","PAPER LANTERN 9 POINT HOLLY STAR L","75","506.01"
"20654","FIRST CLASS LUGGAGE TAG","398","505.41"
"35004S","SET OF 3 SILVER FLYING DUCKS","145","505.40"
"23527","WALL ART ANIMALS AND NATURE","153","504.59"
"37352","BIRD IN TREE MUG","4643","504.55"
"22286","DECORATION WOBBLY RABBIT METAL","830","504.46"
"84877B","GREEN ROUND COMPACT MIRROR","291","504.43"
"22541","MINI JIGSAW LEAP FROG","1245","503.92"
"84218","BOX/12 CHICK & EGG IN BASKET","261","503.51"
"85169B","BLACK LOVE BIRD CANDLE","428","502.91"
"85142","JARDIN ETCHED GLASS GINGER JAR","57","502.58"
"20845","ZINC HEART LATTICE 2 WALL PLANTER","76","502.27"
"21117","BLOND DOLL DOORSTOP","328","502.08"
"79337","BLUE FLOCK GLASS CANDLEHOLDER","1194","502.03"
"84804B","BLUE DELPHINIUM ARTIFICIAL FLOWER","355","501.97"
"90010E","AMBER GLASS/SILVER BRACELET","56","501.65"
"23117","POPPY FIELDS CHOPPING BOARD","93","501.23"
"47591B","SCOTTIES DES CHILD'S APRON","300","500.83"
"23021","GLASS BONNE JAM JAR","120","500.82"
"20865","PATCHWORK PENCIL CASE BUTTERFLY","251","500.49"
"71143","SILVER BOOK MARK WITH BEADS","332","500.34"
"84706D","CHERRY BLOSSOM TABLE CLOCK","219","500.19"
"16219","HOUSE SHAPE PENCIL SHARPENER","3357","499.55"
"21882","SKULLS TAPE","1052","499.44"
"35471A","SET OF 3 BIRD L.BLUE FEATHER","421","499.31"
"23560","SET OF 6 RIBBONS COUNTRY STYLE","172","499.18"
"84247L","FAWN AND MUSHROOM GREETING CARD","1137","498.21"
"20864","DENIM PATCH PENCIL CASE BUTTERFLY","252","498.14"
"47592A","CAROUSEL DES CHILD'S OVERALL","257","497.81"
"35600D","PINK AND WHITE CHRISTMAS TREE 180CM","141","497.70"
"85230A","OPIUM SCENTED VOTIVE CANDLE","1992","497.04"
"21399","BLUE  SPOTTY  COFFEE MUG","241","495.98"
"72800C","S/4 PINK DINNER CANDLE SILVER FLOCK","394","494.39"
"22031","BOTANICAL LAVENDER BIRTHDAY CARD","1125","493.99"
"84798B","PURPLE FOXGLOVE ARTIIFCIAL FLOWER","326","492.90"
"16239","BALLERINA HEART DECORATION.","347","492.17"
"90160B","RED BOUDICCA LARGE BRACELET","71","490.92"
"84827","ASS DES PHONE SPONGE CRAFT STICKER","1027","489.79"
"37482P","CUBIC MUG PINK POLKADOT","549","489.60"
"BANK CHARGES","Bank Charges","31","489.24"
"21004","ROSE DU SUD CHILDS APRON","106","489.14"
"35967","FOLK ART METAL STAR T-LIGHT HOLDER","936","488.51"
"84876B","GREEN HEART COMPACT MIRROR","344","488.31"
"21663","VINTAGE GLASS SUGAR CADDY","76","488.16"
"51020B","STRIPY DESIGN SHOWER CAP","1084","488.12"
"84970l","SINGLE HEART ZINC T-LIGHT HOLDER","233","487.14"
"22892","SALT AND PEPPER SHAKERS TOADSTOOLS","397","486.35"
"72800D","4 BLUE DINNER CANDLES SILVER FLOCK","213","485.63"
"22897","OVEN MITT APPLE DESIGN","343","485.00"
"22407","MONEY BOX FIRST ADE DESIGN","394","484.34"
"84875D","BLUE SQUARE COMPACT MIRROR","371","483.75"
"23218","LAUREL STAR ANTIQUE GOLD","379","483.03"
"22259","FELT FARM ANIMAL HEN","590","482.95"
"22038","BOTANICAL LAVENDER GIFT WRAP","1150","481.00"
"84984B","RED PEONY CUSHION COVER","309","480.85"
"85227","SET/6 3D KIT CARDS FOR KIDS","591","479.84"
"22346","PARTY PIZZA DISH GREEN POLKADOT","1159","479.60"
"23169","CLASSIC GLASS SWEET JAR","119","479.45"
"16244A","MAXWELL 2 TONE PINK 60 PAGE PHOTO A","186","479.41"
"23422","PANTRY HOOK BALLOON WHISK","213","477.89"
"37492C","GREEN BLUE FLOWER PIGGY BANK","242","477.30"
"21620","S/4 ROSE    BOTANICAL  CANDLE","127","477.12"
"21132","SILVER STANDING GNOME","93","476.61"
"72750C","F.FAIRY S/3 CANDLE/GLASS, ROSE","232","476.40"
"23561","SET OF 6 RIBBONS PARTY","170","476.00"
"72801G","S/4 BURGUNDY WINE DINNER CANDLES","786","475.92"
"85170B","SET/6 BLACK BIRD T-LIGHT CANDLES","283","475.91"
"85109","PINK BOUDOIR T-LIGHT HOLDER","4211","475.43"
"84809A","WHITE CHRYSANTHEMUMS ART FLOWER","276","474.84"
"21507","ELEPHANT BIRTHDAY CARD","1110","474.78"
"21536","DAIRY MAID  SMALL  MILK JUG","221","474.74"
"85136B","BLUE SHARK HELICOPTER","59","473.77"
"22697","TEACUP AND SAUCER REGENCY GREEN","174","472.50"
"40046A","RED DAISY PAPER LAMPSHADE","355","472.07"
"22951","72 CAKE CASES DOLLY GIRL DESIGN","943","471.85"
"84926E","FLOWERS TILE COASTER","1081","471.57"
"85144","JARDIN ETCHED GLASS BUTTER DISH","68","471.40"
"20662","FIRST CLASS HOLIDAY PURSE","728","471.33"
"84901","BLACK FACE LAMB WITH PANTS","123","471.13"
"gift_0001_20","Dotcomgiftshop Gift Voucher £20.00","28","471.06"
"23521","WALL ART CAT AND BIRD","143","469.73"
"21518","BANK ACCOUNT  GREETING  CARD","1107","469.28"
"90192","JADE DROP EARRINGS W FILIGREE","94","469.18"
"22686","FRENCH BLUE METAL DOOR SIGN, No","356","468.94"
"72799B","PURPLE PILLAR CANDLE BLACK FLOCK","322","467.71"
"85211","S/4 GROOVY CAT MAGNETS","306","467.40"
"35911A","MULTICOLOUR RABBIT EGG WARMER","388","466.69"
"72225C","LAVENDER SCENT CAKE CANDLE","1926","466.38"
"23379","PACK OF 12 RED APPLE TISSUES","1220","465.36"
"51020A","SUMMER FUN DESIGN SHOWER CAP","1303","463.31"
"23455","SMALL PARLOUR PICTURE FRAME","165","462.45"
"90120C","GREEN MURANO TWIST BRACELET","109","462.32"
"72132","COLUMBIAN CUBE CANDLE","549","462.15"
"84972L","GIANT PINK HEART MEMO HOLDER","117","462.15"
"72789","BASKET/8 SCENTED LOVE TOKEN CANDLES","122","461.53"
"85204","HANGING WOOD AND FELT FLOWER","2353","460.90"
"90195B","BLACK GEMSTONE BRACELET","52","460.69"
"23691","WRAP KEEP CALM BIRTHDAY","1125","460.50"
"84915","HAND TOWEL PINK FLOWER AND DAISY","234","459.56"
"84948","SILVER HANGING T-LIGHT HOLDER DOME","273","459.21"
"22191","IVORY WALL CLOCK","60","459.00"
"22193","RED WALL CLOCK","60","459.00"
"47422","ASSORTED MONKEY SUCTION CUP HOOK","1177","458.34"
"16207B","PINK HEART RED HANDBAG","265","457.65"
"22345","PARTY PIZZA DISH BLUE POLKADOT","1183","457.58"
"23045","PAPER LANTERN 5 POINT STAR MOON","108","456.48"
"90145","SILVER HOOP EARRINGS WITH FLOWER","75","455.86"
"84509A","ENGLISH ROSE PLACEMATS","117","455.18"
"90201B","BLACK ENAMEL FLOWER RING","154","454.31"
"21757","LIGHTHOUSE PRINTED METAL SIGN","80","454.30"
"72586","S/6 HALLOWEEN GHOST T LIGHTS, 5CM H","1059","453.99"
"84508B","STRIPES DESIGN TEDDY","169","453.76"
"22813","PACK 3 BOXES BIRD PANETTONE","204","451.84"
"20621","ECONOMY PASSPORT COVER","207","451.67"
"23548","WRAP MAGIC FOREST","1075","451.50"
"23509","MINI PLAYING CARDS FUN FAIR","1062","451.46"
"90120B","BLUE MURANO TWIST BRACELET","107","451.44"
"82081","PINK HEARTS PHOTO ALBUM","174","451.35"
"84597C","RETRO PINK BALL ASHTRAY","364","450.98"
"16012","FOOD/DRINK SPONGE STICKERS","2142","449.82"
"20616","CHERRY BLOSSOM PASSPORT COVER","283","449.26"
"21393","BLUE POLKADOT PUDDING BOWL","2565","449.26"
"16218","CARTOON  PENCIL SHARPENERS","4629","448.13"
"90014A","SILVER/MOP ORBIT NECKLACE","44","447.21"
"17164D","ASS COL SMALL SAND FROG P'WEIGHT","1150","447.00"
"72127","COLUMBIAN CANDLE ROUND","366","445.94"
"79030D","TUMBLER, BAROQUE","484","445.45"
"84857C","PINK MONTE CARLO HANDBAG","197","445.03"
"21529","RED RETROSPOT TOASTRACK","120","444.36"
"90010A","MIDNIGHT BLUE GLASS/SILVER BRACELET","49","443.85"
"72128","COLUMBIAN CANDLE ROUND","714","442.24"
"62096B","PURPLE/TURQ FLOWERS HANDBAG","257","441.99"
"90198B","VINTAGE ROSE BEAD BRACELET BLACK","104","441.90"
"16243B","BROWN COZY SQUARE PHOTO ALBUM","212","441.77"
"90154","LAZER CUT NECKLACE W PASTEL BEADS","59","439.65"
"16161M","WRAP  PINK FLOCK","1050","439.00"
"79030A","TUMBLER, ENGLISH ROSE","171","438.25"
"23023","RIDGED BONNE JAM JAR T-LIGHT HOLDER","274","437.82"
"90013A","MIDNIGHT BLUE VINTAGE EARRINGS","115","434.27"
"22343","PARTY PIZZA DISH RED WHITE SPOT","488","434.07"
"79071B","ENGLISH ROSE METAL WASTE BIN","142","433.70"
"21027","NINJA RABBIT PINK","355","433.61"
"84859B","BLUE DISCO HANDBAG","282","433.46"
"84510F","SET OF 4 NEW ENGLAND COASTERS","1099","432.75"
"84798A","PINK FOXGLOVE ARTIIFCIAL FLOWER","195","432.45"
"37464","ROBOT MUG IN DISPLAY BOX","316","431.18"
"84858B","BLUE RIVIERA HANDBAG","326","431.00"
"23058","CHRISTMAS HANGING SNOWFLAKE","490","430.86"
"72800C","4 PINK DINNER CANDLE SILVER FLOCK","266","430.45"
"20851","ZINC HEART LATTICE TRAY OVAL","335","429.57"
"16045","POPART WOODEN PENCILS ASST","9312","429.44"
"90013B","BLACK VINTAGE EARRINGS","104","428.92"
"84966B","BLUE KASHMIRI BOXED MIRROR","33","428.00"
"84422","PINK/BLUE DISC/MIRROR STRING","782","427.95"
"84801A","PINK HYDRANGEA ART FLOWER","272","427.44"
"23457","LARGE PARLOUR PICTURE FRAME","85","427.03"
"23522","DOG AND BALL WALL ART","252","425.88"
"85230G","ORANGE VOTIVE CANDLE","1680","425.76"
"20715","LITTLE FLOWER SHOPPER BAG","400","424.00"
"21028","NINJA RABBIT BLACK","323","423.90"
"45016","DECORATIVE NET CANOPY LEOPARD","101","423.73"
"16207A","PINK STRAWBERRY HANDBAG","143","423.53"
"21678","PAISLEY PATTERN  STICKERS","572","423.00"
"16008","SMALL FOLDING SCISSOR(POINTED EDGE)","3141","422.96"
"21729","SMALL MARAKESH METAL  LANTERN","124","422.90"
"22446","PIN CUSHION RUSSIAN DOLL PINK","121","422.45"
"22840","CAKE TIN, ROUND, VINTAGE RED,CREAM","59","421.05"
"47579","TEA TIME BREAKFAST BASKET","185","420.87"
"46126A","ELVIS WALLHANGING / CURTAIN","317","419.99"
"84967C","GREEN KASHMIRI OCCASIONAL TABLE","9","419.85"
"84770","ROUND GEORGIAN SILVER MIRROR","135","419.25"
"72780","BLACK SILOUETTE CANDLE PLATE","514","418.18"
"22032","BOTANICAL LILY GREETING CARD","980","418.12"
"72750A","FLOWER FAIRY SET OF 3 LILY CANDLES","206","417.70"
"84532B","FAIRY CAKES RECTANGLUAR BOXES","54","417.58"
"85097B","BLUE ROCKING SINGING CANARY","106","417.17"
"37482P","CUBIC MUG PINK POLKA DOT","118","416.71"
"35240","ENAMEL BLUE RIM OVAL TRAY SET/2","49","416.01"
"85014b","RED RETROSPOT UMBRELLA","33","414.82"
"84529C","YELLOW KNITTED KIDS RUCKSACK","78","414.74"
"84997b","RED 3 PIECE MINI DOTS CUTLERY SET","49","414.18"
"22395","PAPERWEIGHT VINTAGE PAISLEY","234","413.76"
"84007","MAGIC GARDEN MOUNT FUJI","157","413.12"
"85112","S/3 TEAR DROP CUT GLASS DECORATION","465","412.77"
"23459","DOLLY CABINET 2 DRAWERS","33","412.50"
"20666","ECONOMY HOLIDAY PURSE","911","412.45"
"23415","HOME SWEET HOME HOOK","328","412.18"
"21520","BOOZE & WOMEN GREETING CARD","957","411.63"
"84884a","ANT WHITE WIRE HEART SPIRAL","49","410.89"
"20857","BLUE ROSE PATCH PURSE PINK BUTTERFL","249","410.85"
"21341","KASBAH LANTERN WITH GLASS","72","410.64"
"90149","SILVER FLOWR PINK SHELL NECKLACE","62","410.26"
"84509B","FAIRY CAKE PLACEMATS","107","409.94"
"37444B","BLUE BREAKFAST CUP AND SAUCER","2010","409.60"
"16169F","WRAP BLIZZARD","975","409.50"
"84595B","LARGE TRIFLE DESIGN L BLUE BOWL","230","408.90"
"22786","PILLOWCUSHION COVER PINK UNION JACK","67","408.83"
"21252","SET OF MEADOW  FLOWER STICKERS","168","408.66"
"22324","BAG FOR CHILDREN VINTAGE BLUE","96","408.00"
"22323","BAG FOR CHILDREN VINTAGE PINK","96","408.00"
"72803B","OCEAN SCENT CANDLE JEWELLED DRAWER","92","407.88"
"22776","CAKESTAND, 3 TIER, LOVEHEART","46","405.50"
"84984A","GREEN PEONY CUSHION COVER","255","403.75"
"82076","BEECH WOOD PHOTO FRAME","290","403.64"
"90206C","CRYSTAL DIAMANTE STAR BROOCH","80","402.61"
"84932B","SMALL PINK PEONY FOLDING STOOL","189","401.30"
"22134","MINI LADLE LOVE HEART RED","865","401.18"
"23339","EGG FRYING PAN BLUE","173","400.84"
"23576","SNACK TRAY RED VINTAGE DOILY","198","400.04"
"23429","RED RETRO KITCHEN WALL CLOCK","47","400.01"
"23039","T-LIGHT HOLDER SILVER HEART HANDLE","199","399.71"
"85007","SET OF 3 VINTAGE TEA TIME BOXES","143","399.62"
"23466","TUSCAN VILLA DOVECOTE BIRD FEEDER","43","399.03"
"21698","MOCK LOBSTER FRIDGE MAGNET","530","399.01"
"20889","JARDIN DE FEMME SCENTED CANDLE","657","398.04"
"D","Discount","196","397.89"
"79191B","RETRO PLASTIC POLKA TRAY","479","397.37"
"85167A","WHITE GRAND BAROQUE PHOTO FRAME","176","396.80"
"90180A","BLACK+WHITE NECKLACE W TASSEL","44","396.64"
"84804A","CREAM DELPHINIUM ARTIFICIAL FLOWER","218","396.38"
"21025","SPACE FROG","300","396.12"
"90120A","PINK MURANO TWIST BRACELET","93","395.68"
"23484","HEART TRELLIS TRIPLE T-LIGHT HOLDER","129","395.11"
"84726","LILLIES CANVAS PICTURE","233","394.85"
"84873A","FUNKY FLOWER PICNIC BAG FOR 4","32","394.15"
"21736","GOLD SCROLL GLASS T-LIGHT HOLDER","193","393.69"
"23661","MILK MAIDS MUG","219","393.59"
"84952A","CLEAR LOVE BIRD T-LIGHT HOLDER","148","392.53"
"90201D","GREEN ENAMEL FLOWER RING","133","391.37"
"84673B","BLUE FLY SWAT","503","391.31"
"90124B","BLUE MURANO TWIST NECKLACE","39","391.18"
"84711A","SILVER OVAL SHAPE TRINKET BOX","42","390.95"
"23150","IVORY SWEETHEART SOAP DISH","148","390.75"
"20661","BLUE POLKADOT PURSE","415","390.16"
"47562","ENGLISH ROSE IRONING BOARD COVER","104","390.00"
"84802B","PURPLE ANEMONE ARTIFICIAL FLOWER","411","389.79"
"84081","WHITE CERAMIC PARTY SET (5PCS)","100","389.30"
"16044","POP-ART FLUORESCENT PENS","6193","389.22"
"23337","EGG FRYING PAN MINT","180","388.75"
"84497","BUTTONS AND STRIPES NOTEBOOK","97","387.13"
"23103","BELL HEART DECORATION","252","387.00"
"90158","ST TROPEZ NECKLACE","77","386.32"
"84292","ROSE PINK METAL FOLDING CHAIR","44","385.98"
"90070","RUBY GLASS CLUSTER BRACELET","63","385.15"
"22698","TEACUP AND SAUCER REGENCY PINK","144","384.00"
"22838","CAKE TIN, 3 TIER RED/IVORY","28","383.40"
"84509c","SET OF 4 POLKADOT PLACEMATS","51","383.18"
"90201A","PURPLE ENAMEL FLOWER RING","130","382.84"
"23116","VEGETABLE GARDEN CHOPPING BOARD","76","382.44"
"71053","WHITE MOROCCAN METAL LANTERN","69","381.55"
"90035B","PEARL & SHELL 42""NECKL. PINK","43","380.89"
"72801E","S/4 FESTIVE GREEN DINNER CANDLES","718","380.84"
"90184A","AMBER CHUNKY BEAD BRACELET W STRAP","42","380.82"
"72750B","F.FAIRY S/3 CANDLE/GLASS,LAVENDER","193","380.35"
"20670","VIP HOLIDAY PURSE","694","378.85"
"84533B","FAIRY CAKES ROUND NESTING BOXES","59","377.93"
"21243","PINK POLKADOT PLATE","220","377.56"
"20976","12 PENCILS SMALL TUBE POSY","549","376.34"
"85033G","SET/6 GOLD REINDEER T-LIGHT CANDLES","236","376.05"
"16258A","SWIRLY CIRCULAR RUBBERS IN BAG","1063","375.93"
"23396","LA JARDIN BOTANIQUE CUSHION COVER","87","375.53"
"23128","DOLLCRAFT BOY JEAN-PAUL","82","373.90"
"84680","CLASSICAL ROSE URN","94","372.30"
"84741C","CITRUS GARLAND FELT FLOWERS","185","372.14"
"84877D","BLUE ROUND COMPACT MIRROR","160","371.85"
"84429A","MEDIUM PINK BUDDHA HEAD","109","371.78"
"16216","LETTER SHAPE PENCIL SHARPENER","4158","371.64"
"22511","DOORSTOP RUSSIAN DOLL RETROSPOT","101","371.10"
"90134","OLD ROSE COMBO BEAD NECKLACE","126","370.92"
"78033","FLAG OF ST GEORGE CHAIR","76","370.60"
"22559","SEASIDE FRISBEE","308","370.54"
"79336","LIGHT PINK FLOCK GLASS CANDLEHOLDER","840","369.78"
"20663","QUEEN OF THE SKIES HOLIDAY PURSE","1074","369.41"
"20652","BLUE POLKADOT LUGGAGE TAG","280","369.39"
"90082B","DIAMANTE BOW BROOCH RED COLOUR","58","368.30"
"20906","VINTAGE NOTEBOOK BEAUTY GIRL","101","368.24"
"85026B","EAU DE NILE JEWELLED T-LIGHT HOLDER","300","367.55"
"47503G","ASS FLORAL PRINT TAPE MEASURE","284","367.36"
"23575","SNACK TRAY PAISLEY PARK","179","367.35"
"47504G","ENGLISH ROSE TAPE MEASURE","266","366.81"
"35915A","CREAM KNITTED HEN","288","365.76"
"90002D","FLOWER BURST SILVER RING CRYSTAL","104","365.74"
"84926D","LA PALMIERA TILE COASTER","773","365.35"
"79190A","RETRO PLASTIC 70'S TRAY","790","364.25"
"35968","FOLK ART METAL HEART T-LIGHT HOLDER","761","363.34"
"90164B","WHITE  ROSEBUD PEARL BRACELET","67","362.94"
"90160A","PURPLE BOUDICCA LARGE BRACELET","52","362.51"
"85094","CANDY SPOT EGG WARMER RABBIT","760","360.99"
"21880","RED AND WHITE SPOT TAPE","483","360.93"
"84760S","SMALL HANGING GLASS+ZINC LANTERN","222","360.21"
"21946","PARTY TIME DESIGN FLANNEL","625","358.97"
"84402D","PINK DRESS JEWELLERY STAND","373","358.93"
"90036E","FLOWER GLASS GARLD NECKL36""AMETHYST","45","358.87"
"23579","SNACK TRAY I LOVE LONDON","169","358.75"
"84711B","PINK OVAL SHAPE TRINKET BOX","39","357.71"
"84997a","GREEN 3 PIECE MINI DOTS CUTLERY SET","43","357.41"
"84800M","MEDIUM WHITE/PINK ROSE ART FLOWER","250","357.22"
"22555","PLASTERS IN TIN MR STRONG","228","357.00"
"35912B","WHITE/PINK CHICK DECORATION","288","355.58"
"21038","SET/4 MODERN VINTAGE COTTON NAPKINS","166","355.48"
"20799","PINK MILKSHAKE GLASS","200","355.33"
"72487","ROSES WHITE ROUND CANDLE","827","355.05"
"90019A","SILVER M.O.P ORBIT BRACELET","68","354.59"
"72801C","4 ROSE PINK DINNER CANDLES","537","354.45"
"47310M","SMALL POP BOX FUNKY MONKEY","258","353.98"
"90082A","DIAMANTE BOW BROOCH GREEN COLOUR","55","353.71"
"90013C","GREEN VINTAGE EARRINGS","88","353.55"
"20950","SET/6  ANGEL T-LIGHTS WHITE/GOLD","687","353.39"
"22039","BOTANICAL LILY GIFT WRAP","850","353.00"
"84898F","YELLOW FLOWERS FELT HANDBAG KIT","165","352.75"
"46000R","POLYESTER FILLER PAD 45x30cm","243","352.35"
"79323S","SILVER CHERRY LIGHTS","60","352.02"
"84809B","PINK CHRYSANTHEMUMS ART FLOWER","296","351.60"
"23420","PANTRY HOOK TEA STRAINER","164","351.37"
"82001s","VINYL RECORD FRAME SILVER","47","351.10"
"90201C","RED ENAMEL FLOWER RING","119","350.94"
"90161A","ANT COPPER RED BOUDICCA BRACELET","70","349.96"
"22268","DECORATION SITTING BUNNY","1480","349.54"
"23421","PANTRY HOOK SPATULA","160","349.20"
"72750A","F.FAIRY S/3 CANDLE/GLASS,LILY/VALLY","177","349.15"
"22029","SPACE BOY BIRTHDAY CARD","823","349.12"
"82011B","BATHROOM SCALES RUBBER DUCKS","93","348.80"
"23044","PAPER LANTERN 9 POINT HOLLY STAR S","83","348.59"
"23057","GEMSTONE CHANDELIER T-LIGHT HOLDER","78","347.70"
"84249D","FAIRY CAKE GREETINGS CARD","823","347.30"
"84535A","ENGLISH ROSE NOTEBOOK A6 SIZE","607","346.93"
"22257","FELT FARM ANIMAL SHEEP","419","345.48"
"84801B","WHITE HYDRANGEA ART FLOWER","214","345.00"
"90148","LONG SILVER NECKLACE PASTEL FLOWER","27","343.98"
"35004c","SET OF 3 COLOURED  FLYING DUCKS","27","343.72"
"84881","BLUE WIRE SPIRAL CANDLE HOLDER","52","342.94"
"21306","SET/4 DAISY MIRROR MAGNETS","681","342.80"
"20940","SET/6 GARDEN GNOME T-LIGHT CANDLES","118","342.75"
"90191","SILVER LARIAT 40CM","40","342.60"
"35833P","4 PINK FLOCK CHRISTMAS BALLS","185","342.17"
"72814","SET/3 CHRISTMAS BRIAR CANDLES","90","341.53"
"72811","SMALL ZINC/GLASS CANDLEHOLDER","445","340.45"
"23523","WALL ART TREASURE AHOY","90","340.35"
"75149N","STRING CRYSTALS NATURAL","272","340.00"
"79303B","BLUE STAR BLOCK TABLE LAMP","109","339.57"
"84925A","WAKE UP COCKEREL WALL THERMOMETER","179","339.29"
"84576","BLUE CAT BISCUIT BARREL PINK HEART","96","337.04"
"23127","DOLLCRAFT GIRL NICOLE","68","336.60"
"35914","PINK CHICK EGG WARMER + EGG CUP","243","336.58"
"17011F","ORIGAMI SANDLEWOOD INCENSE+FLOWER","385","336.20"
"20847","ZINC HEART LATTICE CHARGER LARGE","80","334.35"
"17109A","FLOWER FAIRY INCENSE LILY","709","333.61"
"21402","RED  EGG  SPOON","1698","333.42"
"90175C","BLUE GLASS CHUNKY CHARM BRACELET","37","332.95"
"20688","BEAUTY SPEED EXPRESSO CUPS","464","332.90"
"47583B","SET OF 3 WICKER BASKET TEA AND CAKE","27","332.60"
"21420","OYSTER TRINKET BOX","120","332.16"
"35637C","PINK STRING CURTAIN WITH POLE","100","331.14"
"85024B","EAU DE NILE JEWELLED PHOTOFRAME","218","330.90"
"84870C","GREEN GEISHA GIRL","93","330.36"
"35921","EASTER BUNNY HANGING GARLAND","183","330.32"
"90129B","TURQUOISE GLASS TASSLE BAG CHARM","146","329.95"
"37467","PIG MUG IN TWO COLOUR DESIGNS","273","328.51"
"72739B","WHITE CHOCOLATE SCENT CANDLE","394","328.39"
"90014B","GOLD M PEARL  ORBIT NECKLACE","32","327.81"
"21722","SWEET PUDDING STICKER SHEET","347","327.75"
"23236","DOILEY BISCUIT TIN","120","327.60"
"84902","PINK KNITTED COW STUFFED TOY","84","326.33"
"84706A","ENGLISH ROSE TABLE CLOCK","137","325.88"
"21309","LOUVRE CHALKBOARD","49","325.60"
"90209A","PURPLE ENAMEL+GLASS HAIR COMB","173","325.50"
"22045","SPACE BOY GIFT WRAP","775","325.50"
"23037","CANDLE HOLDER SILVER MADELINE","196","325.16"
"23478","WOODLAND LARGE PINK FELT HEART","285","324.40"
"23521","CAT AND BIRD WALL ART","270","323.64"
"90175B","PINK GLASS CHUNKY CHARM BRACELET","36","322.85"
"84870B","BLUE GEISHA GIRL","90","322.61"
"90197B","BLACK GLASS BRACELET W HEART CHARMS","64","322.52"
"90178A","AMBER CHUNKY GLASS+BEAD NECKLACE","27","322.41"
"85103","SILVER T-LIGHT SETTING","43","321.87"
"23205","CHARLOTTE BAG ALPHABET  DESIGN","400","320.50"
"72801G","4 BURGUNDY WINE DINNER CANDLES","537","320.20"
"85131C","BEADED CRYSTAL HEART BLUE ON STICK","439","320.15"
"85070","ANT WHITE SWEETHEART TABLE W 3 DRAW","3","320.00"
"22287","DECORATION WOBBLY CHICKEN","560","319.14"
"84795b","SUNSET CHECK HAMMOCK","19","317.72"
"85089","CANDY SPOT BUNNY","99","317.54"
"85033S","SET/6 SILVER REINDEER T-LIGHTS","258","317.35"
"84933C","LARGE BLUE ORIENTAL FOLDING STOOL","136","317.00"
"90018A","SILVER M.O.P ORBIT DROP EARRINGS","75","316.99"
"17091B","JASMINE TEA INCENSE IN TIN","276","316.98"
"21401","BLUE PUDDING SPOON","1437","315.70"
"84509G","FAIRY CAKE PLACEMATS","82","315.55"
"85129B","BEADED CRYSTAL HEART GREEN SMALL","233","315.11"
"84673A","PINK FLY SWAT","500","314.84"
"84933A","LARGE GREEN PEONY FOLDING STOOL","131","314.35"
"46000U","POLYESTER FILLER PAD 30CMx30CM","251","313.75"
"90000D","COPPER/OLIVE GREEN FLOWER NECKLACE","51","313.75"
"35638B","PINK/BLUE STRING CURTAIN","118","313.29"
"37343","POLKADOT MUG PINK","193","313.26"
"23695","DOILY THANK YOU CARD","741","313.24"
"23130","MISELTOE HEART WREATH","80","312.80"
"84802A","WHITE ANEMONE ARTIFICIAL FLOWER","185","312.65"
"84838","ANT WHITE HIGH RISE BIRD BOX","50","312.50"
"90016B","GOLD/M.O.P PENDANT ORBIT NECKLACE","37","312.14"
"84522","PINK PARTY SUNGLASSES","186","311.86"
"84984C","ORIENTAL BLUE CUSHION COVER","219","311.57"
"35979","SIX STRING SCANDINAVIAN HEART DECS","94","311.03"
"62095B","TURQOISE ICE CREAM SUNHAT","292","310.83"
"84623","PINK GINGHAM ROSE FLOOR CUSHION","56","310.44"
"84933B","LARGE PINK PEONY FOLDING STOOL","136","309.15"
"84661A","WHITE SQUARE TABLE CLOCK","222","308.99"
"20795","LARGE BLUE PROVENCAL CERAMIC BALL","135","308.70"
"22844","VINTAGE DOG FOOD CONTAINER","36","308.64"
"77081","FLOWER WINDMILL","242","308.38"
"21196","ROUND WHITE CONFETTI IN TUBE","178","306.89"
"22453","MEASURING TAPE RUSSIAN DOLL BLUE","103","306.81"
"84671B","CROCHET BEAR WITH BLUE STRIPES","109","306.77"
"23495","SET OF 3 PANTRY WOODEN SPOONS","225","306.66"
"90173","PAIR BUTTERFLY HAIR CLIPS","81","306.64"
"72130","COLUMBIAN CANDLE ROUND","753","306.35"
"16254","TRANSPARENT ACRYLIC TAPE DISPENSER","941","305.66"
"23131","MISELTOE HEART WREATH WHITE","78","304.50"
"20800","LARGE GLASS SUNDAE DISH CLEAR","1005","303.96"
"84219","BOX/12 MOTHER & CHICK IN BASKET/BOW","137","303.86"
"72753D","S/3 FLWR FAIRY SUMMER CANDLES","144","302.40"
"90036D","FLOWER GLASS GARLAND NECKL.36""BLACK","38","302.29"
"84968e","SET OF 16 VINTAGE BLACK CUTLERY","12","302.17"
"85147","JARDIN ETCHED GLASS CANDLEHLDR LONG","61","301.95"
"23430","BLUE RETRO KITCHEN WALL CLOCK","36","301.88"
"35645","VINTAGE BEAD PINK JEWEL BOX","61","301.81"
"21321","GLASS CHALICE BLUE  LARGE","122","301.80"
"23522","WALL ART DOG AND BALL","102","301.56"
"90098","NECKLACE+BRACELET PINK BUTTERFLY","137","301.28"
"90035C","PEARL & SHELL 42""NECKL. IVORY","28","301.00"
"22852","ENAMEL DOG BOWL CREAM","76","300.48"
"84509E","SET OF 4 CAROUSEL PLACEMATS","157","300.30"
"23440","PAINT YOUR OWN EGGS IN CRATE","164","299.36"
"17001","HEAVENS SCENT FRAGRANCE OILS ASSTD","1211","299.35"
"90124A","PINK MURANO TWIST NECKLACE","30","299.28"
"18096C","WHITE ROUND PORCELAIN TLIGHT HOLDER","117","298.70"
"35981C","WHITE SNOW SCANDINAVIAN STOCKING","589","297.62"
"84627","CANDY STRIPE ROSE C/COVER","50","297.50"
"84509C","SET OF 4 DOTTY PLACEMATS","70","297.48"
"84247N","PACK/12 BLUE FOLKART CARDS","113","297.48"
"22135","MINI LADLE LOVE HEART PINK","528","297.40"
"21157","RED RETROSPOT WASHBAG","103","296.99"
"17012E","ORIGAMI OPIUM INCENSE/CANDLE SET","263","296.79"
"79190D","RETRO PLASTIC DAISY TRAY","641","296.58"
"35920","FOUR RABBIT EASTER DECORATIONS","1070","296.34"
"47471","RAINBOW PEGS PHOTO CLIP STRING","428","295.72"
"DCGSSGIRL","GIRLS PARTY BAG","92","295.63"
"79051A","SMOKEY GREY COLOUR D.O.F. GLASS","702","295.58"
"90129A","PINK GLASS TASSLE BAG CHARM","151","295.38"
"20869","GOLD FABRIC MIRROR","529","295.12"
"21697","SET 5 MINI DOUGHNUT FRIDGE MAGNET","372","295.08"
"23126","DOLLCRAFT GIRL AMELIE KIT","66","294.70"
"90185D","CRYSTAL DIAMANTE EXPANDABLE RING","69","293.33"
"84926A","WAKE UP COCKEREL TILE COASTER","664","293.08"
"84482","BUTTONS DESIGN JEWELLERY BOX","75","293.02"
"72801F","S/4 FESTIVE RED DINNER CANDLES","234","292.50"
"90030B","RED KUKUI COCONUT SEED NECKLACE","139","292.08"
"37422","WHITE WITH BLACK CATS BOWL","434","292.08"
"84800S","SMALL WHITE/PINK ROSE ART FLOWER","388","292.04"
"22952","SET 72 CAKE CASES VINTAGE CHRISTMAS","672","291.60"
"23567","EGG CUP HENRIETTA HEN PINK","211","291.58"
"21030","SPACE CADET RED","239","290.90"
"84529A","PINK KNITTED KIDS RUCKSACK","50","290.78"
"20826","SILVER APERITIF GLASS","355","290.72"
"16202A","PASTEL PINK PHOTO ALBUM","662","290.45"
"21388","IVORY HANGING DECORATION  CHICKEN","311","290.17"
"23410","CURIO CABINET LINEN AND LACE","36","290.10"
"84882","GREEN WIRE STANDING CANDLE HOLDER","66","289.43"
"85014a","BLACK/BLUE POLKADOT UMBRELLA","23","288.92"
"23015","CORDIAL GLASS JUG","34","288.88"
"20987","GEISHA GIRL CHOPSTICKS SET/5","131","288.35"
"23047","PAPER LANTERN 5 POINT SEQUIN STAR","50","287.50"
"21144","PINK POODLE HANGING DECORATION","543","287.47"
"84997a","GREEN 3 PIECE POLKADOT CUTLERY SET","34","287.08"
"16212","FUNKY GIRLZ ASST MAGNETIC MEMO PAD","366","287.01"
"20821","GOLDIE LOOKING MIRROR","42","286.42"
"37413","ICON MUG REVOLUTIONARY","703","284.49"
"90185B","AMETHYST DIAMANTE EXPANDABLE RING","67","284.43"
"84247E","PACK OF 12 CHRISTMAS FUN CARDS","106","283.79"
"82093","HEART SHAPE BUTTON FRAME","139","283.49"
"20980","36 PENCILS TUBE POSY","233","282.31"
"22546","MINI JIGSAW FIDO","672","282.24"
"85049g","CHOCOLATE BOX RIBBONS","115","281.44"
"84977","WIRE FLOWER T-LIGHT HOLDER","223","281.33"
"16052","TEATIME PUSH DOWN RUBBER","848","281.32"
"23481","PEARLISED IVORY HEART SMALL","228","281.17"
"90163A","PINK ROSEBUD & PEARL NECKLACE","37","280.71"
"47578A","ENGLISH ROSE SMALL SCENTED FLOWER","307","279.88"
"84508C","BLUE CIRCLES DESIGN TEDDY","103","279.82"
"72739C","DARK CHOCOLATE SCENTCANDLE","326","279.08"
"84625B","BLCK NEW BAROQUE CANDLESTICK CANDLE","180","279.00"
"21412","VINTAGE GOLD TINSEL REEL","275","279.00"
"90115","SUMMER BUTTERFLIES BAG CHARM","108","278.96"
"22954","HEN PARTY CORDON BARRIER TAPE","226","278.89"
"84457","SET/3 RABBITS FLOWER SKIPPPING ROPE","291","278.73"
"21367","MIRRORED WALL ART GENTS","211","278.48"
"84926F","PSYCHEDELIC TILE COASTER","484","277.90"
"23413","DECORATIVE VINTAGE COFFEE  BOX","52","277.00"
"44235","ASS COL CIRCLE MOBILE","752","276.96"
"90146","FINE SILVER NECKLACE W PASTEL FLOWE","41","276.49"
"22889","NUMBER TILE VINTAGE FONT No","173","276.42"
"84966C","GREEN KASHMIRI BOXED MIRROR","23","276.00"
"DCGS0076","SUNJAR LED NIGHT NIGHT LIGHT","17","275.96"
"23137","ZINC WIRE SWEETHEART LETTER TRAY","83","275.62"
"90085","CRYSTAL STILETTO PHONE CHARM","311","275.53"
"21095","SET/6 POSIES PAPER PLATES","295","274.57"
"84924F","PSYCHEDELIC METAL SIGN CALENDAR","975","274.55"
"21193","WHITE HONEYCOMB PAPER FAN","111","274.37"
"75178","ASSTD COL BUTTERFLY/CRYSTAL W/CHIME","497","273.93"
"90122A","PINK CRYSTAL+GLASS BRACELET","55","273.89"
"84927F","PSYCHEDELIC TILE HOOK","335","273.32"
"23141","TRIPLE WIRE HOOK PINK HEART","79","272.91"
"84924D","LA PALMIERA METAL SIGN CALENDAR","764","272.61"
"23203","JUMBO BAG VINTAGE DOILEY","144","272.57"
"79303D","LILAC FLOWER BLOCK TABLE LAMP","78","272.45"
"35096A","BLUE VICTORIAN FABRIC HEART BOX","765","272.45"
"84499","BLACK FLOWER CANDLE PLATE","326","272.17"
"90185C","BLACK DIAMANTE EXPANDABLE RING","64","271.96"
"90032","IVORY SHELL HEART NECKLACE","48","271.88"
"90014C","SILVER/BLACK ORBIT NECKLACE","27","271.33"
"84192","ASSORTED COLOUR METAL CAT","226","271.10"
"23474","WOODLAND SMALL BLUE FELT HEART","312","270.96"
"21629","SQUARE FLOOR CUSHION VINTAGE PINK","19","270.47"
"47586A","PINK FAIRY CAKE CUSHION COVER","200","270.43"
"47351B","BLUE  VOILE LAMPSHADE","98","269.90"
"85195","HANGING HEART BASKET","146","269.44"
"90122C","TURQUOISE CRYSTAL+GLASS BRACELET","54","269.10"
"72793","BLACK BOX MIRROR LANTERN","55","268.75"
"20818","GOLD TEDDY BEAR","87","268.50"
"21372","MIRRORED WALL ART TABLE LAMP","156","267.01"
"79030D","TUMBLER BAROQUE","525","266.19"
"23489","GARLAND, VINTAGE BELLS","92","265.88"
"47481","50CM METAL STRING WITH  7 CLIPS","326","265.40"
"23476","WOODLAND LARGE RED FELT HEART","205","264.72"
"21950","SET OF 6 DOTS CHOPSTICKS","211","263.63"
"90157","RIVIERA NECKLACE","53","263.28"
"90129E","PURPLE GLASS TASSLE BAG CHARM","129","263.14"
"84906","PINK B'FLY C/COVER W BOBBLES","43","262.62"
"84806A","PINK CANDYSTUFT ARTIFICIAL FLOWER","319","261.91"
"23194","GYMKHANNA TREASURE BOOK BOX","120","261.84"
"21268","VINTAGE BLUE TINSEL REEL","397","261.66"
"79328","BLUE FLOCK GLASS CANDLEHOLDER","594","260.76"
"72799D","BLUE PILLAR CANDLE SILVER FLOCK","78","260.67"
"44234","ASSORTED CIRCULAR MOBILE","1213","260.39"
"84597B","RETRO BROWN BALL ASHTRAY","205","259.37"
"85095","THREE CANVAS LUGGAGE TAGS","174","259.09"
"23032","DOORKNOB CRACKED GLAZE IVORY","174","258.30"
"84613C","BLUE NEW BAROQUE FLOCK CANDLESTICK","62","258.06"
"72801D","4 SKY BLUE DINNER CANDLES","381","257.93"
"90035A","PEARL & SHELL 42""NECKL. GREEN","24","257.55"
"84520b","PACK 20 ENGLISH ROSE PAPER NAPKINS","110","257.40"
"85179C","PINK BITTY LIGHT CHAIN","116","257.15"
"84371","BIG PINK POODLE","30","257.10"
"90040B","MURANO STYLE GLASS BRACELET BLACK","71","255.97"
"22870","NUMBER TILE COTTAGE GARDEN 2","98","254.56"
"17038","PORCELAIN BUDAH INCENSE HOLDER","2559","254.51"
"10123C","HEARTS WRAPPING TAPE","650","254.41"
"22869","NUMBER TILE COTTAGE GARDEN 1","100","253.94"
"84461","12 PINK HEN+CHICKS IN BASKET","99","253.79"
"gift_0001_50","Dotcomgiftshop Gift Voucher £50.00","6","253.59"
"79338","DARK PINK FLOCK GLASS CANDLEHOLDER","553","252.29"
"21032","SPACE CADET WHITE","203","252.16"
"21370","MIRRORED WALL ART FOXY","54","251.97"
"90208","PAIR OF ENAMEL FLOWER CLUSTER SLIDE","105","251.59"
"23149","ANTIQUE IVORY WIRE BOWL SMALL","99","251.45"
"DCGSSBOY","BOYS PARTY BAG","77","251.35"
"90081C","LILY BROOCH OLIVE COLOUR","50","250.47"
"90073","VINTAGE ENAMEL & CRYSTAL EARRINGS","50","250.34"
"20836","FRENCH PAISLEY CUSHION COVER","224","250.00"
"21493","VINTAGE DESIGN GIFT TAGS","269","249.90"
"21460","GREEN EASTER EGG HUNT START POST","113","249.65"
"90170","DAISY HAIR BAND","150","249.58"
"90087","CRYSTAL SEA HORSE PHONE CHARM","311","249.56"
"22984","CARD, GINGHAM ROSE","596","249.44"
"22812","PACK 3 BOXES CHRISTMAS PANETTONE","76","248.48"
"84030c","KNITTED RAINBOW HOT WATER BOTTLE","32","248.00"
"22328","ROUND SNACK BOXES ,SET 4, FRUITS","84","247.80"
"23168","CLASSIC SUGAR DISPENSER","216","247.32"
"84621","BLUE GINGHAM ROSE FLOOR CUSHION","29","247.26"
"90036C","FLOWER GLASS GARLAND NECKL.36""BLUE","31","246.83"
"82011A","BATHROOM SCALES, TROPICAL BEACH","59","246.58"
"47503H","ASS FLORAL PRINT SPIRIT LEVEL","160","246.12"
"46307","ROSES BLUE BASE CUSHION COVER","51","246.03"
"22175","PINK OWL DECORATION","96","244.80"
"22176","BLUE OWL DECORATION","96","244.80"
"90028","NEW BAROQUE LARGE NECKLACE BLK/WHIT","29","244.79"
"84993B","75 BLACK PETIT FOUR CASES","551","243.66"
"90096","NECKLACE+BRACELET SET BLUE BLOSSOM","104","243.61"
"90129C","GREEN GLASS TASSLE BAG CHARM","107","243.38"
"90119","METALIC LEAVES BAG CHARMS","97","243.07"
"90081A","LILY BROOCH AMETHYST COLOUR","49","242.80"
"90196A","PURPLE GEMSTONE NECKLACE 45CM","19","242.25"
"23475","WOODLAND SMALL PINK FELT HEART","286","242.18"
"35818P","ACRYLIC JEWEL ICICLE, PINK","559","242.15"
"90196B","BLACK GEMSTONE NECKLACE 45CM","19","241.98"
"16156L","WRAP, CAROUSEL","575","241.50"
"23143","ZINC WIRE KITCHEN ORGANISER","30","239.97"
"84984D","ORIENTAL RED CUSHION COVER","132","239.80"
"23324","RUSTIC STRAWBERRY JAMPOT LARGE","120","238.56"
"23028","DOORKNOB CRACKED GLAZE BLUE","162","238.50"
"22447","PIN CUSHION RUSSIAN DOLL BLUE","68","238.06"
"84629","WHITE 3 FRAME BIRDS AND TREE","24","237.80"
"82553","POP'S GREASY SPOON METAL SIGN","114","237.73"
"22882","NUMBER TILE VINTAGE FONT 3","118","237.72"
"84510C","SET OF 4 POLKADOT COASTERS","152","237.59"
"90133","TEAL/FUSCHIA COL BEAD NECKLACE","47","236.46"
"44217M","MULTICOLOUR FEATHERS CURTAIN","72","236.40"
"20891","LARGE GLASS ROSE SCENTED CANDLE","684","236.33"
"82585","SWEET VALENCIA CANDLE+CUP","164","235.90"
"90210D","PURPLE ACRYLIC FACETED BANGLE","142","235.73"
"23580","SNACK TRAY HAPPY FOREST","116","234.92"
"20855","PINK PATCH PURSE BLUE HEART","142","234.30"
"84796a","PINK HAWAIIAN PICNIC HAMPER FOR 2","28","234.28"
"84660c","PINK STITCHED WALL CLOCK","31","233.98"
"20736","PINK MINI TAPE MEASURE","290","233.50"
"84247K","FOLK ART GREETING CARD,pack/12","75","233.48"
"90185A","AMBER DIAMANTE EXPANDABLE RING","55","233.29"
"37483","ENGLISH ROSE MUG IN GIFT BOX","143","232.89"
"84797b","BLUE SAVANNAH PICNIC HAMPER FOR 4","21","232.62"
"23036","T-LIGHT HOLDER SILVER PETIT FOUR","184","232.42"
"16256B","FLOWER PENCIL/RUBBER+5 MINI PENCILS","524","232.35"
"35991","SET/6 BLACK SNOWFLAKE T-LIGHTS","402","232.08"
"90210B","CLEAR ACRYLIC FACETED BANGLE","102","232.04"
"23447","PINK BUNNY EASTER EGG BASKET","158","231.90"
"22878","NUMBER TILE COTTAGE GARDEN No","83","231.54"
"90181B","AMETHYST GLASS/SHELL/PEARL NECKLACE","25","231.27"
"16202C","BEIGE PHOTO ALBUM","97","230.59"
"22842","BISCUIT TIN, RED,IVORY, VINTAGE","37","230.55"
"21226","POCKET MIRROR WOODLAND","213","230.55"
"90164A","PINK ROSEBUD PEARL BRACELET","40","230.39"
"23446","BLUE BUNNY EASTER EGG BASKET","157","230.25"
"37508","NEW ENGLAND CERAMIC CAKE SERVER","89","229.57"
"72781","BLACK SILOUETTE CANDLE PLATE","121","229.50"
"90122B","JADE CRYSTAL+GLASS BRACELET","46","228.99"
"21639","ASSORTED TUTTI FRUTTI KEYRING","259","228.65"
"90199B","5 STRAND GLASS NECKLACE AMETHYST","36","228.61"
"90090","PINK CRYSTAL HEART PHONE CHARM","263","227.72"
"35809B","ENAMEL BLUE RIM TEA CONTAINER","104","227.54"
"71028B","SILVER BLUE EGG T-LIGHT HOLDER","494","227.48"
"21395","BLUE SPOTTY BEAKER","112","227.44"
"84705C","PINK FLOCK PHOTO FRAME","162","227.33"
"22899","CHILDRENS APRON DOLLY GIRL","107","226.81"
"72750D","F.FAIRY S/3 CANDLE/GLASS","110","226.50"
"23003","TRAVEL CARD WALLET VINTAGE ROSE","542","226.20"
"90003D","CRYSTAL PAIR HEART HAIR SLIDES","60","226.17"
"90155","RESIN NECKLACE W PASTEL BEADS","30","226.16"
"84966A","PINK KASHMIRI BOXED MIRROR","13","225.95"
"90116","FRUIT SALAD BAG CHARM","106","225.52"
"21369","MIRRORED WALL ART SPLODGES","133","225.36"
"TEST001","This is a test product.","50","225.00"
"84927E","FLOWERS TILE HOOK","494","224.31"
"35597B","BLACKCHRISTMAS TREE 30CM","78","224.10"
"90125D","PURPLE BERTIE GLASS BEAD BAG CHARM","136","223.74"
"72812","LARGE ZINC GLASS CANDLEHOLDER","78","223.23"
"17084P","DRAGONS BLOOD INCENSE","990","222.75"
"47591A","CAROUSEL DES CHILD'S APRON","134","221.57"
"17011C","ORIGAMI LAVENDER INCENSE+FLOWER","335","221.40"
"21102","CANDLE IN JAR COLLAGE , VANILLA","82","221.08"
"16258B","DAISY ERASERS IN BAG","1016","221.06"
"17013B","ORIGAMI JASMINE INCENSE IN TUBE","256","221.03"
"72807b","SET/3 OCEAN SCENT CANDLE JEWEL BOX","26","220.94"
"35833G","4 GOLD FLOCK CHRISTMAS BALLS","134","220.66"
"62086A","PINK RETRO BIG FLOWER BAG","113","220.35"
"90124C","GREEN MURANO TWIST NECKLACE","22","220.21"
"72225D","VANILLA SCENT CAKE CANDLE","962","219.46"
"85168A","WHITE BAROQUE CARRIAGE CLOCK","22","218.90"
"90058A","CRYSTAL STUD EARRINGS CLEAR DISPLAY","576","218.88"
"48173c","DOOR MAT BLACK FLOCK","16","218.58"
"84509C","DOTTY PLACEMATS","58","218.29"
"22845","VINTAGE CAT FOOD CONTAINER","34","218.14"
"72801d","4 SKY BLUE DINNER CANDLES","88","217.33"
"22588","CARDHOLDER GINGHAM HEART","102","216.90"
"90005A","JADE GREEN ENAMEL HAIR COMB","106","216.87"
"84725","FREESTYLE CANVAS ART PICTURE","134","216.50"
"35793","S/3 PUPPIES CHRISTMAS DECORATIONS","108","216.33"
"23360","SET 8 CANDLES VINTAGE DOILEY","122","216.30"
"37492A","YELLOW RED FLOWER PIGGY BANK","108","216.07"
"84807","RED POPPY ARTIFICIAL FLOWER","233","215.93"
"90036A","FLOWER GARLAND NECKLACE RED","27","215.76"
"21543","BUTTERFLY WATER TRANSFER TATTOOS","284","215.00"
"22834","MINI HAND WARMER BABUSHKA DESIGN","108","214.80"
"84690","S/2 BEACH HUT STOOLS","27","214.65"
"48179","DOOR MAT SWEET HOME","34","214.47"
"90123A","PINK HEART OF GLASS BRACELET","36","214.07"
"51012C","FEATHER DUSTER, COAL BLACK","171","213.75"
"90214A","LETTER ""A"" BLING KEY RING","213","213.65"
"90019C","SILVER BLACK ORBIT BRACELET","40","213.38"
"16201A","PASTEL PINK PHOTO ALBUM","101","213.37"
"21400","RED PUDDING SPOON","1078","213.07"
"22880","NUMBER TILE VINTAGE FONT 1","103","212.91"
"84805A","CREAM CLIMBING HYDRANGA ART FLOWER","147","212.85"
"85039a","SET/4 RED MINI ROSE CANDLE IN BOWL","64","212.45"
"84313A","PINK TV TRAY TABLE","38","212.42"
"84247C","PACK/12 BLUE REINDEER CARD","72","212.40"
"90024B","NEW BAROQUE B'FLY NECKLACE RED","25","212.24"
"35817P","ACRYLIC JEWEL SNOWFLAKE,PINK","408","212.14"
"47593B","SCOTTIES DESIGN BABY BIB","194","212.06"
"21368","MIRRORED WALL ART LADIES","201","212.04"
"84927D","LA PALMIERA TILE HOOK","953","211.29"
"20827","GOLD APERITIF GLASS","173","209.36"
"20814","SILVER FINCH DECORATION","189","208.89"
"84706F","RED PEONY TABLE CLOCK","34","208.30"
"47574B","ENGLISH ROSE SCENTED HANGING HEART","49","208.25"
"90211B","JET BLACK LAS VEGAS NECKLACE 45CM","35","208.21"
"90056","CHUNKY CRACKED GLAZE NECKLACE IVORY","19","207.94"
"90016A","SILVER/M.O.P PENDANT ORBIT NECKLACE","29","207.86"
"37485","ENGLISH ROSE TEA SET IN GIFT BOX","49","207.69"
"90210A","GREY ACRYLIC FACETED BANGLE","88","207.34"
"90040A","MURANO STYLE GLASS BRACELET RED","53","207.05"
"47343A","FUSCHIA FLOWER PURSE WITH BEADS","200","206.26"
"17014D","ORIGAMI ROSE INCENSE CONES","479","204.36"
"90186A","AMETHYST HOOP EARRING FLORAL LEAF","69","203.73"
"35962","SET/12 ZINC CHRISTMAS DECORATIONS","94","203.73"
"35824B","HANGING FLOWERS+MIRROR,BLUE","528","203.24"
"20890","SMALL GLASS ROSE SCENTED CANDLE","605","202.62"
"22872","NUMBER TILE COTTAGE GARDEN 4","80","202.10"
"72756","FAIRY CAKE CANDLES","153","202.05"
"22881","NUMBER TILE VINTAGE FONT 2","104","201.46"
"84723","CHERRY BLOSSOM CANVAS ART PICTURE","54","201.30"
"72754A","FLOWER FAIRY POTPOURRI CUSHION LILY","292","201.24"
"20672","PINK TEATIME PRINT BOWL","138","201.00"
"22884","NUMBER TILE VINTAGE FONT 5","102","199.90"
"90144","SILVER DROP EARRINGS WITH FLOWER","53","199.45"
"79403","FROSTED WHITE BASE","216","199.02"
"90000A","RASPBERRY ANT COPPER FLOWER NECKLAC","33","198.98"
"84797a","PINK HAWAIIAN PICNIC HAMPER FOR 4","18","198.84"
"22330","72 ROUND PINK DOILIES","128","197.90"
"84855","BLOKEY SILVER TOOL SET","36","196.70"
"47504F","ENGLISH ROSE TORCH","527","196.46"
"22849","BREAD BIN, DINER STYLE, MINT","13","196.35"
"22883","NUMBER TILE VINTAGE FONT 4","101","195.69"
"90029","NEW BAROQUE SMALL NECKLACE BLACK","23","195.14"
"84985B","SET OF 72 BLACK PAPER DOILIES","128","194.96"
"22326","ROUND SNACK BOXES ,SET4, WOODLAND","66","194.70"
"23697","A PRETTY THANK YOU CARD","456","194.58"
"22289","HANGING METAL CHICKEN DECORATION","148","193.52"
"21582","KINGS CHOICE SMALL TUBE MATCHES","117","193.05"
"22885","NUMBER TILE VINTAGE FONT 6","104","192.90"
"35819B","ACRYLIC HANGING JEWEL,BLUE","385","192.30"
"84899F","YELLOW PURPLE DAISY FELT PURSE KIT","121","192.17"
"90036F","FLOWER GLASS GARLD NECKL36""TURQUOIS","24","192.17"
"90003C","MIDNIGHT BLUE PAIR HEART HAIR SLIDE","51","191.54"
"90178B","PURPLE CHUNKY GLASS+BEAD NECKLACE","16","191.41"
"72051S","BAG OF SILVER STONES","300","190.89"
"22841","CAKE TIN, ROUND, VINTAGE MINT,IVORY","27","190.65"
"37506","NEW ENGLAND MILK JUG W GIFT BOX","32","190.40"
"84255B","ORANGE COCKTAIL GLASS LAMP","65","190.16"
"84926C","FAIRY CAKES TILE COASTER","138","189.60"
"23229","DONKEY TAIL GAME","54","189.54"
"84803A","PINK ALLIUM  ARTIFICIAL FLOWER","112","189.28"
"85128","PLANTPOT SINGLE HOOK PISTACHIO","167","188.95"
"84744","S/6 SEW ON CROCHET FLOWERS","149","188.77"
"84706B","FAIRY CAKES TABLE CLOCK","20","188.73"
"90159","COTE D'AZURE NECKLACE","38","188.58"
"72801D","S/4 SKY BLUE DINNER CANDLES","172","188.24"
"22510","DOORSTOP RUSSIAN DOLL GINGHAM","44","188.22"
"90130B","TURQ STONE/CRYSTAL EARRINGS","64","188.09"
"20837","FRENCH FLORAL CUSHION COVER","165","188.07"
"90094","NECKLACE+BRACELET SET FRUIT SALAD","74","187.62"
"85114b","IVORY ENCHANTED FOREST PLACEMAT","56","186.76"
"90210C","RED   ACRYLIC FACETED BANGLE","118","186.56"
"84893","ANT WHITE IRON BASKET","33","186.35"
"84452","METAL RABBIT LADDER EASTER","198","186.16"
"16053","POPART COL BALLPOINT PEN ASST","4313","185.73"
"84510a","SET OF 4 ENGLISH ROSE COASTERS","75","185.70"
"84877A","PINK ROUND COMPACT MIRROR","74","185.66"
"85114a","BLACK ENCHANTED FOREST PLACEMAT","56","185.64"
"20968","GREEN FLORAL FELTCRAFT SHOULDER BAG","43","185.11"
"23436","GIFT BAG LARGE VINTAGE CHRISTMAS","148","185.00"
"35911B","PINK/FLOWER RABBIT EGG WARMER","159","184.76"
"23416","CHAMBRE HOOK","132","184.68"
"20957","PORCELAIN HANGING BELL SMALL","126","184.61"
"35838A","S/6 MULTICOLOUR ORNAMENETAL CANDLE","180","184.40"
"84029D","LEOPARD PRINT HOT WATER BOTTLE","51","183.98"
"90125A","PINK BERTIE GLASS BEAD BAG CHARM","149","183.97"
"90129F","RED GLASS TASSLE BAG CHARM","81","183.26"
"21530","DAIRY MAID CERAMIC TOASTRACK","59","183.06"
"90086","CRYSTAL FROG PHONE CHARM","216","182.79"
"21018","BIRD BOX CHRISTMAS TREE DECORATION","213","182.71"
"17090A","LAVENDER INCENSE 40 CONES IN TIN","173","182.65"
"20796","SMALL BLUE PROVENCAL CERAMIC BALL","99","182.16"
"40001","WHITE BAMBOO RIBS LAMPSHADE","233","182.14"
"22344","PARTY PIZZA DISH PINK RETROSPOT","185","181.55"
"37379B","BLUE CHERRY BLOSSOM CUP & SAUCER","1122","181.50"
"22545","MINI JIGSAW BUNNIES AT HOME","432","181.44"
"90214S","LETTER ""S"" BLING KEY RING","184","181.34"
"79144B","PAINTED LIGHTBULB STAR+ MOON","350","181.03"
"90065A","WHITE VINTAGE CRYSTAL BRACELET","26","180.46"
"16043","POP ART PUSH DOWN RUBBER","2145","180.30"
"22871","NUMBER TILE COTTAGE GARDEN 3","71","180.19"
"79144C","PAINTED LIGHTBULB RAINBOW DESIGN","306","180.14"
"35818B","ACRYLIC JEWEL ICICLE, BLUE","408","180.05"
"22384","LUNCHBAG PINK RETROSPOT","108","179.91"
"47347B","BLUE FLOWER T-LIGHT HOLDER","240","179.88"
"90180B","PURPLE AMETHYST NECKLACE W TASSEL","18","179.88"
"84962","SET/3 COLOUR PAINTED KASHMIRI STOOL","3","179.85"
"84661C","PINK SQUARE TABLE CLOCK","150","179.75"
"21310","CAPIZ CHANDELIER","6","179.70"
"17011A","ORIGAMI VANILLA INCENSE+FLOWER","261","179.56"
"84464","S/60 PINK FLUFFY CHICKS IN BOX","82","179.10"
"85123A","CREAM HANGING HEART T-LIGHT HOLDER","61","178.51"
"90063A","WHITE VINT ART DECO CRYSTAL NECKLAC","21","178.48"
"22345","PARTY PIZZA DISH BLUE RETROSPOT","206","178.34"
"23126","DOLLCRAFT GIRL AMELIE","36","178.20"
"90013D","PURPLE VINTAGE EARRINGS","46","178.11"
"90000B","MIDNIGHT BLUE COPPER FLOWER NECKLAC","29","177.29"
"72801C","S/4 ROSE PINK DINNER CANDLES","171","176.91"
"22839","CAKE TIN, 3 TIER MINT/IVORY","13","176.75"
"21031","SPACE CADET BLACK","144","176.70"
"90072","RUBY DROP CHANDELIER EARRINGS","44","176.31"
"82607C","GLASS BONBON JAR. SUPERFINES","115","175.61"
"84564","6 SEGMENT COLOURED SNACK BOWL","21","175.48"
"84967A","PINK KASHMIRI OCCASIONAL TABLE","3","174.90"
"75011","BLUE DAISY MOBILE","181","172.51"
"90123D","WHITE HEART OF GLASS BRACELET","29","172.39"
"84951B","S/4 BLACK LOVEBIRD COASTERS","88","171.61"
"85185C","COW  SOCK PUPPET","58","171.10"
"21461","BLUE EASTER EGG HUNT START POST","82","171.04"
"84706C","PINK FLOCK TABLE CLOCK","84","170.80"
"90063B","BLACK VINT ART DEC CRYSTAL NECKLACE","20","170.17"
"17014A","ORIGAMI VANILLA INCENSE CONES","276","170.13"
"85040a","S/4 PINK FLOWER CANDLES IN BOWL","51","169.75"
"47593A","CAROUSEL DESIGN BABY BIB","164","169.40"
"47570b","TEA TIME TABLE CLOTH","8","169.40"
"84531A","PINK KNITTED EGG COSY","191","169.36"
"90166","PINK & WHITE ROSEBUD RING","40","168.94"
"90019B","GOLD M.O.P ORBIT BRACELET","32","168.62"
"90204","PAIR OF ENAMEL BUTTERFLY HAIRCLIP","50","168.46"
"85205A","IVORY FELT EASTER RABBIT GARLAND","66","168.30"
"90186B","CRYSTAL HOOP EARRING FLORAL LEAF","57","168.26"
"21087","SET/6 POSIES PAPER CUPS","260","168.08"
"35916C","PINK FELT HANGING HEART W FLOWER","157","167.55"
"37491C","GREEN/BLUE CERAMIC CANDLE HOLDER","58","167.52"
"82587","TEXRIO TOMATOES CANDLE+CUP","128","166.78"
"90211A","DIAMOND LAS VEGAS NECKLACE 45CM","28","166.57"
"84231","EASTER BUNNY WITH BASKET ON BACK","230","166.21"
"90060F","FIRE POLISHED GLASS NECKL GREEN","28","166.14"
"84951A","S/4 PISTACHIO LOVEBIRD COASTERS","106","166.10"
"gift_0001_40","Dotcomgiftshop Gift Voucher £40.00","5","166.09"
"90214L","LETTER ""L"" BLING KEY RING","176","166.06"
"90003B","ROSE COLOUR PAIR HEART HAIR SLIDES","44","165.81"
"21394","RED SPOTTY BEAKER","85","165.75"
"10123G","ARMY CAMO WRAPPING TAPE","2251","165.56"
"90093","CLEAR CRYSTAL STAR PHONE CHARM","209","165.34"
"84984D","ORIENTAL RED C/COVER","27","165.11"
"23694","PAISLEY PARK CARD","376","165.08"
"90018B","GOLD M.O.P ORBIT DROP EARRINGS","39","164.62"
"84531B","BLUE KNITTED EGG COSY","194","164.01"
"84510C","SET OF 4 POLKADOTS COASTERS","122","164.00"
"85024C","PINK SMALL JEWELLED PHOTOFRAME","99","163.35"
"85232b","SET/3 RUSSIAN DOLL STACKING TINS","16","162.94"
"22874","NUMBER TILE COTTAGE GARDEN 6","70","162.82"
"16202E","BLACK PHOTO ALBUM","82","162.73"
"90039D","FIRE POLISHED GLASS BRACELET GREEN","43","162.66"
"90214C","LETTER ""C"" BLING KEY RING","165","162.53"
"90162B","ANT SILVER LIME GREEN BOUDICCA RING","55","162.25"
"20693","FLORAL DINOSAUR GREEN","33","161.89"
"90190C","SILVER/AMETHYST DROP EARRINGS LEAF","55","161.82"
"90129D","AMBER GLASS TASSLE BAG CHARM","67","161.57"
"90214J","LETTER ""J"" BLING KEY RING","157","161.47"
"90042A","FRESHWATER PEARL BRACELET GOLD","63","160.79"
"90123C","GREEN HEART OF GLASS BRACELET","27","160.75"
"21353","SILVER SLEIGHBELL  WREATH","19","160.45"
"84599","CANDY STRIPE ROSE FLOOR CUSHION","15","160.15"
"37479P","CUBIC MUG FLOCK PINK ON BROWN","170","160.08"
"23305","SET 4 PICNIC CUTLERY BLUEBERRY","82","159.90"
"22645","CERAMIC HEART CAKE MONEY BANK","120","159.60"
"23545","WRAP RED DOILEY","380","159.60"
"37379A","PINK CHERRY BLOSSOM CUP & SAUCER","41","159.20"
"16054","POPART RECT PENCIL SHARPENER ASST","1210","159.00"
"85166A","WHITE METAL BAROQUE PHOTO FRAME","77","158.90"
"90048","GREEN WITH METAL BAG CHARM","31","158.89"
"22864","MUG AND COASTER SET RED CIRCLES","378","158.76"
"90214K","LETTER ""K"" BLING KEY RING","154","158.40"
"16012","FOOD/DRINK SPUNGE STICKERS","759","158.19"
"48175","DOOR MAT CAMOUFLAGE","39","158.04"
"22853","ENAMEL CAT BOWL CREAM","52","157.80"
"84927A","WAKE UP COCKEREL TILE HOOK","226","157.61"
"21489","BLUE WHITE SCARF HOT WATER BOTTLE","28","157.60"
"16156L","WRAP CAROUSEL","375","157.50"
"23417","BATHROOM HOOK","146","157.50"
"90059A","DIAMANTE HAIR GRIP PACK/2 CRYSTAL","94","156.98"
"22868","NUMBER TILE COTTAGE GARDEN 0","67","156.97"
"22886","NUMBER TILE VINTAGE FONT 7","90","156.80"
"23468","TUSCAN VILLA BIRD TABLE","19","156.75"
"72140E","BEST DAD CANDLE LETTERS","218","156.72"
"17178","FLAT PALM T-LIGHT HOLDER","133","156.65"
"46138B","BLUE CHENILLE SHAGGY CUSHION COVER","71","156.29"
"84914A","PINK ROSE PICNIC RUG","6","155.70"
"90183A","AMBER DROP EARRINGS W LONG BEADS","53","155.65"
"20664","TROPICAL HOLIDAY PURSE","57","155.41"
"22875","NUMBER TILE COTTAGE GARDEN 7","66","154.94"
"72351a","SET/6 TURQUOISE BUTTERFLY T-LIGHTS","37","154.89"
"90065B","BLACK VINT ART DEC CRYSTAL BRACELET","22","154.87"
"90123B","TURQUOISE HEART OF GLASS BRACELET","26","154.69"
"22587","FELTCRAFT HAIRBAND, S/2, RED/BLUE","204","154.68"
"23496","PANTRY KITCHEN THERMOMETER","112","154.52"
"22877","NUMBER TILE COTTAGE GARDEN 9","69","154.33"
"23196","RETRO LEAVES MAGNETIC NOTEPAD","105","154.09"
"37342","SPOTTY COFFEE CUP & SAUCER","40","153.78"
"47369B","BLUE GREEN EMBROIDERY COSMETIC BAG","54","153.18"
"47518F","ICON PLACEMAT POP ART ELVIS","903","153.14"
"79192A","RETRO PLASTIC 70'S TRAY","114","152.64"
"84622","PINK GINGHAM ROSE CUSHION COVER","23","152.60"
"23484","HEART TRELLISTRIPLE T-LIGHT HOLDER","56","152.24"
"22873","NUMBER TILE COTTAGE GARDEN 5","63","151.35"
"90030C","BROWN KUKUI COCONUT SEED NECKLACE","87","151.30"
"22536","MAGIC DRAWING SLATE FIDO","360","151.20"
"20952","PORCELAIN CHERUB BELL SMALL","329","150.72"
"84989a","75 GREEN FAIRY CAKE CASES","74","150.57"
"17107D","FLOWER FAIRY 5 DRAWER LINERS","59","150.45"
"79161A","ST GEORGE SET OF 10 PARTY LIGHTS","51","150.45"
"90042C","FRESHWATER PEARL BRACELET IVORY","59","150.21"
"84228","HEN HOUSE W CHICK STANDING","340","150.19"
"23254","KIDS CUTLERY DOLLY GIRL","36","149.40"
"23256","KIDS CUTLERY SPACEBOY","36","149.40"
"17108D","FLOWER FAIRY SUMMER BOUQUET SACHET","355","149.10"
"90040D","MURANO STYLE GLASS BRACELET PINK","41","148.87"
"23465","TUSCAN VILLA BIRD FEEDER","17","148.63"
"71496A","A4 WALL TIDY BLUE OFFICE","244","148.01"
"35980C","REDWHITE STRIPE SCANDINAVIAN HEART","377","147.64"
"84720","DOT MATRIX CANVAS ART PICTURE","35","147.05"
"90040C","MURANO STYLE GLASS BRACELET GOLD","41","146.75"
"84527","FLAMES SUNGLASSES PINK LENSES","77","146.11"
"23292","SPACE BOY CHILDRENS CUP","131","145.76"
"90016C","SILVER/BLACK PENDANT ORBIT NECKLACE","17","144.07"
"35610B","BLACK CHRISTMAS FLOCK DROPLET","179","144.07"
"79191D","RETRO PLASTIC DAISY TRAY","138","143.87"
"90036B","FLOWER GLASS GARLAND NECKL.36""GREEN","18","143.10"
"22876","NUMBER TILE COTTAGE GARDEN 8","62","143.02"
"22887","NUMBER TILE VINTAGE FONT 8","84","143.00"
"10120","DOGGY RUBBER","664","142.74"
"84874B","BLUE TRAVEL FIRST AID KIT","86","141.76"
"90202D","PINK ENAMEL FLOWER HAIR TIE","48","141.49"
"72740A","LARGE STRAWBERRY CHOCOLATE CANDLE","65","141.23"
"47590b","PINK HAPPY BIRTHDAY BUNTING","13","140.50"
"47369A","PINK GREEN EMBROIDERY COSMETIC BAG","48","140.40"
"84765","SILVER ROCOCO CANDELABRA","9","140.23"
"90212B","JET BLACK LAS VEGAS BRACELET ROUND","37","140.07"
"78026","SEAGRASS S/3 SQU LAUNDRY BOX","12","139.95"
"90214M","LETTER ""M"" BLING KEY RING","138","139.82"
"23306","SET OF 36 PANTRY PAPER DOILIES","67","139.78"
"22869","NUMBER TILE COTTAGE GARDEN, 1","67","139.69"
"23091","METAL HERB GERDEN CONTAINER","24","139.68"
"90022","EDWARDIAN DROP EARRINGS JET BLACK","37","139.67"
"47592A","CAROUSEL CHILDRENS OVERALL","74","139.56"
"90199A","5 STRAND GLASS NECKLACE BLACK","22","139.50"
"23463","VINTAGE ZINC WATERING CAN","13","139.40"
"90214E","LETTER ""E"" BLING KEY RING","142","139.28"
"90199D","5 STRAND GLASS NECKLACE AMBER","22","139.28"
"22195","HEART MEASURING SPOONS LARGE","84","138.60"
"23304","SET 4 PICNIC CUTLERY CHERRY","71","138.45"
"22069","BROWN  PIRATE TREASURE CHEST","59","138.22"
"72754B","F FAIRY POTPOURRI CUSHIONS LAVENDER","170","137.54"
"35816P","ACRYLIC JEWEL ANGEL,PINK","297","137.43"
"90156","RESIN BRACELET W PASTEL BEADS","25","137.37"
"47593A","CAROUSEL PONIES BABY BIB","139","137.27"
"84549","CROCHET WHITE RABBIT KEYRING","75","137.27"
"84709A","SILVER OVAL JEWELLED MIRROR","23","136.85"
"S","SAMPLES","3","136.85"
"37330","BIG POLKADOT MUG","80","136.76"
"35824P","HANGING FLOWERS+MIRROR,PINK","324","136.44"
"90151","SILVER/NATURAL SHELL NECKLACE","16","136.17"
"90024E","NEW BAROQUE B'FLY NECKLACE MONTANA","16","135.98"
"21004","ROSE DU SUD CHILDRENS APRON","31","135.93"
"90194","SILVER LARIAT BLACK STONE EARRINGS","32","135.84"
"90038A","GLASS AND PAINTED BEADS BRACELET TO","36","135.80"
"90177D","DROP DIAMANTE EARRINGS PURPLE","46","135.76"
"17011D","ORIGAMI ROSE INCENSE+FLOWER","209","135.70"
"77079","DOLPHIN WINDMILL","64","135.68"
"90208","PAIR OF PINK FLOWER CLUSTER SLIDE","54","135.24"
"85132a","CHARLIE + LOLA BISCUITS TINS","10","135.13"
"90002A","FLOWER BURST SILVER RING OPAL","36","135.00"
"72134","COLUMBIAN  CUBE CANDLE","339","134.85"
"16020C","CLEAR STATIONERY BOX SET","160","134.50"
"35015","JACOBS LADDER SMALL","2072","134.08"
"22241","GARLAND , WOODEN  "" HAPPY EASTER""","105","133.89"
"84555A","YELLOW VW BEETLE CERAMIC MONEY BOX","47","133.85"
"35609A","PINK FEATHER CHRISTMAS DECORATION","447","133.23"
"46137D","GREEN CHENILLE SHAGGY RUG","45","132.75"
"90190B","GOLD/AMBER DROP EARRINGS W LEAF","45","132.58"
"90137","PINK COMBO MINI CRYSTALS NECKLACE","26","132.52"
"23066","SMALL JEWELLERY STAND","16","132.00"
"23081","GREEN METAL BOX TOP SECRET","16","132.00"
"45013","FOLDING SHOE TIDY","48","132.00"
"90023","FILIGREE DIAMANTE EARRINGS","31","131.74"
"90165B","WHITE ROSEBUD  PEARL EARRINGS","52","131.65"
"35933","PINK STOCKING CHRISTMAS DECORATION","319","131.38"
"90101","WHITE FRANGIPANI NECKLACE","52","131.16"
"84656","WHITE ROSE C/COVER","22","130.90"
"22888","NUMBER TILE VINTAGE FONT 9","79","130.83"
"16119","FUNKY GIRL ADDRESS BOOK","273","130.71"
"84925E","FLOWERS WALL THERMOMETER","75","130.05"
"20899","VINTAGE NOTEBOOK RED ROSE","44","129.80"
"90099","NECKLACE+BRACELET SET BLUE HIBISCUS","42","129.69"
"90190A","SILVER/CRYSTAL DROP EARRINGS W LEAF","44","129.59"
"10080","GROOVY CACTUS INFLATABLE","315","129.29"
"85160a","WHITE BIRD GARDEN DESIGN MUG","8","129.04"
"84858A","NATURAL RIVIERA HANDBAG","53","128.83"
"90181A","AMBER GLASS/SHELL/PEARL NECKLACE","14","128.64"
"22848","BREAD BIN, DINER STYLE, PINK","8","127.60"
"84251G","GREETING CARD, OVERCROWDED POOL.","472","127.56"
"90024D","NEW BAROQUE B'FLY NECKLACE PINK","15","127.50"
"84782B","BLACK 3 TIER GLASS PLATE STAND","10","127.50"
"85014a","BLACK/BLUE DOTS RUFFLED UMBRELLA","10","127.20"
"85018C","S/6 PAPER BOXES CURIOUS IMAGES","36","127.20"
"16168S","FUNKY MONKEY GIFT BAG SMALL","1283","126.83"
"23303","SET 4 PICNIC CUTLERY FONDANT","65","126.75"
"84559D","3D SHEET OF SEA WORLD STICKERS","147","126.71"
"23020","GLASS SONGBIRD STORAGE JAR","11","126.70"
"84367","LA STREGA CANVAS PICTURE","74","126.30"
"82607E","GLASS BONBON JAR. D'AMANDES","101","126.25"
"gift_0001_10","Dotcomgiftshop Gift Voucher £10.00","15","126.21"
"90174","BUTTERFLY HAIR BAND","50","126.12"
"90108","BLUE BLOSSOM HAIR CLIP","109","125.83"
"23578","SNACK TRAY RED GINGHAM","60","125.72"
"90138","WHITE/PINK MINI CRYSTALS NECKLACE","24","125.64"
"47592B","SCOTTIES DESIGN CHILD'S OVERALL","64","125.60"
"84968a","SET OF 16 VINTAGE ROSE CUTLERY","5","125.33"
"84558a","3D DOG PICTURE PLAYING CARDS","21","125.17"
"23065","LARGE JEWELLERY STAND","10","125.00"
"84614A","PINK BAROQUE FLOCK CANDLE HOLDER","17","124.83"
"90002C","FLOWER BURST SILVER RING MIDN'T BLU","33","124.38"
"85185B","PINK HORSE SOCK PUPPET KIT","42","123.90"
"90162C","ANT SILVER FUSCHIA BOUDICCA RING","42","123.90"
"22359","GLASS JAR, KINGS CHOICE SOAP","42","123.90"
"90168","2 DAISIES HAIR COMB","42","123.76"
"17191A","ROSE FLOWER CANDLE+INCENSE 16X16CM","33","123.75"
"22850","BREAD BIN DINER STYLE BLACK","8","123.60"
"20816","GOLD FLOWER CUSHION COVER","24","123.60"
"23477","WOODLAND LARGE BLUE FELT HEART","92","123.47"
"23454","SET OF 3 MINI HANGING PORTRAITS","32","123.20"
"23457","LARGE PARLOUR FRAME","27","122.85"
"72133","COLUMBIAN CANDLE RECTANGLE","109","122.63"
"22832","SWEETHEART WIRE WALL TIDY","12","122.60"
"21228","POCKET MIRROR ""GLAMOROUS""","97","122.57"
"85190","PINK FLOWER HANGING HEART","138","122.46"
"79308B","MOSAIC CANDLE DISH BLUE PURPLE","144","122.40"
"21379","CAMPHOR WOOD PORTOBELLO MUSHROOM","70","122.36"
"90205C","LARGE CRYSTAL DIAMANTE HAIRSLIDE","78","122.31"
"44242B","PINK FEATHERS CURTAIN","109","121.53"
"79532","MOSAIC GLASS BALL CANDLEHOLDER","97","121.25"
"84199","GLOW IN DARK DOLPHINS","554","121.08"
"22534","MAGIC SLATE SPACEBOY","288","120.96"
"22536","MAGIC SLATE FIDO","288","120.96"
"22535","MAGIC SLATE BUNNIES AT HOME","288","120.96"
"90003E","GREEN PAIR HEART HAIR SLIDES","32","120.31"
"23467","VINTAGE ZINC PLANTER","32","120.08"
"23438","GIFT BAG LARGE SPOT","96","120.00"
"84509F","NEW ENGLAND PLACEMATS","32","120.00"
"23209","LUNCH BAG VINTAGE DOILEY","71","119.63"
"84886","BLUE METAL WALL SHELF","12","119.40"
"84288B","SET/2 BLUE  NOODLE BASKETS","61","118.95"
"23359","SET OF 12 T-LIGHTS VINTAGE DOILEY","61","118.95"
"23280","FOLDING MIRROR HOT PINK","156","118.92"
"22972","CHILDRENS SPACEBOY MUG","72","118.80"
"90018C","SILVER BLACK ORBIT DROP EARRINGS","28","118.51"
"35607A","PINK FLUFFY CHRISTMAS DECORATION","554","118.43"
"20887","BOX OF 6 PEBBLE CANDLES","18","118.39"
"90139","FLOWER BROOCH 4 ASSORTED COLOURS","23","118.24"
"84510E","SET OF 4 GREEN CAROUSEL COASTERS","148","117.77"
"22877","NUMBER TILE COTTAGE GARDEN, 9","59","117.31"
"35824C","HANGING FLOWERS+MIRROR,CLEAR","235","117.05"
"22879","NUMBER TILE VINTAGE FONT 0","74","117.04"
"23244","STORAGE TIN VINTAGE LEAF","60","117.00"
"72038P","PRICE'S CANDLE PEACH","1050","116.50"
"16206B","RED PURSE WITH PINK HEART","96","116.40"
"84751B","BLACK MEDIUM GLASS CAKE STAND","38","115.86"
"20848","ZINC HEART LATTICE CHARGER SMALL","39","115.05"
"20896","VINTAGE NOTEBOOK PINK FLOWER","39","115.05"
"84462","3 PINK HEN+CHICKS IN BASKET","100","114.86"
"23185","FRENCH STYLE STORAGE JAR JAM","317","114.85"
"20698","LITTLE PINK MONSTER SOFT TOY","47","114.45"
"23151","ZINC SWEETHEART SOAP DISH","61","114.33"
"84509c","SET OF 4 DOTTY PLACEMATS","15","114.30"
"90049","IVORY GOLD METAL BAG CHARM","20","114.24"
"23535","WALL ART BICYCLE SAFTEY","21","114.15"
"84510c","SET OF 4 POLKADOT COASTERS","46","113.76"
"90030A","SPOTTED WHITE NATURAL SEED NECKLACE","79","113.76"
"22868","NUMBER TILE COTTAGE GARDEN, 0","57","113.41"
"22875","NUMBER TILE COTTAGE GARDEN, 7","57","113.41"
"22870","NUMBER TILE COTTAGE GARDEN, 2","57","113.41"
"84705B","FAIRY CAKES PHOTO FRAME","84","113.27"
"84249A","GREETING CARD,SQUARE, DOUGHNUTS","252","113.22"
"90179C","BLACK FINE BEAD NECKLACE W TASSEL","19","112.78"
"21089","SET/6 GREEN SPRING PAPER CUPS","323","112.54"
"44236","PINK/PURPLE CIRCLE CURTAIN","64","112.32"
"71510","SQUARE METAL CANDLEHOLDER BASE","177","112.05"
"35916A","YELLOW FELT HANGING HEART W FLOWER","129","112.04"
"71495B","CD WALL TIDY RED FLOWERS","294","111.57"
"35966","FOLKART CHRISTMAS TREE T-LIGHT HOLD","255","111.34"
"10138","ASSORTED COLOUR JUMBO PEN","261","111.22"
"22873","NUMBER TILE COTTAGE GARDEN, 5","57","111.15"
"84493","BLUE/PINK NEST STRIPE BOX","1142","111.12"
"90103","PURPLE FRANGIPANI NECKLACE","44","110.85"
"82069","BEECH WOOD P/FRAME","17","109.85"
"22874","NUMBER TILE COTTAGE GARDEN, 6","56","109.20"
"22872","NUMBER TILE COTTAGE GARDEN, 4","56","109.20"
"22871","NUMBER TILE COTTAGE GARDEN, 3","56","109.20"
"22876","NUMBER TILE COTTAGE GARDEN, 8","56","109.20"
"85185F","LION SOCK PUPPET","37","109.15"
"84247H","PACK/12 DECOUPAGE CARD","42","109.13"
"90177C","DROP DIAMANTE EARRINGS CRYSTAL","37","109.03"
"90071","RUBY GLASS CLUSTER EARRINGS","87","108.99"
"20667","CHERRY BLOSSOM PURSE","40","108.69"
"22068","BLACK PIRATE TREASURE CHEST","55","108.48"
"90104","PURPLE FRANGIPANI HAIRCLIP","129","108.11"
"23041","PAPER LANTERN 6 POINT SNOW STAR","26","107.90"
"72753C","S/3 FLWR FAIRY ROSE CANDLES","43","107.68"
"90118","PINK DAISY BAG CHARM","42","107.39"
"35840","FLAT GLASS  BAUBLE WHITE FLOCK","45","107.13"
"23626","SET 10 CARDS DINKY TREE 17076","43","107.07"
"23455","SMALL PARLOUR FRAME","42","106.98"
"90059D","DIAMANTE HAIR GRIP PACK/2 PERIDOT","64","106.74"
"84562B","BLUE/WHITE RIBBED MELAMINE JUG","10","106.59"
"48103","DOORMAT KISS MY.......","22","106.58"
"90165A","PINK ROSEBUD PEARL EARRINGS","42","106.49"
"35096B","RED VICTORIAN FABRIC HEART BOX","293","106.49"
"22445","PENCIL CASE GINGHAM FOREST","36","106.20"
"84867A","PINK BABY GIRLS PHOTO ALBUM","16","105.82"
"90051","CRACKED GLAZE NECKLACE RED","15","105.72"
"35610A","PINK CHRISTMAS FLOCK DROPLET","143","105.43"
"84458","S/3 RABBIT FLOWER/EGG/CARROT ROPE","124","105.40"
"22433","WATERING CAN PINK BUNNY","54","105.30"
"17090D","VANILLA INCENSE 40 CONES IN TIN","88","105.20"
"23574","PACKING CHARGE","14","105.00"
"16169D","WRAP WINTER FOREST","250","105.00"
"90141A","GREEN PENDANT TRIPLE SHELL NECKLACE","20","104.95"
"90079","VINTAGE ENAMEL & CRYSTAL NECKLACE","21","104.77"
"21118","SHOPPING BAG DOORSTOP","69","104.25"
"21337","SILVER WASHBAG","33","103.53"
"72801c","4 ROSE PINK DINNER CANDLES","42","103.47"
"35910A","MULTICOLOUR EASTER RABBIT","53","103.35"
"84679","CLASSICAL ROSE TABLE LAMP","14","103.30"
"35594","WOODEN CHRISTMAS TREE 3 HANGING","165","103.06"
"84613A","PINK NEW BAROQUE FLOCK CANDLESTICK","22","102.30"
"84968e","S/16 VINTAGE BLACK CUTLERY","4","101.96"
"90125C","TURQUOISE BERTIE GLASS BEAD CHARM","92","101.35"
"72369A","PINK CLEAR GLASS CANDLE PLATE","67","101.29"
"84921","CREAM AND PINK FLOWERS PONY","27","101.25"
"16248B","BLUE HOLE PUNCH","81","101.25"
"85050","FRENCH ENAMEL SOAP DISH WITH LID","48","100.80"
"72821","CUPID SCENTED CANDLE IN GLASS","61","100.65"
"75172","PAINTED SEA SHELL METAL WINDCHIME","97","100.31"
"78027","SEAGRASS S/2 CORNER LAUNDRY","6","100.15"
"23611","SET 10 CARDS RED RIDING HOOD 17214","40","99.60"
"23464","VINTAGE ZINC WATERING CAN SMALL","18","99.20"
"37471","MULTICOLOUR DOTS PLATE","692","99.02"
"23465","TUSCAN VILLA FEEDING STATION","12","99.00"
"23191","BUNDLE OF 3 RETRO EXERCISE BOOKS","60","99.00"
"23466","TUSCAN VILLA DOVECOTE","12","99.00"
"22736","RIBBON REEL, MAKING SNOWMEN","60","99.00"
"21266","VINTAGE SILVER TINSEL REEL","23","98.90"
"90169","DAISY HAIR COMB","39","98.87"
"37471","MULTICOLOUR POLKADOT PLATE","713","98.83"
"84575A","PINK DOG CANNISTER","24","98.80"
"22878","NUMBER TILE COTTAGE GARDEN, No","45","98.72"
"90163B","WHITE ROSEBUD & PEARL NECKLACE","13","98.45"
"84705D","CHERRY BLOSSOM PHOTO FRAME","22","97.90"
"16161G","WRAP BAD HAIR DAY","975","97.50"
"90150","BLUE SHELL+SILVER NECKLACE","13","97.50"
"90067A","PINK VINTAGE VICTORIAN EARRINGS","33","97.24"
"20861","GOLD COSMETIC BAG PINK STAR","46","96.60"
"20697","LITTLE GREEN MONSTER SOFT TOY","40","96.60"
"84465","15 PINK FLUFFY CHICKS IN BOX","32","96.51"
"85132b","CHARLIE AND LOLA TABLE TINS","10","95.84"
"17084J","LOVE POTION MASALA INCENSE","456","95.76"
"84559a","3D SHEET OF DOG STICKERS","57","95.70"
"48103","DOOR MAT KISS MY.......","13","95.15"
"72606A","BROWN ANTIQUE CUBE CANDLE","226","94.92"
"21241","GREEN POLKADOT CUP","111","94.35"
"20622","VIP PASSPORT COVER","43","94.04"
"23402","HOME SWEEET HOME 3 PEG HANGER","25","93.75"
"90214R","LETTER ""R"" BLING KEY RING","91","93.73"
"22432","WATERING CAN GREEN DINOSAUR","48","93.60"
"90024C","NEW BAROQUE B'FLY NECKLACE GREEN","11","93.48"
"90026A","GLASS BEAD HOOP NECKLACE BLACK","11","93.47"
"90214G","LETTER ""G"" BLING KEY RING","100","93.18"
"81950B","FLOWER BLUE CLOCK W/SUCKER","100","93.10"
"17084A","TRANQUILITY MASALA INCENSE","442","92.82"
"35913B","WHITE/PINK CHICK EASTER DECORATION","100","92.39"
"90075","MONTANA DIAMOND CLUSTER NECKLACE","10","92.18"
"84753A","PINK EAU DE COLOGNE BOTTLE","97","92.17"
"21343","GOLD JEWELERY BOX","20","92.00"
"90089","PINK CRYSTAL SKULL PHONE CHARM","104","91.90"
"85232b","SET OF 3 BABUSHKA STACKING TINS","9","91.53"
"90202C","GREEN ENAMEL FLOWER HAIR TIE","31","91.46"
"90177B","DROP DIAMANTE EARRINGS BLACK DIAMON","31","91.38"
"23075","DOUBLE CERAMIC PARLOUR HOOK","22","91.30"
"90112","PINK DOLLY HAIR CLIPS","84","91.25"
"84437A","S/6 PINK EASTER DECS IN BOX","106","90.95"
"90202A","PURPLE ENAMEL FLOWER HAIR TIE","31","90.90"
"90214D","LETTER ""D"" BLING KEY RING","100","90.82"
"84539","KNITTED RABBIT DOLL","55","90.75"
"81952V","ROUND PURPLE CLOCK W/SUCKER","99","90.52"
"72783","BLACK SIL'T SQU CANDLE PLATE","43","90.30"
"71406C","BLACK ORANGE SQUEEZER","210","89.92"
"84984C","ORIENTAL BLUE C/COVER","13","89.59"
"17013C","ORIGAMI LAVENDER INCENSE IN TUBE","213","89.46"
"79026B","S/4 ICON COASTER,ELVIS LIVES","69","89.25"
"47598","NEW ENGLAND EGG WARMER","138","89.12"
"84388","WISE MAN STAR SHAPE EGG PAN","70","89.04"
"20660","VIP LUGGAGE TAG","71","88.75"
"90162A","ANT SILVER TURQUOISE BOUDICCA RING","30","88.50"
"90059E","DIAMANTE HAIR GRIP PACK/2 RUBY","53","88.31"
"35638A","PINK AND BLACK STRING CURTAIN","39","88.05"
"71495A","CD WALL TIDY BLUE OFFICE","225","87.96"
"84721","MANHATTAN CANVAS ART PICTURE","20","87.80"
"90092","BLUE CRYSTAL BOOT PHONE CHARM","102","87.51"
"84891B","GREEN WIRE GOBLET CANDLEHOLDER","11","87.45"
"37462B","PET MUG, BUDGIE","170","87.28"
"20835","FRENCH LATTICE CUSHION COVER","80","87.02"
"35822B","ACRYLIC BEAD CHAIN, BLUE","229","87.02"
"90088","CRYSTAL KEY+LOCK PHONE CHARM","101","86.70"
"90039C","FIRE POLISHED GLASS BRACELET BLACK","23","86.65"
"23614","SET 10 CARDS 12 DAYS WRAP  17058","26","86.58"
"84424A","FOUR PICTURE WHITE GLASS FRAME","23","86.25"
"35271S","GOLD PRINT PAPER BAG","420","85.97"
"90012B","BLACK DROP CRYSTAL NECKLACE","17","85.90"
"90162D","ANT SILVER PURPLE BOUDICCA RING","29","85.55"
"84454","WOBBLING METAL CHICKEN EASTER","93","85.53"
"85099c","JUMBO  BAG BAROQUE BLACK WHITE","17","85.17"
"22844","DOG FOOD CONTAINER , VINTAGE","10","85.00"
"90026D","GLASS BEAD HOOP NECKLACE AMETHYST","10","85.00"
"35838B","S/6 SILVER ORNAMENETAL CANDLE","100","85.00"
"90001D","ANTIQUE OLIVE GREEN FLOWER EARRINGS","20","84.96"
"84251B","GREETING CARD, STICKY GORDON","319","84.84"
"17027A","INCENSE BAZAAR CANNABIS","228","84.84"
"79051A","SMOKEY GREY COLOUR GLASS","236","84.76"
"46775B","BERRIES CHUNKY KNITTED THROW","5","84.75"
"16051","TEATIME PENCIL W STAMP ASST","941","84.69"
"23456","MEDIUM PARLOUR FRAME","22","84.10"
"84251F","GREETING CARD, RITA","341","83.97"
"90141C","TURQ PENDANT TRIPLE SHELL NECKLACE","16","83.69"
"22016","Dotcomgiftshop Gift Voucher £100.00","1","83.33"
"23442","12 HANGING EGGS HAND PAINTED","40","83.20"
"82605","OLD DOC.RUSSEL METAL SIGN","41","82.94"
"90176D","DIAMANTE NECKLACE PURPLE","11","82.81"
"84030C","KNITTED RAINBOW HOT WATER BOTTLE","21","82.78"
"90002B","FLOWER BURST SILVER RING ROSE","22","82.74"
"90177E","DROP DIAMANTE EARRINGS GREEN","28","82.71"
"90189A","SILVER 2 STRAND NECKLACE-LEAF CHARM","11","82.64"
"90130A","WHITE STONE/CRYSTAL EARRINGS","28","82.51"
"90069","RUBY GLASS CLUSTER NECKLACE","11","82.50"
"21699","SET 5 MINI CHOCOLATE FRIDGE MAGNETS","108","82.44"
"84907","PINK/YELLOW PATCH CUSHION COVER","8","82.34"
"90183B","AMETHYST DROP EARRINGS W LONG BEADS","28","81.93"
"22566","FELTCRAFT HAIRBAND S/2, PINK/PURPLE","96","81.60"
"22579","WOODEN TREE CHRISTMAS SCANDISPOT","96","81.60"
"35610C","WHITE CHRISTMAS FLOCK DROPLET","94","81.56"
"72779","SET/6 BLACK ROSE T-LIGHT CANDLES","48","81.12"
"16201B","PASTEL BLUE PHOTO ALBUM","34","81.10"
"16011","ANIMAL STICKERS","385","80.85"
"90121B","VINTAGE ROSE BEAD BRACELET BLUE","19","80.75"
"22531","MAGIC SLATE CIRCUS PARADE","192","80.64"
"22530","MAGIC SLATE DOLLY GIRL","192","80.64"
"84596I","WRAP SWEETS LIGHT PINK SMALL BOWL","72","80.62"
"17011E","ORIGAMI OPIUM SCENT INCENSE+FLOWER","124","80.60"
"22346","PARTY PIZZA DISH GREEN RETROSPOT","89","80.51"
"DCGS0069","OOH LA LA DOGS COLLAR","5","80.31"
"23370","SET 36 COLOUR PENCILS DOILEY","64","80.00"
"84415B","BLUE FLOCK CUSHION COVER","24","80.00"
"35265","COLOURFUL FLOWER FRUIT BOWL","21","80.00"
"90059F","DIAMANTE HAIR GRIP PACK/2 LT ROSE","48","79.87"
"90206A","GOLD DIAMANTE STAR BROOCH","16","79.60"
"90125B","AQUA BERTIE GLASS BEAD BAG CHARM","44","79.57"
"84795E","RIO PINK STRIPE HAMMOCK","10","79.50"
"84548","CROCHET BEAR RED/BLUE  KEYRING","48","79.20"
"22649","STRAWBERRY CAKE TEAPOT","16","79.20"
"90038B","GLASS AND PAINTED BEADS BRACELET OL","21","79.19"
"90064A","WHITE VINTAGE CRYSTAL EARRINGS","20","79.14"
"90039B","FIRE POLISHED GLASS BRACELET MONTAN","21","78.99"
"90064B","BLACK VINTAGE  CRYSTAL EARRINGS","21","78.75"
"22344","PARTY PIZZA DISH PINK WHITE SPOT","75","78.73"
"35931","PINK STAR CHRISTMAS DECORATION","156","78.12"
"84455","SET OF 3 RABBIT CARROTS EASTER","85","77.96"
"90214H","LETTER ""H"" BLING KEY RING","83","77.71"
"23497","CLASSIC CROME BICYCLE BELL","60","77.40"
"21450","DISTRESSED CANDLE STICK WHITE","13","77.35"
"90176C","DIAMANTE NECKLACE","10","77.00"
"21595","Dad's Cab Electronic Meter","9","76.95"
"84251C","GREETING CARD, TWO SISTERS.","247","76.68"
"84425A","WHITE GLASS TV TRIPLE FRAME","18","76.60"
"85014b","RED/WHITE DOTS RUFFLED UMBRELLA","6","76.60"
"84617","NEW BAROQUE BLACK BOXES","6","76.50"
"90100","NECKLACE+BRACELET SET PINK DAISY","30","76.50"
"90214N","LETTER ""N"" BLING KEY RING","78","76.40"
"90020","FILIGREE DIAMANTE CHAIN","6","76.23"
"90176A","CLASSIC DIAMANTE NECKLACE JET","10","75.88"
"35815P","ACRYLIC JEWEL SNOWFLAKE, PINK","168","75.88"
"22416","SET OF 36 SPACEBOY PAPER DOILIES","51","75.42"
"62043B","BLUE CHECK BAG W HANDLE 34X20CM","54","75.16"
"16161E","WRAP BOUDOIR","750","75.00"
"37399","ASS RETROSPOOF MUGS,SPORTS","143","75.00"
"23061","VINTAGE ENGRAVED HEART","60","75.00"
"72802a","ROSE SCENT CANDLE IN JEWELLED BOX","9","74.97"
"84968d","SET OF 16 VINTAGE RED CUTLERY","3","74.88"
"72807a","SET/3 ROSE CANDLE IN JEWELLED BOX","9","74.79"
"84757","ENCHANTED GARDEN WROUGHT IRON TABLE","5","74.75"
"23068","ALUMINIUM HEART","30","74.70"
"23044","PAPER LANTERN 9 POINT HOLLY STAR 23","18","74.70"
"21267","VINTAGE PINK TINSEL REEL","24","74.60"
"90012A","MIDNIGHT BLUE DROP CRYSTAL NECKLACE","13","74.38"
"84919","L BLUE C/COVER W PINK/YELLOW FLOWER","8","74.31"
"84593","CROCHET ROSE DES CLOTHES HANGER","25","73.75"
"15030","FAN BLACK FRAME","254","73.66"
"90130C","GREEN STONE/CRYSTAL EARRINGS","25","73.62"
"79331","PINK FLOCK GLASS CANDLEHOLDER","60","73.60"
"84447","6 RABBIT CHAIN EASTER","69","72.42"
"90214B","LETTER ""B"" BLING KEY RING","75","72.33"
"84427B","BLACK GLASS TV DOUBLE P/FRAME 15X10","17","72.25"
"90027D","GLASS BEAD HOOP EARRINGS AMETHYST","23","72.18"
"84746","PINK EASTER HENS+FLOWER","23","72.06"
"90031","BILI NUT AND WOOD NECKLACE","52","71.90"
"90038C","GLASS AND BEADS BRACELET IVORY","19","71.46"
"35937","CERISE+GOLD CHRISTMAS STOCKING DEC","188","71.44"
"37509","NEW ENGLAND MUG W GIFT BOX","28","71.40"
"84925C","FAIRY CAKES  WALL THERMOMETER","28","71.40"
"90060D","FIRE POLISHED GLASS NECKL BRONZE","12","71.40"
"17007B","S/3 POT POURI CUSHIONS BLUE COLOURS","34","71.40"
"22950","SET OF 36 VINTAGE CHRISTMAS DOILIES","38","71.27"
"84415A","PINK FLOCK SUEDE CUSHION COVER","27","71.25"
"90037B","TINY CRYSTAL BRACELET GREEN","28","71.17"
"23413","DECROTIVEVINTAGE COFFEE GRINDER BOX","12","71.08"
"90179A","AMBER FINE BEAD NECKLACE W TASSEL","12","71.00"
"84803B","WHITE ALLIUM  ARTIFICIAL FLOWER","42","70.98"
"16256C","HEARTS PENCIL/RUBBER+5 MINI PENCILS","169","70.98"
"84905","PINK BUTTERFLY C/COVER","10","70.82"
"84086B","YELLOW/BLUE RETRO RADIO","24","70.80"
"90187B","GREEN DROP EARRINGS W BEAD CLUSTER","21","70.60"
"20958","PORCELAIN HANGING BELL LARGE","38","70.50"
"90202B","WHITE ENAMEL FLOWER HAIR TIE","24","70.49"
"90050","CRACKED GLAZE NECKLACE IVORY","10","70.16"
"22949","SET OF 36 DOLLY GIRL PAPER DOILIES","45","69.66"
"90131","PINK/AMETHYST/GOLD NECKLACE","10","69.62"
"gift_0001_80","Dotcomgiftshop Gift Voucher £80.00","1","69.56"
"84918","CREAM C/COVER W YELLOW/GREEN FLOWER","10","69.50"
"81952V","ROUND PURPLE CLOCK WITH SUCKER","365","69.35"
"72140F","HAPPY ANNIVERSARY CANDLE LETTERS","175","69.18"
"35916B","BLUE FELT HANGING HEART W FLOWER","57","69.10"
"23040","PAPER LANTERN 9 POINT SNOW STAR","12","69.00"
"90059C","DIAMANTE HAIR GRIP PACK/2 MONTANA","41","68.18"
"71215","METAL BASE FOR CANDLES","177","68.10"
"47420","ASSORTED COLOUR SUCTION CUP HOOK","358","68.02"
"84857A","SILVER MONTE CARLO HANDBAG","8","68.00"
"DCGS0004","HAYNES CAMPER SHOULDER BAG","4","67.94"
"90140","PINK SWEETIE NECKLACE","9","67.90"
"90026B","GLASS BEAD HOOP NECKLACE MONTANA","8","67.82"
"90026C","GLASS BEAD HOOP NECKLACE GREEN","8","67.82"
"20879","TREE OF NOAH FESTIVE SCENTED CANDLE","57","67.80"
"84596e","SMALL LICORICE DES PINK BOWL","27","67.77"
"90002E","FLOWER BURST SILVER RING GREEN","18","67.77"
"84864A","PINK PAISLEY PHOTO ALBUM","7","67.71"
"90078","PINK/WHITE GLASS DEMI CHOKER","9","67.64"
"90024F","NEW BAROQUE B'FLY NECKLACE CRYSTAL","8","67.61"
"84926B","SCOTTS ROSES TILE COASTER","54","67.50"
"47341B","BLUE TABLE RUN FLOWER","48","67.50"
"47504J","ENGLISH ROSE SET/3 GARDEN TOOLS","5","67.25"
"90214P","LETTER ""P"" BLING KEY RING","77","66.59"
"35819P","ACRYLIC HANGING JEWEL,PINK","95","66.55"
"90037A","TINY CRYSTAL BRACELET RED","26","66.31"
"40002","WHITE BAMBOO RIBS LAMPSHADE","78","66.30"
"90037C","TINY CRYSTAL BRACELET BLUE","26","66.08"
"85072","OCCASIONS GIFT CARD ASSORTMENT","120","66.00"
"79329","PINK FLOCK GLASS CANDLEHOLDER","100","65.94"
"84340","LARGE FIBRE OPTIC CHRISTMAS TREE","21","65.76"
"79406","FROSTED WHITE BASE","259","65.62"
"90179B","PURPLE FINE BEAD NECKLACE W TASSEL","11","65.31"
"72812","LARGE ZINC/GLASS CANDLEHOLDER","27","65.23"
"84705A","ENGLISH ROSE PHOTO FRAME","14","65.10"
"47016","LIGHT DECORATION BATTERY OPERATED","31","65.10"
"90141B","IVORY PENDANT TRIPLE SHELL NECKLACE","13","64.94"
"23235","BISCUIT TIN VINTAGE LEAF","24","64.56"
"90046","WHITE WITH METAL BAG CHARM","13","64.35"
"84551","CROCHET DOG KEYRING","39","64.35"
"90074","BLACK DIAMOND CLUSTER NECKLACE","7","64.09"
"23253","16 PC CUTLERY SET PANTRY DESIGN","4","63.80"
"79534","MULTICOLOUR GLASS PLATE","116","63.80"
"84617","NEW BAROQUE BLACK BOXES","5","63.75"
"20791","BLUE TILED SET OF 3 DRAWERS","5","63.75"
"84968B","SET OF 16 VINTAGE IVORY CUTLERY","5","63.75"
"85018A","S/6 PAPER BOXES ROMANTIC IMAGES","15","63.75"
"85018B","S/6 PAPER BOXES BLOSSOM IMAGES","15","63.75"
"22845","CAT FOOD CONTAINER , VINTAGE","10","63.50"
"20905","VINTAGE KEEPSAKE BOX BEAUTY GIRL","10","63.50"
"90205A","LARGE MINT DIAMANTE HAIRSLIDE","38","63.46"
"37491D","PURPLE/BLUE CERAMIC CANDLE HOLDER","26","63.28"
"22987","WRAP , SUMMER ROSE DESIGN","150","63.00"
"72709","IVORY SCULPTED RND CANDLE","74","62.90"
"84529B","BLUE KNITTED KID'S RUCKSACK","13","62.35"
"35607B","BLACK FEATHER CHRISTMAS DECORATION","312","62.30"
"47348A","FUSCHIA VOILE POINTY SHOE DEC","103","62.01"
"84450B","PINK/YELLOW RABBIT SAT EASTER","88","61.92"
"17136A","BLUE STONES ON WIRE FOR CANDLE","743","61.78"
"20620","RED SPOTTY PASSPORT COVER","15","61.76"
"35817B","ACRYLIC JEWEL SNOWFLAKE,BLUE","143","61.30"
"35973","GERANIUM FOLKART HEART DECORATION","49","61.25"
"16151A","FLOWERS HANDBAG blue and orange","49","61.25"
"22565","FELTCRAFT HAIRBANDS PINK + WHITE","72","61.20"
"22578","WOODEN STAR CHRISTMAS SCANDISPOT","72","61.20"
"23541","WALL ART ,PUDDINGS","8","61.20"
"35910B","PINK FLOWERS RABBIT EASTER","29","61.07"
"90214I","LETTER ""I"" BLING KEY RING","62","61.00"
"22537","MAGIC SLATE DINOSAUR","144","60.48"
"84984B","RED PEONY DES C/COVER","13","60.45"
"84875A","PINK SQUARE COMPACT MIRROR","16","60.00"
"22409","TIN CAN BISCUITS DESIGN","48","60.00"
"22619","SET Of 6 SOLDIER SKITTLES","16","60.00"
"22953","BIRTHDAY BANNER TAPE","48","60.00"
"23629","SET 10 CARDS DRESSING UP 17077","24","59.76"
"90021","LASER CUT MULTI STRAND NECKLACE","5","59.75"
"90171","DAISY RING","47","59.65"
"gift_0001_70","Dotcomgiftshop Gift Voucher £70.00","1","59.57"
"84582","PINK CROCHET CAT WITH SCARF","14","59.50"
"44241C","BLUE BUTTERFLY ON SPRING","70","59.50"
"23537","I LOVE LONDON WALL ART","12","59.40"
"35654","VINTAGE BEAD FILLED PINK CUSHION","12","59.40"
"23325","RUSTIC STRAWBERRY JAMPOT SMALL","36","59.40"
"22329","ROUND FOOD CONTAINER S/5 RETROSPOT","36","59.40"
"22973","CHILDRENS CIRCUS PARADE MUG","36","59.40"
"35001B","HAND OPEN SHAPE BLACK","17","59.33"
"90011B","BLACK CRYSTAL DROP EARRINGS","20","59.06"
"22903","CALENDAR FAMILY FAVORITES","20","59.00"
"35909A","RABBIT EASTER DECORATION","20","59.00"
"85023C","PINK LARGE JEWELED PHOTOFRAME","23","58.65"
"81985A","ICON ALARM CLOCK,FUSCHIA  PIN UP","23","58.65"
"90188","DROP EARRINGS W FLOWER & LEAF","23","58.50"
"84984A","GREEN PEONY DES C/COVER","11","58.37"
"84226","HEN HOUSE W FAMILY IN BARN & NEST","77","58.31"
"35816B","ACRYLIC JEWEL ANGEL,BLUE","139","58.07"
"18094C","WHITE/BLUE RECT CERAMIC OIL BURNER","33","58.05"
"17129C","SKY BLUE COLOUR GLASS GEMS IN BAG","86","57.98"
"35821B","JEWELLED DECORATION,BLUE","150","57.00"
"72771B","BURG FLOCK GOLD CUP/CANDLE","117","56.90"
"90212C","PURPLE LAS VEGAS BRACELET ROUND","15","56.25"
"47344B","BLUE FLOWER DES PURSE","54","56.16"
"85023A","CRYSTAL LARGE JEWELLED PHOTO FRAME","22","56.10"
"90033","IVORY SHELL HEART EARRINGS","22","55.88"
"85080","PADDED RED HEART DECORATION","113","55.76"
"90182C","BLACK 3 BEAD DROP EARRINGS","19","55.74"
"90177A","CLASSIC DIAMANTE EARRINGS JET","19","55.69"
"90214T","LETTER ""T"" BLING KEY RING","57","55.57"
"90001B","ANTIQUE MID BLUE FLOWER EARRINGS","13","55.12"
"85151","WELCOME METAL SIGN","44","55.00"
"90014A","SILVER M.O.P. ORBIT NECKLACE","11","54.80"
"90135A","ORANGE/FUSCHIA STONES NECKLACE","11","54.62"
"90142D","MOP PENDANT SHELL NECKLACE","11","54.59"
"90043","COPPER AND BRASS BAG CHARM","10","54.51"
"20953","PORCELAIN CHERUB BELL LARGE","33","54.45"
"20820","SILVER LOOKING MIRROR","11","54.45"
"90084","PINK CRYSTAL GUITAR PHONE CHARM","64","54.40"
"46115B","GREEN POP ART MAO CUSHION COVER","286","54.34"
"22345","PARTY PIZZA DISH BLUE WHITE SPOT","53","54.28"
"23389","SPACEBOY MINI RUCKSACK","13","53.95"
"22252","BIRDCAGE DECORATION MAGIC GARDEN","21","53.55"
"84559b","3D SHEET OF CAT STICKERS","32","53.54"
"84660b","BLACK STITCHED WALL CLOCK","7","53.18"
"72798C","SET/4 GARDEN ROSE DINNER CANDLE","28","53.11"
"84660a","WHITE STITCHED WALL CLOCK","7","52.70"
"84899E","YELLOW + BROWN BEAR FELT PURSE KIT","39","52.65"
"84845C","CARNATION SQUARE HANDY TIN","42","52.50"
"23035","DOORKNOB CERAMIC IVORY","36","52.20"
"23196","RETO LEAVES MAGNETIC SHOPPING LIST","36","52.20"
"20870","OPULENT VELVET CANDLE IN BOX","29","52.20"
"84292B","BLUE COL METAL FOLDING CHAIR","8","51.80"
"84845D","GERANIUM SQUARE HANDY TIN","41","51.25"
"84402B","PURPLE DRESS JEWELLERY STAND","62","51.14"
"35071","ASSORTED SANTA CHRISTMAS DECORATION","50","51.14"
"20964","POLYESTER FILLER PAD 60x40cm","20","51.00"
"84612B","SET/4 BLACK  BAROQUE FLOCK COASTER","20","51.00"
"84968f","SET OF 16 VINTAGE SKY BLUE CUTLERY","2","50.98"
"85069","CREAM SWEETHEART DOUBLE SHELF","3","50.85"
"22846","BREAD BIN, DINER STYLE, RED","3","50.85"
"85035b","CHOCOLATE 3 WICK MORRIS BOX CANDLE","6","50.82"
"22889","NUMBER TILE VINTAGE FONT, No","23","50.70"
"85124a","PINK JUICY FRUIT PHOTO FRAME","10","50.60"
"35916B","BLUE FELT HANGING HEART WITH FLOWER","75","50.57"
"90034","WHITE SILVER NECKLACE SHELL GLASS","5","50.48"
"72083A","STRAWBERY SWIRL FLARE CANDLE","24","50.40"
"72801c","S/4 ROSE PINK DINNER CANDLES","20","50.20"
"22657","HEN & 2 CHICKS IN BASKET","59","50.15"
"90141E","ORANGE PENDANT TRIPLE SHELL NECKLAC","10","50.06"
"72817","SET/2 CHRISTMAS DECOUPAGE CANDLES","40","50.00"
"23603","SET 10 CARD KRAFT REINDEER 17084","20","49.80"
"23197","VEGETABLE MAGNETIC  SHOPPING LIST","36","49.80"
"90052","CRACKED GLAZE NECKLACE BROWN","7","49.58"
"23015","CORDIAL JUG","6","49.50"
"84537B","FAIRY CAKES GIFT BAG","117","49.14"
"72129","COLUMBIAN CANDLE ROUND","74","49.11"
"37491A","YELLOW/PINK CERAMIC CANDLE HOLDER","18","48.30"
"35603C","SET/16 WHITE SHINY & MATT BAUBLES","83","48.30"
"90083","CRYSTAL CZECH CROSS PHONE CHARM","52","48.08"
"47591A","CAROUSEL CHILDRENS APRON","29","47.97"
"84608","ORNATE EDWARDIAN CANDLE HOLDER","6","47.70"
"21347","GOTHIC CARRIAGE LANTERN","8","47.60"
"23539","WALL ART , LOVES' SECRET","8","47.60"
"35909B","PINK FLOWERS RABBIT EASTER","16","47.20"
"20895","VINTAGE NOTEBOOK FRENCH LETTER","16","47.20"
"37462E","PET MUG, GOLDFISH","107","47.12"
"90067B","BROWN VINTAGE VICTORIAN EARRINGS","16","47.12"
"84227","HEN HOUSE W CHICK IN NEST","112","47.04"
"90181C","BLACK GLASS/SHELL/PEARL NECKLACE","5","46.93"
"84596f","SMALL MARSHMALLOWS PINK BOWL","19","46.89"
"84857B","BLUE MONTE CARLO HANDBAG","24","46.80"
"20988","TRELLIS FLOWER CHOPSTICKS SET/5","24","46.80"
"90001C","ANTIQUE OPAL WHITE FLOWER EARRINGS","11","46.70"
"90001A","ANTIQUE RASPBERRY FLOWER EARRINGS","11","46.60"
"81952B","ROUND BLUE CLOCK W/SUCKER","54","46.56"
"37489A","YELLOW/PINK FLOWER DESIGN BIG MUG","46","46.56"
"16050","TEATIME PENCIL WITH RUBBER","151","46.45"
"47341A","FUSCHIA TABLE RUN FLOWER","29","46.25"
"23107","WHITE WIRE PLANT POT HOLDER","16","46.24"
"90128A","PINK LEAVES AND BEADS PHONE CHARM","31","46.21"
"72024U","LILAC VOTIVE CANDLE","220","46.20"
"84951b","S/4 BLACK LOVEBIRD COASTERS","9","46.20"
"85081","PADDED HOLLY CHRISTMAS DECORATION","104","46.17"
"85132c","CHARLIE AND LOLA FIGURES TINS","4","46.10"
"23047","PAPER LANTERN 5 POINT STUDDED STAR","8","46.00"
"84626","CANDY STRIPE ROSE QUILT","1","45.95"
"22604","SET OF 4 NAPKIN CHARM CUTLERY","18","45.90"
"35611B","BLACK ASSORTED DROPLET DECORATION","62","45.76"
"72724","SET/6 CHRISTMAS ICICLE T-LIGHTS","36","45.00"
"16161C","WRAP SPEED DEMONS","450","45.00"
"22347","PIZZA DISH SLICE","36","45.00"
"22406","TIN CAN KINGS CHOICE DESIGN","36","45.00"
"23625","SET 6 CARDS SPARKLY REINDEER 17262","9","44.91"
"90059B","DIAMANTE HAIR GRIP PACK/2 BLACK DIA","27","44.87"
"84906","PINK BUTTERFLY CUSHION COVER","23","44.85"
"21685","MEDINA STAMPED METAL TRAY","3","44.85"
"90135","ORANGE/WHT/FUSCHIA STONES NECKLACE","9","44.75"
"90197D","AMBER GLASS BRACELET HEART CHARMS","9","44.55"
"72796B","S/3 FRENCH VANILLA SQU CANDLE","27","44.55"
"90011A","MIDNIGHT BLUE CRYSTAL DROP EARRINGS","15","44.28"
"35085E","IVORY ROSE LAMPSHADE","39","44.25"
"84586L","PINK ROSES/GINGHAM PATCH RABBIT 8""","15","44.25"
"90125E","AMBER BERTIE GLASS BEAD BAG CHARM","18","44.19"
"35815B","ACRYLIC JEWEL SNOWFLAKE,BLUE","95","43.94"
"17014C","ORIGAMI LAVENDER INCENSE CONES","97","43.75"
"79063C","RETRO PILL BOX KEY CHAIN,THE KING","235","43.65"
"90042B","FRESHWATER PEARL BRACELET PINK","17","43.35"
"18097A","PINK TALL PORCELAIN T-LIGHT HOLDER","17","43.35"
"35822P","ACRYLIC BEAD CHAIN, PINK","114","43.32"
"90054","CRACKED GLAZE EARRINGS RED","17","43.02"
"23038","T-LIGHT HOLDER SILVER SAUCER","44","42.92"
"22987","WRAP SUMMER ROSE DESIGN","102","42.84"
"79066k","RETRO MOD TRAY","26","42.71"
"84993a","75 GREEN PETIT FOUR CASES","51","42.71"
"21596","Hypochondriac Pill Stress Ball","10","42.64"
"21815","STAR  T-LIGHT HOLDER","25","42.61"
"90024A","NEW BAROQUE B'FLY NECKLACE BLACK","5","42.50"
"22346","PARTY PIZZA DISH GREEN WHITE SPOT","40","42.30"
"90126C","AMBER BERTIE MOBILE PHONE CHARM","21","42.10"
"72771C","BLACK FLOCK GOLD CANDLE","54","42.08"
"23231","WRAP  VINTAGE DOILEY","100","42.00"
"20860","GOLD COSMETICS BAG WITH BUTTERFLY","20","42.00"
"15060b","FAIRY CAKE DESIGN UMBRELLA","5","41.81"
"90060C","FIRE POLISHED GLASS NECKL SILVER","7","41.65"
"84611B","BLACK NEW BAROQUE FLOCK BOX","7","41.65"
"90152C","BLUE/NAT SHELL NECKLACE W PENDANT","7","41.65"
"35809a","ENAMEL PINK TEA CONTAINER","10","41.54"
"23045","PAPER LANTERN 5 POINT STAR MOON 30","10","41.50"
"85184B","SET 4 EASTER DECOUPAGE OVAL BOXES","14","41.30"
"37477B","FLOWER FAIRY MUG+COASTER,LAVENDER","11","41.25"
"23448","CREAM BUNNY EASTER EGG BASKET","25","41.25"
"90027C","GLASS BEAD HOOP EARRINGS GREEN","14","41.17"
"18096c","WHITE ROUND PORCELAIN TLIGHT HOLDER","8","41.14"
"21119","Glow In The Dark Shot Glasses","3","41.01"
"35644","PAIR PINK/BLACK COATHANGERS","21","40.95"
"84798C","WHITE FOXGLOVE ARTIIFCIAL FLOWER","16","40.80"
"22740","POLKADOT PENS","48","40.80"
"44228","CANNABIS LEAF BEAD CURTAIN","48","40.80"
"23148","MINITURE ANTIQUE ROSE HOOK IVORY","48","40.80"
"47013C","WINE BOTTLE DRESSING DARK BLUE","147","40.52"
"90136","PALE PINK/AMETHYST STONE NECKLACE","4","40.47"
"90152A","SILVER/NAT SHELL NECKLACE W PENDANT","7","40.34"
"22529","MAGIC SLATE GO TO THE FAIR","96","40.32"
"22532","MAGIC SLATE LEAP FROG","96","40.32"
"20994","JAZZ HEARTS SPIRAL NOTEPAD","47","39.95"
"23462","ROCOCO WALL MIROR","2","39.90"
"47013A","WINE BOTTLE DRESSING LT.BLUE","141","39.87"
"37468","HARDMAN MUG 3 ASSORTED","65","39.81"
"79065A","TEATIME ROUND CAKE TINS","4","39.80"
"22853","CAT BOWL, ENAMEL , CREAM COLOUR","12","39.00"
"82545A","COGNAC AUX OEUFS METAL 1 HOOK","31","38.75"
"47567b","TEA TIME KITCHEN APRON","3","38.72"
"35963","FOLKART ZINC CLIP ON ANGEL WINGS","101","38.38"
"90130D","RED STONE/CRYSTAL EARRINGS","13","38.31"
"90027B","GLASS BEAD HOOP EARRINGS MONTANA","13","38.28"
"90183C","BLACK DROP EARRINGS W LONG BEADS","13","38.12"
"81952B","ROUND BLUE CLOCK WITH SUCKER","200","38.00"
"47518f","ICON PLACEMAT POP ART ELVIS","9","37.75"
"72801d","S/4 SKY BLUE DINNER CANDLES","15","37.65"
"85115B","S/4 BLACK DISCO PARTITION PANEL","6","37.62"
"90176B","DIAMANTE NECKLACE BLACK","5","37.62"
"90039A","FIRE POLISHED GLASS BRACELET RED","10","37.61"
"35233","PASTA ENAMEL/BRASS CONTAINER","10","37.50"
"79413","GLASS WINE GLASS DECORATIONS","30","37.50"
"23043","PAPER LANTERN 9 POINT HOLLY STAR 40","6","37.50"
"37112","YELLOW BIRDS FELT DES FOODCOVER","10","37.50"
"84509b","SET OF 4 FAIRY CAKE PLACEMATS","5","37.30"
"84705F","RED PEONY PHOTO FRAME","8","37.20"
"90126A","PINK BERTIE MOBILE PHONE CHARM","20","37.14"
"84251J","GREETING CARD, THE BLACK CAT","74","37.04"
"72715","SPHERICAL IVORY CANDLE","88","36.96"
"16162M","THE KING GIFT BAG 25x24x12cm","88","36.96"
"22407","MONEY BOX FIRST AID DESIGN","44","36.78"
"17014E","ORIGAMI OPIUM INCENSE CONES","95","36.60"
"90141D","ROSE PENDANT TRIPLE SHELL NECKLACE","7","36.33"
"90214F","LETTER ""F"" BLING KEY RING","44","36.28"
"90037D","TINY CRYSTALS BRACELET BLACK","14","35.87"
"37348","SET OF 4 PASTEL STACKING MUGS","14","35.70"
"90060B","FIRE POLISHED GLASS NECKL GOLD","6","35.70"
"90132","LIGHT TOPAZ TEAL/AQUA COL NECKLACE","7","35.63"
"90011C","GREEN CRYSTAL DROP EARRINGS","12","35.33"
"90152B","BLUE/GREEN SHELL NECKLACE W PENDANT","6","35.26"
"79063D","RETRO PILL BOX , REVOLUTIONARY","189","35.14"
"84510e","SET OF 4 GREEN CAROUSEL COASTERS","14","35.09"
"82613b","METAL SIGN,CUPCAKE SINGLE HOOK","14","35.04"
"84745B","BLUE HANGING GINGHAM EASTER HEN","83","34.86"
"DCGS0058","MISO PRETTY  GUM","42","34.82"
"23196","LEAVES MAGNETIC  SHOPPING LIST","24","34.80"
"84868B","BLUE BABY BOY'S MEMORY BOX","5","34.75"
"37482p","CUBIC MUG PINK POLKA DOT","2","34.70"
"84546","CROCHET POODLE KEYRING","21","34.65"
"90081B","LILY BROOCH WHITE/SILVER COLOUR","7","34.65"
"35955","SMALL FOLKART CHRISTMAS TREE DEC","135","34.62"
"22852","DOG BOWL, ENAMEL , CREAM COLOUR","8","34.00"
"44265","M/COLOUR POM-POM CURTAIN","8","34.00"
"22200","FRYING PAN PINK RETROSPOT","7","33.97"
"90066A","PINK VINTAGE VICTORIAN CHOKER","5","33.75"
"81950B","FLOWER BLUE CLOCK WITH SUCKER","116","33.64"
"47591b","SCOTTIES CHILDRENS APRON","8","33.60"
"23390","DOLLY GIRL MINI RUCKSACK","8","33.20"
"84456","SET OF 3 RABBIT EGG EASTER","37","33.15"
"90076","MONTANA DIAMOND CLUSTER EARRINGS","12","33.00"
"DCGS0003","BOXED GLASS ASHTRAY","13","32.59"
"82613c","METAL SIGN,CUPCAKE SINGLE HOOK","13","32.48"
"85079","EMBROIDERED REINDEER DECORATION","23","32.25"
"90214O","LETTER ""O"" BLING KEY RING","36","31.42"
"85131D","BEADED CRYSTAL HEART PINK\ON STICK","20","31.30"
"23366","SET 12 COLOUR PENCILS DOILEY","48","31.20"
"23632","SET 10 CARDS CHEERFUL ROBIN 17065","15","31.20"
"44091C","MULTICOLOUR CRUSOE CHECK LAMPSHADE","61","30.66"
"22937","BAKING MOULD CUPCAKE CHOCOLATE","12","30.60"
"22577","WOODEN HEART CHRISTMAS SCANDISPOT","36","30.60"
"22641","SET OF 4 NAPKIN CHARMS INSTUMENT","12","30.60"
"22937","BAKING MOULD CHOCOLATE CUP CAKES","12","30.60"
"21919","Electronic Talking Breath-A-Loser","6","30.47"
"37489B","BLUE/YELLOW FLOWER DESIGN BIG MUG","38","30.42"
"84745A","PINK HANGING GINGHAM EASTER HEN","72","30.24"
"90025F","BAROQUE BUTTERFLY EARRINGS CRYSTAL","8","30.23"
"18010","ASSORTED FRAGRANCE BATH CONFETTI","64","30.16"
"37491B","BLUE/YELLOW CERAMIC CANDLE HOLDER","14","30.08"
"23252","ENAMEL JUG PANTRY","8","30.00"
"22775","DRAWERKNOB ACRYLIC EDWARDIAN PURPLE","24","30.00"
"22405","TIN CAN POCKET MONEY DESIGN","24","30.00"
"22410","TIN CAN HOUSEKEEPING DESIGN","24","30.00"
"23437","GIFT BAG LARGE 50'S CHRISTMAS","24","30.00"
"23396","BUTTERFLY CUSHION COVER","8","30.00"
"BANK CHARGES","Bank Charges","2","30.00"
"47563B","WAVELINE SURF IRONING BOARD COVER","8","30.00"
"22772","DRAWER KNOB ACRYLIC EDWARDIAN PINK","24","30.00"
"23250","ENAMEL BOWL PANTRY","24","30.00"
"22771","DRAWER KNOB ACRYLIC EDWARDIAN CLEAR","24","30.00"
"22773","DRAWER KNOB ACRYLIC EDWARDIAN GREEN","24","30.00"
"90176E","DIAMANTE NECKLACE GREEN","4","29.98"
"21767","FRENCH STYLE WIRE DOOR CABINET","1","29.95"
"78056","CAMOUFLAGE BACKPACK ON WHEELS","3","29.85"
"22351","DOTCOMGIFTSHOP TEA TOWEL","15","29.81"
"84985a","SET OF 72 GREEN PAPER DOILIES","10","29.80"
"23530","WALL ART,ONLY ONE PERSON","6","29.70"
"22474","TRAY FOR TV DINNER ,SPACEBOY","6","29.70"
"22472","TRAY FOR TV DINNER , DOLLY GIRL","6","29.70"
"35598A","DUSTY PINK CHRISTMAS TREE 60CM","10","29.50"
"78034B","BLUE NETTING STORAGE HANGER","15","29.25"
"90214V","LETTER ""V"" BLING KEY RING","38","28.98"
"46776f","WOVEN ROSE GARDEN CUSHION COVER","7","28.91"
"37489D","PINK/GREEN FLOWER DESIGN BIG MUG","46","28.86"
"44089C","LILAC GAUZE BUTTERFLY LAMPSHADE","68","28.56"
"23380","PACK OF 12 DOILEY TISSUES","72","28.08"
"40005B","BLUE ORGANDY ROUND LAMPSHADE W BEA","33","28.05"
"17091F","SANDALWOOD INCENSE IN TIN","19","27.71"
"23637","SET 10 CARDS OUT OF ORDER 17216","11","27.39"
"23613","SET 10 XMAS CARDS & BADGES 17070","11","27.39"
"21097","SET/6 GREEN SPRING  PAPER PLATE","32","27.20"
"84867b","BLUE BABY BOY'S PHOTO ALBUM","2","27.14"
"90187A","BLUE DROP EARRINGS W BEAD CLUSTER","8","27.04"
"23702","High Resolution Image","4","27.00"
"44235","ASSORTED COLOURED CIRCLE MOBILE","64","26.88"
"17013F","ORIGAMI SANDLEWOOD INCENSE IN TUBE","62","26.70"
"90027A","GLASS BEAD HOOP EARRINGS BLACK","9","26.52"
"90025E","BAROQUE BUTTERFLY EARRINGS MONTANA","7","26.50"
"22232","3 PIECE JIGSAW TOADSTOOLS","16","26.40"
"84876C","SILVER HEART COMPACT MIRROR","7","26.25"
"23636","SET 10 CARDS WISHING TREE 17116","9","26.19"
"90182A","AMBER 3 BEAD DROP EARRINGS","9","26.16"
"37489C","GREEN/BLUE FLOWER DESIGN BIG MUG","27","26.06"
"85164b","BLACK BAROQUE CUCKOO CLOCK","1","26.04"
"90041","PEARL AND CHERRY QUARTZ BRACLET","7","25.67"
"20954","*USB Office Mirror Ball","3","25.59"
"22168","ORGANISER WOOD, ANTIQUE WHITE","3","25.50"
"84968d","S/16 VINTAGE RED CUTLERY","1","25.49"
"84968b","SET OF 16 VINTAGE IVORY CUTLERY","1","25.49"
"84968a","S/16 VINTAGE ROSE CUTLERY","1","25.49"
"84968b","S/16 VINTAGE IVORY CUTLERY","1","25.49"
"90142A","GREEN PENDANT SHELL NECKLACE","5","25.45"
"DCGS0070","CAMOUFLAGE DOG COLLAR","2","25.44"
"85035a","GARDENIA 3 WICK MORRIS BOXED CANDLE","3","25.41"
"84997c","BLUE 3 PIECE MINI DOTS CUTLERY SET","3","25.41"
"90214Y","LETTER ""Y"" BLING KEY RING","68","25.34"
"35597D","PINK/WHITE CHRISTMAS TREE 30CM","58","25.28"
"90055","CRACKED GLAZE EARRINGS BROWN","10","25.28"
"90053","CRACKED GLAZE EARRINGS IVORY","10","25.23"
"84510c","SET OF 4 POLKADOTS COASTERS","10","25.10"
"84596b","SMALL DOLLY MIX DESIGN ORANGE BOWL","10","25.10"
"90128C","GREEN LEAVES AND BEADS PHONE CHARM","17","25.04"
"23104","IVORY PANTRY HANGING LAMP","2","25.00"
"22719","GUMBALL COATHOOK., BLACK & WHITE","20","25.00"
"23214","BELL HEART ANTIQUE GOLD","12","24.96"
"23240","SET OF 4 KNICK KNACK TINS  DOILEY","6","24.90"
"23620","SET 10 CARDS PERFECT POST 17090","10","24.90"
"85034a","3 GARDENIA MORRIS BOXED CANDLES","3","24.87"
"84550","CROCHET LILAC/RED BEAR KEYRING","15","24.75"
"35633B","BLUE TINSEL GARLAND","130","24.70"
"35596","WOOD XMAS TREE 9 FIG SHELVES","29","24.65"
"10124A","SPOTS ON RED BOOKCOVER TAPE","58","24.36"
"84450A","PINK RABBIT SITTING EASTER","52","24.18"
"37494a","FAIRY CAKE CERAMIC BUTTER DISH","4","24.16"
"72801E","4 FESTIVE GREEN DINNER CANDLES","51","23.91"
"84575B","BROWN DOG CANNISTER W BONE","4","23.80"
"85184c","S/4 VALENTINE DECOUPAGE HEART BOX","4","23.77"
"79302m","ART LIGHTS,FUNK MONKEY","4","23.77"
"90128B","BLUE LEAVES AND BEADS PHONE CHARM","18","23.76"
"17014F","ORIGAMI SANDLEWOOD INCENSE CONES","61","23.70"
"47556b","TEA TIME TEA TOWELS","4","23.64"
"90011E","AMBER CRYSTAL DROP EARRINGS","8","23.61"
"85040b","SET/4 BLUE FLOWER CANDLES IN BOWL","7","23.52"
"23244","CANNISTER VINTAGE LEAF DESIGN","12","23.40"
"47552A","DOTS IRONING BOARD COVER","12","23.40"
"23623","SET 10 CARD CHRISTMAS WELCOME 17112","8","23.28"
"23236","STORAGE TIN VINTAGE DOILEY","7","23.13"
"23106","ZINC PLANT POT HOLDER","8","23.12"
"84509E","CAROUSEL PLACEMATS","4","23.06"
"90095","NECKLACE+BRACELET SET PINK BLOSSOM","8","22.91"
"23145","ZINC T-LIGHT HOLDER STARS LARGE","24","22.80"
"84450B","YELLOW RABBIT SAT EASTER","51","22.63"
"90025C","BAROQUE BUTTERFLY EARRINGS GREEN","6","22.56"
"90189B","GOLD 2 STRAND NECKLACE-LEAF CHARMS","3","22.50"
"37477C","FLOWER FAIRY MUG+COASTER,ROSE","6","22.50"
"85225","BLING KEY RING STAND","19","22.50"
"23645","SET 10 CHRISTMAS CARDS HOHOHO 16956","9","22.41"
"23640","SET 10 CARDS SCOTTIE DOG 17211","9","22.41"
"35652","VINTAGE BEAD CHAISE LONG JEWEL BOX","18","21.50"
"90214Z","LETTER ""Z"" BLING KEY RING","31","21.49"
"84387A","BIRD ON BRANCH CANVAS SCREEN","11","21.45"
"84899E","YELLOW BROWN BEAR FELT PURSE KIT","14","21.28"
"35591T","TURQUOISE CHRISTMAS TREE","17","21.25"
"21387","IVORY HANGING DECORATION  RABBIT","25","21.25"
"90128D","PURPLE LEAVES AND BEADS PHONE CHAR","13","21.24"
"22201","FRYING PAN BLUE RETROSPOT","4","21.22"
"21594","Dr. Jam's Arouzer Stress Ball","5","21.06"
"35603B","S/16 BLACK SHINY/MAT BAUBLES","50","21.00"
"23692","WRAP A PRETTY THANK YOU","50","21.00"
"23691","KEEP CALM BIRTHDAY WRAP","50","21.00"
"23388","WOODLAND MINI RUCKSACK","5","20.75"
"DCGS0072","CAT CAMOUFLAGUE COLLAR","4","20.68"
"46776a","WOVEN BUBBLE GUM CUSHION COVER","5","20.65"
"10002R","ROBOT PENCIL SHARPNER","4","20.57"
"22344","PARTY PIZZA DISH PINK+WHITE SPOT","24","20.40"
"79172D","PURPLE TINT ACRYLIC FLOWER VASE","24","20.40"
"22418","PEN, 10 COLOURS - SPACEBOY","24","20.40"
"22345","PARTY PIZZA DISH BLUE+WHITE SPOT","24","20.40"
"85232a","SET/3 POLKA DOT STACKING TINS","2","20.34"
"22533","MAGIC SLATE BAKE A CAKE","48","20.16"
"72801g","4 BURGUNDY WINE DINNER CANDLES","8","20.08"
"84536a","ENGLISH ROSE NOTEBOOK A7 SIZE","25","19.97"
"90082C","DIAMANTE BOW BROOCH WHITE COLOUR","3","19.93"
"90127A","PINK BEADS+HAND PHONE CHARM","14","19.92"
"23616","SET 10 CARDS JINGLE BELLS 17217","8","19.92"
"23601","SET 10 CARDS SNOWY SNOWDROPS  17100","8","19.92"
"23646","SET 10 CARDS JINGLE BELLS 16957","8","19.92"
"84570B","WHITE SATIN DRESS JEWEL STAND","4","19.80"
"23031","DOORKNOB CRACKED GLAZE PINK","12","19.80"
"23029","DOORKNOB CRACKED GLAZE GREEN","12","19.80"
"23249","ENAMEL DINNER PLATE PANTRY","12","19.80"
"37488A","YELLOW PINK FLOWER DESIGN BIG BOWL","31","19.77"
"37487B","YELLOW/ORANGE FLOWER DESIGN PLATE","68","19.72"
"44092C","PURPLE/COPPER HANGING LAMPSHADE","23","19.55"
"20680","PINK FLOWERS CHILDS UMBRELLA","6","19.50"
"79062D","RETRO TIN ASHTRAY,REVOLUTIONARY","52","19.40"
"21185","HOME SWEET HOME  BLACKBOARD","3","19.05"
"22963","JAM JAR WITH BLUE LID","26","18.98"
"23056","CRYSTAL CHANDELIER T-LIGHT HOLDER","3","18.75"
"84030B","KNITTED POM POM HOT WATER BOTTLE","5","18.75"
"90025D","BAROQUE BUTTERFLY EARRINGS PINK","5","18.69"
"84732B","CUTE BIRD CEATURE SCREEN","28","18.48"
"84311","CAMOFLAGE CUSHION COVER","11","18.15"
"72796A","S/3 ENGLISH LAVENDER SQU CANDLE","11","18.15"
"23079","TOADSTOOL BEDSIDE LIGHT","2","17.90"
"84986b","SET OF 36 SILVER PAPER DOILIES","6","17.88"
"18097B","BLUE TALL PORCELAIN T-LIGHT HOLDER","7","17.85"
"84614C","BLUE BAROQUE FLOCK CANDLE HOLDER","3","17.85"
"71050","SMALL SINGLE FLAME CANDLE HOLDER","51","17.85"
"21249","WOOD ANIMALS HEIGHT CHART STICKERS","6","17.70"
"90182B","AMETHYST 3 BEAD DROP EARRINGS","6","17.53"
"23627","SET 10 CARDS XMAS GRAPHIC  17218","7","17.43"
"22882","NUMBER TILE VINTAGE FONT, 3","8","17.36"
"22884","NUMBER TILE VINTAGE FONT, 5","8","17.36"
"22885","NUMBER TILE VINTAGE FONT, 6","8","17.36"
"22880","NUMBER TILE VINTAGE FONT, 1","8","17.36"
"22883","NUMBER TILE VINTAGE FONT, 4","8","17.36"
"22886","NUMBER TILE VINTAGE FONT, 7","8","17.36"
"22879","NUMBER TILE VINTAGE FONT, 0","8","17.36"
"22887","NUMBER TILE VINTAGE FONT, 8","8","17.36"
"22881","NUMBER TILE VINTAGE FONT, 2","8","17.36"
"37482b","CUBIC MUG BLUE POLKA DOT","1","17.35"
"DCGS0066N","NAVY CUDDLES DOG HOODIE","2","17.30"
"84796b","BLUE SAVANNAH PICNIC HAMPER FOR 2","2","17.12"
"DCGS0068","DOGS NIGHT COLLAR","2","17.12"
"22777","GLASS BELL JAR LARGE","2","17.00"
"23342","MINT DINER CLOCK","2","17.00"
"84993b","75 BLACK PETIT FOUR CASES","20","16.99"
"21120","*Boombox Ipod Classic","1","16.98"
"85035c","ROSE 3 WICK MORRIS BOX CANDLE","2","16.94"
"85036b","CHOCOLATE 1 WICK MORRIS BOX CANDLE","2","16.94"
"72805","VANILLA CANDLE IN EMBOSSED ZINC POT","10","16.90"
"47591c","BLUE FAIRY CAKE CHILD'S APRON","4","16.84"
"44089A","PINK GAUZE BUTTERFLY LAMPSHADE","40","16.80"
"21750","LARGE SKULL WINDMILL","8","16.80"
"72785A","S/4 CONTEMPORY PINK ROSEBUD CANDLES","8","16.80"
"21511","VINTAGE COLLAGE  GREETING  CARD","40","16.80"
"23644","SET 10 CARDS CHRISTMAS TREE 16955","5","16.65"
"84031b","CHARLIE LOLA BLUE HOT WATER BOTTLE","1","16.63"
"84031a","CHARLIE+LOLA RED HOT WATER BOTTLE","1","16.63"
"85036a","GARDENIA 1 WICK MORRIS BOXED CANDLE","2","16.58"
"22384","LUNCH BAG PINK POLKADOTS","10","16.50"
"23502","PLAYING CARDS VINTAGE DOILEY","13","16.25"
"47503J","SET/3 FLORAL GARDEN TOOLS IN BAG","1","16.13"
"85160b","BLACK BIRD GARDEN DESIGN MUG","1","16.13"
"90102","WHITE FRANGIPANI HAIR CLIP","19","16.11"
"62074B","ELEPHANT CLIP W SUCTION CUP","38","15.96"
"84630","FLOWERS AND BIRDS WALL PLAQUE","2","15.90"
"84250M","GREETING CARD, BLACKPOOL ROCK","28","15.90"
"22778","GLASS BELL JAR SMALL","4","15.80"
"35932","PINK CHRISTMAS TREE DECORATION","37","15.63"
"84509a","ENGLISH ROSE PLACEMATS","2","15.56"
"84912a","PINK ROSE WASHBAG","2","15.56"
"21560","TOADSTOOL  LUNCHBOX WITH CUTLERY","4","15.44"
"21853","GUMBALL CUSTOM CARS TOP TRUMPS GAME","3","15.40"
"22932","BAKING MOULD TOFFEE CUP  CHOCOLATE","6","15.30"
"17107D","FLOWER FAIRY 5 SUMMER DRAW LINERS","6","15.30"
"37481","CUBIC MUG TEATIME CAKES","6","15.30"
"84509e","SET OF 4 CAROUSEL PLACEMATS","2","15.24"
"85124c","GREEN JUICY FRUIT PHOTO FRAME","3","15.18"
"17174","ASSTD RASTA KEY-CHAINS","36","15.12"
"m","Manual","5","15.05"
"84206A","3 BLACK CATS W HEARTS BLANK CARD","79","15.01"
"90068","RUBY GLASS NECKLACE 42""","2","15.00"
"22954","HEN PARTY BANNER TAPE","12","15.00"
"23449","SET OF 6 EASTER RAINBOW CHICKS","12","15.00"
"23212","PAINTED HEART WREATH WITH BELL","12","15.00"
"22408","TIN CAN CONFECTIONERY DESIGN","12","15.00"
"23251","ENAMEL MUG PANTRY","12","15.00"
"21475","SWEETHEART CREAM STEEL FOLDIN CHAIR","1","14.95"
"23281","FOLDING MIRROR RED","18","14.94"
"23282","FOLDING MIRROR IVORY","18","14.94"
"23621","SET 10 CARDS DAVID'S MADONNA 17074","6","14.94"
"84509g","SET OF 4 FAIRY CAKE PLACEMATS","2","14.92"
"22139","11 PC CERAMIC TEA SET POLKADOT","3","14.85"
"35650","VINTAGE BEAD PINK JEWEL STAND","3","14.85"
"84567","FROSTED GLASS WITH SILVER SURROUND","9","14.85"
"90011D","PURPLE CRYSTAL DROP EARRINGS","5","14.75"
"SP1002","KID'S CHALKBOARD/EASEL","5","14.75"
"23634","SET 10 CARDS XMAS CHOIR 17068","5","14.55"
"81950V","FLOWER PURPLE CLOCK W/SUCKER","17","14.45"
"48195","DOORMAT GREEN PAISLEY","1","14.43"
"90077","BLACK DIAMOND CLUSTER EARRINGS","5","14.40"
"10124G","ARMY CAMO BOOKCOVER TAPE","33","14.28"
"71143","ANTIQUE SILVER BOOK MARK WITH BEADS","17","14.11"
"84868A","PINK BABY GIRL'S MEMORY BOX","2","13.90"
"23540","WALL ART , THE MAGIC FOREST","2","13.90"
"21852","EMPIRE TEDDY","2","13.90"
"84406b","CREAM CUPID HEARTS COAT HANGER","2","13.82"
"16245A","PINK MINI STATIONERY SET W CASE","11","13.75"
"35936","CERISE+GOLD CHRISTMAS TREE DEC","36","13.68"
"84814B","RHOMBUS CRYSTAL PERFUME BOTTLE","7","13.65"
"35443","RASTA IN BATH W SPLIFF ASHTRAY","16","13.60"
"84867a","PINK BABY GIRLS PHOTO ALBUM","1","13.57"
"79342b","BROWN FLOWER LIGHTS","1","13.57"
"21525","BEWARE OF THE CAT DOORMAT","2","13.50"
"85039b","S/4 IVORY MINI ROSE CANDLE IN BOWL","4","13.44"
"62097B","BLUE STRIPES SHOULDER BAG","11","13.37"
"90014C","SILVER AND BLACK ORBIT NECKLACE","2","13.35"
"23639","SET 10 CARDS MAGICAL TREE 17086","4","13.32"
"23607","SET 10 CARDS HATS & STOCKINGS 17081","8","13.28"
"23271","CHRISTMAS TABLE CANDLE SILVER SPIKE","16","13.28"
"85159b","WHITE TEA,COFFEE,SUGAR JARS","1","13.00"
"35004s","SET OF 3 SILVER FLYING DUCKS","1","13.00"
"16192","PINK BALLET OPENING CUBE BOX","3","12.90"
"84989b","75 BLACK FAIRY CAKE CASES","10","12.80"
"84247J","PACK/12 RUSSIAN DOLL CARDS","10","12.78"
"44092B","BLUE WHITE PLASTIC RINGS LAMPSHADE","15","12.75"
"85083","KISS REINDEER SCANDINAVIAN STOCKING","5","12.75"
"21772","VINTAGE METAL CAKE STAND CREAM","1","12.75"
"72752B","F.FAIRY,CANDLE IN GLASS,LAVENDER","3","12.75"
"20812","EMBOSSED FLOWER TRELLIS PHOTO FRAME","5","12.75"
"84648","NEW BAROQUE WALL MIRROR","1","12.75"
"85157","SET OF 2 CHESTS CHOCOLAT AU LAIT","1","12.72"
"DCGS0037","KEY-RING CORKSCREW","1","12.72"
"35004p","SET OF 3 PINK FLYING DUCKS","1","12.72"
"DCGS0075","CAMOUFLAGUE DOG LEAD","1","12.72"
"35751C","PURPLE CURRENT CANDLE RING","31","12.61"
"72801e","S/4 FESTIVE GREEN DINNER CANDLES","5","12.55"
"35597A","DUSTY PINK CHRISTMAS TREE 30CM","10","12.50"
"23071","MARIE ANTOIENETT TRINKET BOX GOLD","1","12.50"
"35918B","BLUE FLORIBUNDA EGG WARMER","10","12.50"
"51012L","FEATHER DUSTER, LIGHT PINK","10","12.50"
"23635","SET 10 CARDS CHRISTMAS HOLLY  17259","3","12.48"
"23654","SET 10 CARD SNOWMAN 16965","5","12.45"
"84596g","SMALL CHOCOLATES PINK BOWL","5","12.40"
"90000C","OPAL WHITE/SILVER FLOWER NECKLACE","2","12.32"
"79149B","SILICON STAR BULB  BLUE","29","12.18"
"44242A","LILAC FEATHERS CURTAIN","14","11.98"
"22206","MUG , DOTCOMGIFTSHOP.COM","14","11.82"
"85185E","DUCK SOCK PUPPET","4","11.80"
"85179a","GREEN BITTY LIGHT CHAIN","2","11.78"
"23608","SET 10 CARDS RUDOLPHS NOSE 17097","4","11.64"
"23605","SET 10 CARDS 12 DAYS OF XMAS 17059","4","11.64"
"85184c","SET 4 VALENTINE DECOUPAGE HEART BOX","2","11.58"
"90025B","BAROQUE BUTTERFLY EARRINGS RED","3","11.29"
"79070b","ENGLISH ROSE SQUARE CAKE TINS","1","11.26"
"84366","VENDETTA CANVAS PICTURE","3","11.25"
"23299","FOOD COVER WITH BEADS , SET 2 SIZES","3","11.25"
"16151A","FLOWER DES BLUE HANDBAG/ORANG HANDL","3","11.25"
"84743C","ORANGE FELT VASE + FLOWERS","9","11.25"
"17011B","ORIGAMI JASMINE INCENSE+FLOWER","19","11.10"
"47590a","BLUE HAPPY BIRTHDAY BUNTING","1","11.02"
"72785B","S/4 CONTEMPORY RED ROSEBUD CANDLES","9","10.90"
"84732D","CUTE RABBIT CEATURE SCREEN","15","10.89"
"21496","WOODLAND CREATURES  WRAP","25","10.50"
"16169A","WRAP CHRISTMAS DECOUPAGE","25","10.50"
"16169G","WRAP ROMANTIC DECOUPAGE","25","10.50"
"17084G","MOON INCENSE","50","10.50"
"22959","WRAPPING PAPER, XMAS VILLAGE","25","10.50"
"85124b","BLUE JUICY FRUIT PHOTO FRAME","2","10.23"
"21857","STAR WARS TOP TRUMPS GAME","2","10.23"
"21858","HIGH SCHOOL MUSICAL 3 TOP TRUMPS","2","10.23"
"22343","PARTY PIZZA DISH RED+WHITE SPOT","12","10.20"
"22196","HEART MEASURING SPOONS SMALL","12","10.20"
"22346","PARTY PIZZA DISH GREEN+WHITE SPOT","12","10.20"
"20939","ORANGE CANDLE","12","10.20"
"85232d","SET/3 DECOUPAGE STACKING TINS","1","10.17"
"90214W","LETTER ""W"" BLING KEY RING","19","10.17"
"84661c","PINK SQUARE TABLE CLOCK","2","10.12"
"84661a","WHITE SQUARE TABLE CLOCK","2","10.02"
"23086","ZINC STAR T-LIGHT HOLDER","8","10.00"
"23615","SET 10 CARDS PRINTED GRAPHIC 17219","4","9.96"
"84971s","SMALL HEART FLOWERS HOOK","6","9.96"
"23624","SET 10 CARD PERFECT NATIVITY 17089","4","9.96"
"23650","SET 10 CARDS FILIGREE BAUBLE 16961","4","9.96"
"23619","SET 10 CARDS POINSETTIA 17093","4","9.96"
"22829","BROCANTE SHELF WITH HOOKS","1","9.95"
"85049b","LUSH GREENS RIBBONS","4","9.94"
"85231g","ORANGE SCENTED SET/9 T-LIGHTS","6","9.78"
"81953P","ROUND ARTICULATED PINK CLOCK W/SUCK","33","9.57"
"20822","SILVER WINE GOBLET","2","9.30"
"23441","HAND PAINTED HANGING EASTER EGG","22","9.24"
"72708","SCULPTED ROUND IVORY CANDLE","44","9.24"
"90184c","BLACK CHUNKY BEAD BRACELET W STRAP","1","9.15"
"35598C","WHITE CHRISTMAS TREE 60CM","3","8.85"
"62097A","PINK STRIPES SHOULDER BAG","3","8.85"
"20882","MODERN CHRISTMAS TREE CANDLE","3","8.85"
"18098B","BLUE PORCELAIN B'FLY OIL BURNER","3","8.85"
"71496B","A4 WALL TIDY RED FLOWERS","15","8.67"
"21406","SPOTTY CAT DOORSTOP","1","8.65"
"20739","*USB Office Glitter Lamp","1","8.65"
"90013E","AMBER VINTAGE EARRINGS","2","8.57"
"84572","6 HOOK JEWEL STAND LILAC DRESS","1","8.49"
"90126B","BLUE BERTIE MOBILE PHONE CHARM","3","8.48"
"72803b","OCEAN SCENT CANDLE JEWELLED DRAWER","1","8.47"
"84030b","KNITTED POM POM HOT WATER BOTTLE","1","8.46"
"84534b","FAIRY CAKE NOTEBOOK A5 SIZE","5","8.30"
"23612","SET 10 MINICARDS CUTE SNOWMAN 17071","5","8.30"
"85034b","3 WHITE CHOC MORRIS BOXED CANDLES","1","8.29"
"72802c","VANILLA SCENT CANDLE JEWELLED BOX","1","8.29"
"47591C","BLUE FAIRY CAKE CHILDRENS APRON","4","7.80"
"84029c","BROWN FURRY HOT WATER BOTTLE","1","7.78"
"84509c","DOTTY PLACEMATS","1","7.78"
"84997d","PINK 3 PIECE MINI DOTS CUTLERY SET","1","7.62"
"44091A","BLUE CRUSOE CHECK LAMPSHADE","18","7.56"
"46037A","PINK CANVAS DES CUSHION COVER","6","7.50"
"20942","SET/6 GINGERBREAD TREE T-LIGHTS","6","7.50"
"90025A","BAROQUE BUTTERFLY EARRINGS BLACK","2","7.50"
"82011E","BATHROOM SCALES, FAG BREAK","2","7.50"
"82613a","METAL SIGN,CUPCAKE SINGLE HOOK","3","7.48"
"23633","SET 10 CARDS WORLD CHILDREN 17067","3","7.47"
"84201B","HAPPY BIRTHDAY CARD STRIPEY TEDDY","39","7.41"
"90111","BLUE HIBISCUS  HAIR CLIP","7","7.35"
"35001P","HAND OPEN SHAPE PINK","2","6.98"
"85230C","ROSE SCENTED VOTIVE CANDLE","24","6.96"
"85230D","VANILLA SCENTED VOTIVE CANDLE","24","6.96"
"84705b","FAIRY CAKES PHOTO FRAME","2","6.86"
"48173A","DOOR MAT BLUE FLOCK","1","6.75"
"22843","BISCUIT TIN, MINT,IVORY, VINTAGE","1","6.75"
"37484","ENGLISH ROSE TEA FOR ONE GIFT BOX","1","6.75"
"23604","SET 10 MINI SANTA & SNOWMAN  17087","4","6.64"
"20858","SILVER PURSE GOLD PINK BUTTERFLY","4","6.60"
"20678","LARGE BLACK DIAMANTE HAIRSLIDE","4","6.60"
"85231b","CINAMMON SET OF 9 T-LIGHTS","4","6.58"
"84536b","FAIRY CAKES NOTEBOOK A7 SIZE","8","6.48"
"20884","MODERN CHRISTMAS TREE CANDLE","3","6.30"
"47592B","SCOTTIE DOGS CHILDRENS OVERALL","3","6.30"
"79140","ASS WINDPROOF MARIJUANA LIGHTERS","15","6.30"
"20673","STRAWBERRIES PRINT BOWL","5","6.25"
"37408","ASSORTED DESIGN GEISHA GIRL MUGS","5","6.25"
"82072","WHITE WOOD SINGLE P/FRAME","5","6.25"
"23610","SET 10 CARDS CHRISTMAS ROBIN 17095","3","6.24"
"79051a","SMOKEY GREY COLOUR D.O.F. GLASS","1","6.04"
"85123b","ZINC HANGING HEART T-LITE HLDR","1","6.04"
"85077","KISSING REINDEER TABLE RUNNER","1","5.95"
"37409","ASSORTED DESIGN FLOWER MUGS","7","5.95"
"72751C","F.FAIRY S/3 SML CANDLE, ROSE","1","5.95"
"72751A","F.FAIRY S/3 SML CANDLE,LILY/VALLEY","1","5.95"
"72751B","F.FAIRY S/3 SML CANDLE, LAVENDER","1","5.95"
"85184d","S/4 BLUE ROUND DECOUPAGE BOXES","1","5.91"
"90014B","GOLD M.O.P. ORBIT NECKLACE","2","5.90"
"35821P","JEWELLED DECORATION,PINK","2","5.90"
"35823P","ACRYLIC BEAD GARLAND,PINK","2","5.90"
"18098A","PINK PORCELAIN B'FLY OIL BURNER","2","5.90"
"79303A","WHITE ROHMBIC BLOCK TABLE LAMP","2","5.90"
"22360","GLASS JAR, ENGLISH CONFECTIONERY","2","5.90"
"84228","HEN HOUSE WITH CHICK STANDING","14","5.88"
"85186B","BUNNY BUNCH OF FLOWERS","14","5.88"
"35051B","PINK BEADED CONE CHRISTMAS","14","5.88"
"23652","SET 10 CARD CHRISTMAS STAMPS 16963","2","5.82"
"23638","SET 10 CARDS ROBIN WATERPUMP  17096","2","5.82"
"23617","SET 10 CARDS SWIRLY XMAS TREE 17104","2","5.82"
"23630","SET 10 CARDS HANGING BAUBLES 17080","2","5.48"
"35537","CANDLE RING W/CLEAR BEADS","13","5.46"
"21838","DADDY MOUSE RED GINGHAM BOW TIE","1","5.45"
"35751D","PINK CURRENT CANDLE RING","28","5.32"
"16215","FUNKY GIRLZ MAGNETIC TO DO LIST","8","5.20"
"21854","EURO FOOTBALL STARS TOP TRUMPS GAME","1","5.17"
"21860","DR WHO TOP TRUMPS GAME","1","5.17"
"71101A","ANGEL ON KNEES METAL POLE 100CM H","6","5.10"
"71434B","BLACK RND BULLET""KEEP CLEAN"" BIN","2","5.10"
"90142B","IVORY PENDANT SHELL NECKLACE","1","5.09"
"90142C","ROSE PINK PENDANT SHELL NECKLACE","1","5.09"
"84942","KASHMIR FOLKART HEART DISHES","3","5.07"
"DCGS0041","HAYNES MINI-COOPER PLAYING CARDS","1","5.06"
"84951b","SET OF 4 BLACK LOVEBIRD COASTERS","1","5.06"
"72740B","LARGE WHITE CHOCOLATE CANDLE","1","5.06"
"20877","MODERN CHRISTMAS BAUBLE CANDLE","12","5.04"
"72801e","4 FESTIVE GREEN DINNER CANDLES","2","5.02"
"84596j","MIXED NUTS LIGHT GREEN BOWL","2","5.02"
"72801g","S/4 BURGUNDY WINE DINNER CANDLES","2","5.02"
"23649","SET 10 CARDS DECK THE HALLS 16960","2","4.98"
"47593b","SCOTTIE DOGS BABY BIB","6","4.98"
"84661b","BLACK SQUARE TABLE CLOCK","1","4.96"
"85043","RED HEART CANDY POP LIGHTS","1","4.95"
"37451","CERAMIC CAKE TEAPOT WITH CHERRY","1","4.95"
"85232C","RUSSIAN FOLKART STACKING TINS","1","4.95"
"85049d","BRIGHT BLUES RIBBONS","2","4.92"
"84971l","LARGE HEART FLOWERS HOOK","2","4.92"
"90214U","LETTER ""U"" BLING KEY RING","13","4.73"
"45014","FOLDING SHIRT TIDY","1","4.65"
"79151B","SILICON CUBE 25W, BLUE","11","4.62"
"37326","FAIRY DESIGN MUGS","2","4.61"
"35817P","PINK ACRYLIC JEWEL SNOWFLAKE","12","4.56"
"81950V","FLOWER PURPLE CLOCK WITH SUCKER","15","4.35"
"72529w","WHITE ADVENT CANDLE","1","4.30"
"79157B","UBO-LIGHT TRIOBASE BLUE","5","4.25"
"79157V","UBO-LIGHT TRIOBASE PURPLE","5","4.25"
"21409","SPOTTY COCKEREL DOORSTOP","1","4.25"
"72752A","F.FAIRY,CANDLE IN GLASS,LILY/VALLEY","1","4.25"
"47594a","CAROUSEL DESIGN WASHBAG","1","4.21"
"84255A","PINK GLASS COCKTAIL LAMP","2","4.20"
"23391","I LOVE LONDON MINI RUCKSACK","1","4.15"
"46776b","WOVEN BERRIES CUSHION COVER","1","4.13"
"46776e","WOVEN CANDY CUSHION COVER","1","4.13"
"72084B","CHOCOLATE ICE CREAM CANDLE","2","3.90"
"37432","MUG PINK AND PURPLE ARABIC DESIGN","6","3.90"
"16010","FOLDING CAMPING SCISSOR W/KNIF & S","32","3.84"
"35995","SET/6 BLACK GLITTER REINDEER CANDLE","5","3.78"
"40046C","PINK BUTTERFLY PAPER LAMPSHADE","3","3.75"
"35974","S/6 CHRISTMAS TREE PLACE SETTING","1","3.75"
"90004A","JADE GREEN PAIR ENAMEL HAIR SLIDES","1","3.75"
"37438","FUNKY FLOWER COFFEE POT","1","3.75"
"84731","3 BIRDS CANVAS SCREEN","3","3.69"
"35818C","ACRYLIC JEWEL ICICLE, CLEAR","1","3.43"
"21081","SET/20 POSIES PAPER NAPKINS","4","3.40"
"84559d","3D SHEET OF SEA WORLD STICKERS","2","3.38"
"23643","SET 10 CARDS CHRISTMAS BAUBLE 16954","1","3.33"
"20683","RAIN GIRL CHILDS UMBRELLA","1","3.25"
"84985b","SET OF 72 BLACK PAPER DOILIES","1","2.98"
"20885","BOX OF 3 PEBBLE CANDLES","1","2.95"
"79301","FEATHER HEART LIGHTS","1","2.95"
"23602","SET 10 CARDS 3 WISE MEN 17107","1","2.91"
"23609","SET 10 CARDS SNOWY ROBIN 17099","1","2.91"
"23628","SET 10 CARDS TRIANGLE ICONS  17220","1","2.91"
"90183c","BLACK DROP EARRINGS W LONG BEADS","1","2.90"
"DCGS0044","HANDZ-OFF CAR FRESHENER","1","2.57"
"20881","MODERN CHRISTMAS TREE CANDLE","3","2.55"
"21493","VINTAGE DESIGN GIFT TAGS","3","2.55"
"47569","ENGLISH ROSE DESIGN SHOPPING BAG","1","2.55"
"90091","CRYSTAL DRAGONFLY PHONE CHARM","3","2.55"
"85171","S/2 HYACINTH BULB CANDLES","1","2.55"
"35999","S/6 SCANDINAVIAN HEART T-LIGHT","1","2.55"
"81953B","ROUND ARTICULATED BLUE CLOCK W/SUCK","3","2.55"
"47554","S/3 COLOURS FLOCK TEA TOWELS","1","2.55"
"47556","SET/2 SPOTTY + ROSE TEA TOWELS","1","2.55"
"21036","SET/2 TEA TOWELS MODERN VINTAGE","1","2.55"
"17028J","INCENSE BAZAAR PEACH","6","2.52"
"47593a","CAROUSEL DESIGN BABY BIB","1","2.51"
"21008","ETCHED GLASS HEART TREE DECORATION","1","2.51"
"DCGS0062","ROAD-RAGE CAR FRESHENER","1","2.51"
"21225","POCKET MIRROR BUTTERFLY","2","2.50"
"21290","LARGE SPOTTY CHOCOLATE GIFT BAG","2","2.50"
"90127B","BLUE BEADS+HAND PHONE CHARM","2","2.50"
"85049c","ROMANTIC PINKS RIBBONS","1","2.46"
"84596l","BISCUITS SMALL BOWL LIGHT BLUE","1","2.46"
"84510b","SET OF 4 FAIRY CAKES COASTERS","1","2.15"
"81953B","ROUND BLUE CLOCK WITH SUCKER","11","2.09"
"17061","ASSORTED SHAPED STENCIL FOR HENNA","52","2.08"
"85192S","HANGING SPRING FLOWER HEART SMALL","3","1.95"
"22631","CIRCUS PARADE LUNCHBOX","1","1.95"
"84814A","HEXAGONAL CRYSTAL PERFUME BOTTLE","1","1.95"
"46138D","GREEN CHENILLE SHAGGY C/COVER","1","1.95"
"22659","LUNCHBOX I LOVE LONDON","1","1.95"
"35945","GOLD CHRISTMAS STOCKING DECORATION","1","1.95"
"84201C","HAPPY BIRTHDAY CARD TEDDY/CAKE","10","1.90"
"84206C","CHAMPAGNE TRAY BLANK CARD","10","1.90"
"20737","RED MINI TAPE MEASURE","1","1.70"
"30086C","ASSORTED FRUIT STRAWS","1","1.70"
"35837","SET OF SIX SILVER+RED FLOCK BAUBLES","2","1.70"
"72754D","F FAIRY POTPOURRI CUSHIONS SUMMER","1","1.69"
"10109","BENDY COLOUR PENCILS","4","1.68"
"85231e","STRAWBERRY SCENTED SET/9 T-LIGHTS","1","1.66"
"21585","SWALLOW SMALL TUBE MATCHES","1","1.65"
"23664","FLOWER SHOP DESIGN MUG","1","1.65"
"85024A","CRYSTAL SMALL JEWELLED PHOTOFRAME","1","1.65"
"72796C","S/3 ROSE GARDEN SCENT SQU CANDLE","1","1.65"
"35980B","RED TOP SCANDINAVIAN HEART","4","1.52"
"84845A","HOLLYHOCK SQUARE HANDY TIN","1","1.25"
"23370","SET 36 COLOURING PENCILS DOILEY","1","1.25"
"35950","FOLKART HEART CHRISTMAS DECORATIONS","1","1.25"
"35976B","WHITE SCANDINAVIAN HEART CHRISTMAS","1","1.25"
"TEST002","This is a test product.","1","1.00"
"84206B","CAT WITH SUNGLASSES BLANK CARD","5","0.95"
"20721","OWLS CHARLOTTE BAG","1","0.85"
"51014c","FEATHER PEN,COAL BLACK","1","0.83"
"84206B","CAT W SUNGLASSES BLANK CARD","4","0.76"
"23366","SET 12 COLOURING PENCILS DOILEY","1","0.65"
"35930","PINK HEART CHRISTMAS DECORATION","1","0.38"
"84205C","HAPPY BIRTHDAY GINGER CAT CARD","2","0.38"
