"customer_id","total_orders","total_spent","avg_item_revenue"
"18102","145","580987.04","558.641385"
"14646","151","528602.52","137.335027"
"14156","156","313437.62","77.621996"
"14911","398","291420.81","26.308640"
"17450","51","244784.25","582.819643"
"13694","143","195640.69","128.795714"
"17511","60","172132.87","92.148217"
"16446","2","168472.50","56157.500000"
"16684","55","147142.77","204.934220"
"12415","28","144458.37","156.002559"
"15061","127","126389.02","140.745011"
"16029","107","117763.62","318.280054"
"17949","118","117314.08","752.013333"
"15311","208","114966.42","26.699122"
"13089","203","113416.91","34.213246"
"12931","57","92347.34","423.611651"
"14298","82","91194.49","31.841652"
"15769","46","88612.52","397.365561"
"12346","12","77556.46","2281.072353"
"13798","110","75428.87","104.617018"
"15838","34","73205.50","355.366505"
"17841","211","68545.25","5.512284"
"16754","29","65500.07","467.857643"
"14096","17","65164.79","12.749910"
"14088","16","64036.80","93.895601"
"16422","109","61920.87","88.711848"
"17389","61","57215.33","133.369068"
"13081","28","56838.37","24.929110"
"16013","84","56078.44","259.622407"
"14680","58","55688.50","43.711538"
"13093","55","54144.25","52.212392"
"12748","336","53539.64","8.130545"
"17850","155","51208.87","20.491745"
"13408","106","50174.78","60.891723"
"13777","61","49638.26","139.433315"
"17404","23","47781.12","163.633973"
"13881","43","45179.10","98.860175"
"15749","3","44534.30","4453.430000"
"16705","42","43515.05","63.065290"
"12471","79","39918.19","35.170211"
"15098","3","39916.50","13305.500000"
"15039","93","39141.48","14.523740"
"14031","44","39019.51","52.026013"
"17675","70","37642.48","33.729821"
"17381","38","36398.65","223.304601"
"12921","74","35233.24","23.504496"
"17677","54","35058.46","51.180234"
"12678","21","34281.18","91.173351"
"13902","5","34095.26","541.194603"
"13767","73","33903.57","44.376401"
"16210","35","33750.97","131.839727"
"16779","53","32809.03","31.547144"
"15856","52","32275.95","29.288521"
"14258","25","32051.34","106.837800"
"17428","45","31466.76","43.703833"
"17940","16","30306.79","865.908286"
"12709","34","30291.76","61.819918"
"14606","192","29951.37","4.710075"
"12681","45","29834.76","20.951376"
"13078","57","29018.06","36.685284"
"13098","28","28882.44","50.493776"
"17857","24","27347.04","488.340000"
"14527","122","27246.88","10.324699"
"16333","22","26626.80","591.706667"
"15513","35","26437.05","48.330987"
"17865","46","26312.19","26.051673"
"18251","9","26278.86","243.322778"
"13802","19","26259.11","58.614085"
"12731","17","25775.71","65.587048"
"14062","24","25585.65","75.251912"
"12744","11","25317.06","74.681593"
"12939","20","25264.80","293.776744"
"14895","38","25119.54","27.910600"
"15498","44","24972.86","26.538640"
"12621","35","24311.20","32.157672"
"16525","48","24151.30","68.417280"
"13001","33","24042.65","23.687340"
"14607","22","23763.13","117.059754"
"12482","29","23691.40","116.134314"
"17920","54","23581.78","14.379134"
"15640","29","23494.31","31.409505"
"12409","7","23419.29","88.709432"
"16133","56","22992.26","42.265184"
"12682","52","22950.22","23.205480"
"14063","9","22710.20","567.755000"
"12540","33","22254.49","28.864449"
"15159","34","22116.73","27.304605"
"13340","12","22100.56","102.793302"
"14051","37","21770.98","68.462201"
"16839","44","21758.25","62.166429"
"12753","6","21429.39","108.778629"
"15615","47","21373.97","23.722497"
"13319","58","21323.22","23.102080"
"14866","19","20746.54","152.548088"
"14667","54","20395.34","16.059323"
"15251","21","20324.54","88.367565"
"12477","9","20276.37","35.951011"
"17706","31","20272.15","27.506309"
"17243","69","20203.58","18.829059"
"18008","23","19759.08","203.701856"
"17340","18","19617.95","28.935029"
"16843","35","19571.43","32.837970"
"17139","25","19566.76","24.216287"
"14194","36","18670.59","19.611964"
"12357","3","18287.66","61.782635"
"13113","37","18230.07","48.355623"
"12557","8","18096.14","341.436604"
"16746","42","18046.75","18.358850"
"17581","43","17951.17","22.134612"
"12901","28","17654.54","152.194310"
"17377","78","17644.27","10.306232"
"14952","32","17629.35","57.424593"
"16652","16","17550.39","63.819600"
"15189","46","17524.38","72.715270"
"18172","52","17467.24","36.773137"
"16019","27","17329.16","43.000397"
"17416","22","17298.45","28.975628"
"15078","53","17286.73","22.421180"
"15523","16","17259.19","81.411274"
"13027","19","17239.20","202.814118"
"14277","9","17197.61","45.376280"
"15808","21","17180.25","22.254210"
"15125","24","17024.87","70.936958"
"12647","36","16955.55","32.923398"
"16656","30","16833.17","119.384184"
"12433","10","16794.14","30.043184"
"17735","26","16790.33","19.210904"
"12454","5","16679.78","416.994500"
"16553","33","16584.01","56.794555"
"13564","37","16498.97","13.749142"
"15358","42","16425.86","15.083434"
"14961","22","16410.15","24.492761"
"13225","16","16260.07","130.080560"
"16180","13","16249.87","49.693792"
"12472","19","16249.29","19.321391"
"12980","21","16245.78","312.418846"
"17107","10","16052.72","23.959284"
"15044","35","16024.15","17.884096"
"13199","67","15964.21","78.641429"
"17716","24","15956.97","26.550699"
"12971","116","15704.60","38.586241"
"16191","24","15677.82","67.576810"
"12949","22","15526.70","21.715664"
"14769","17","15514.11","11.097361"
"14849","43","15407.61","20.877520"
"15768","34","15308.89","12.672922"
"18087","17","14761.52","167.744545"
"18092","18","14693.72","104.955143"
"16126","15","14644.60","38.437270"
"17133","12","14622.33","261.113036"
"16873","12","14617.39","28.549590"
"14543","39","14587.87","68.810708"
"17448","46","14523.67","13.025713"
"15482","19","14417.36","97.414595"
"14733","15","14335.15","44.937774"
"13488","23","14205.96","20.921885"
"15601","30","14191.74","17.222985"
"16713","32","14115.56","11.149731"
"12714","12","14093.71","20.249583"
"12476","23","14083.91","27.400603"
"14299","27","14070.25","42.000746"
"13178","21","14059.19","20.464614"
"18223","26","14000.85","24.307031"
"12435","6","13925.93","124.338661"
"15760","2","13916.34","6958.170000"
"17589","18","13837.94","10.628218"
"15005","56","13754.58","5.762287"
"15382","12","13733.55","21.730301"
"15093","23","13702.38","43.361962"
"12583","27","13591.58","30.474395"
"12989","33","13551.75","139.708763"
"15291","40","13517.76","55.400656"
"13629","19","13370.86","153.688046"
"13097","28","13324.10","13.271016"
"16558","38","13304.11","17.668141"
"16923","32","13157.13","12.148781"
"13090","24","13091.74","47.780073"
"15738","41","13043.32","27.060830"
"14049","13","13023.40","12.274647"
"18225","26","13014.80","22.753147"
"15502","14","13003.87","39.405667"
"14110","33","12987.95","32.551253"
"13969","35","12973.46","12.193102"
"13668","35","12948.48","17.127619"
"13316","10","12940.82","74.802428"
"13952","14","12823.52","31.430196"
"13468","72","12793.28","18.460722"
"16549","34","12781.80","4.132493"
"12437","39","12683.40","22.528242"
"12451","8","12669.88","24.794286"
"12536","3","12601.83","48.282874"
"16161","43","12580.06","11.093527"
"17017","29","12576.99","33.272460"
"14040","35","12523.81","16.035608"
"17858","30","12518.65","33.562064"
"14936","12","12410.81","23.549924"
"16000","3","12393.70","1377.077778"
"12474","31","12372.75","17.475636"
"14735","56","12240.16","33.443060"
"12481","15","12185.51","32.067132"
"15144","29","12160.31","34.843295"
"15465","32","12100.40","47.452549"
"15194","28","12021.53","25.255315"
"13050","35","11986.52","12.181423"
"14415","23","11980.09","9.708339"
"17364","28","11972.92","13.244381"
"17044","12","11962.30","80.283893"
"13458","16","11959.27","24.658289"
"13854","39","11944.56","67.104270"
"16258","15","11942.52","34.716628"
"16814","36","11924.85","15.547392"
"16523","28","11916.33","32.119488"
"17338","17","11889.33","9.110598"
"13687","1","11880.84","264.018667"
"14505","19","11879.08","7.542273"
"18226","26","11878.88","22.497879"
"12567","15","11767.48","21.164532"
"12705","14","11762.10","19.636227"
"14426","17","11727.94","19.417119"
"13004","36","11650.85","14.295521"
"12683","21","11633.70","23.888501"
"15023","20","11578.65","12.086273"
"14739","25","11573.62","47.432869"
"13418","31","11559.66","21.526369"
"15218","22","11468.83","28.961692"
"13680","12","11419.67","17.677508"
"14016","11","11403.41","25.454040"
"12668","10","11383.03","21.236996"
"13102","37","11380.10","23.659252"
"15874","21","11284.76","32.996374"
"15555","36","11243.91","7.067197"
"12539","7","11214.75","22.251488"
"13576","28","11202.59","41.800709"
"12524","17","11126.11","46.358792"
"14134","15","11123.35","61.796389"
"13013","29","11097.43","22.787331"
"15032","8","11010.05","115.895263"
"14045","16","10986.63","296.935946"
"12918","1","10953.50","10953.500000"
"16985","23","10923.16","44.951276"
"18052","1","10877.18","679.823750"
"16033","27","10608.81","7.806336"
"13324","18","10513.47","79.647500"
"15290","26","10496.28","35.946164"
"12431","27","10432.22","26.749282"
"14028","3","10396.50","1155.166667"
"16168","66","10360.67","33.858399"
"16984","9","10350.53","9.655345"
"15296","12","10323.03","19.331517"
"14422","19","10271.52","18.607826"
"17160","17","10209.16","15.682273"
"15719","31","10195.97","5.760435"
"14796","27","10169.33","6.811340"
"16327","16","10159.64","11.584538"
"18229","28","10150.51","50.500050"
"15805","30","10148.93","19.185123"
"18055","14","10142.64","19.029343"
"17809","20","10085.89","103.978247"
"15547","26","10057.05","7.550338"
"13941","15","10027.18","106.672128"
"13985","22","10020.86","20.876792"
"15694","24","9978.48","69.779580"
"14755","25","9972.55","20.994842"
"16182","9","9971.65","195.522549"
"14101","13","9961.93","110.688111"
"16131","12","9957.42","45.467671"
"18260","23","9947.26","24.261610"
"17049","19","9942.53","17.818154"
"16701","26","9916.73","36.060836"
"12758","7","9903.24","31.639744"
"14329","15","9887.62","17.912355"
"12590","2","9864.26","145.062647"
"14828","13","9839.46","97.420396"
"12490","21","9823.64","21.263290"
"13599","33","9811.04","25.028163"
"16353","38","9795.46","56.621156"
"14944","19","9784.67","32.292640"
"17306","21","9782.35","135.865972"
"13018","35","9763.16","16.190978"
"13735","13","9762.77","15.089289"
"14085","33","9720.67","9.302077"
"12380","11","9676.30","34.932491"
"12839","26","9669.12","17.453285"
"16782","38","9636.12","5.725561"
"17315","43","9599.58","12.850843"
"18109","38","9555.71","14.611177"
"14091","2","9530.08","733.083077"
"17811","47","9519.80","8.263715"
"13999","29","9502.26","20.391116"
"17504","18","9490.17","27.749035"
"14146","12","9450.30","20.724342"
"14439","5","9443.04","73.201860"
"13267","36","9429.81","22.943577"
"17230","18","9388.49","43.264931"
"15727","15","9371.71","13.681328"
"15981","21","9362.77","32.509618"
"13069","38","9284.45","8.944557"
"13162","16","9275.49","38.972647"
"15249","18","9266.00","18.458167"
"14367","16","9227.82","17.711747"
"14292","16","9226.25","47.804404"
"13327","20","9134.48","28.456324"
"17757","56","9074.05","7.218815"
"15298","23","9061.77","21.321812"
"15939","16","9060.39","56.275714"
"16709","14","9056.01","29.986788"
"17068","47","8987.68","9.023775"
"15150","13","8977.94","15.668307"
"15903","12","8939.84","77.067586"
"15867","31","8923.30","8.748333"
"12766","9","8918.99","22.186542"
"12747","26","8898.48","35.736867"
"14060","30","8898.24","34.489302"
"13555","13","8891.84","22.397582"
"14709","25","8886.33","24.891681"
"12359","10","8873.39","24.512127"
"14135","24","8839.67","40.363790"
"16700","25","8830.77","17.147126"
"16550","18","8813.58","11.673616"
"15260","25","8767.73","23.012415"
"16532","5","8756.64","1459.440000"
"13448","13","8745.93","16.408874"
"15570","25","8736.49","11.967795"
"16186","26","8718.43","17.264218"
"17576","41","8711.95","9.799719"
"12957","13","8706.97","17.769327"
"13758","15","8698.13","30.519754"
"13263","39","8676.20","4.554436"
"15497","9","8657.39","71.548678"
"13756","23","8655.95","25.236006"
"16945","33","8548.16","18.034093"
"15281","16","8543.57","16.366992"
"13269","28","8537.32","17.566502"
"15270","21","8524.86","50.743214"
"12798","4","8510.93","257.906970"
"13209","13","8509.51","23.250027"
"15786","5","8501.62","18.283054"
"13148","26","8497.82","11.137379"
"14286","7","8479.76","16.993507"
"18139","6","8438.34","53.071321"
"13047","24","8428.53","22.297698"
"14160","7","8421.47","78.705327"
"17396","14","8409.60","178.927660"
"15984","30","8393.02","11.990029"
"14676","12","8356.79","62.833008"
"14057","22","8346.66","18.672617"
"17611","28","8337.53","7.497779"
"13206","13","8308.19","14.678781"
"12643","12","8304.82","162.839608"
"17686","9","8296.81","19.339883"
"12637","12","8283.81","13.491547"
"15998","16","8274.14","5.806414"
"15034","14","8231.20","10.945745"
"13381","12","8224.37","23.102163"
"13139","8","8202.98","30.954642"
"16722","22","8189.56","21.665503"
"17365","15","8184.49","10.307922"
"13426","22","8167.38","23.811603"
"13715","17","8153.04","15.923906"
"14056","23","8152.71","7.493300"
"16672","20","8134.94","71.359123"
"17593","11","8092.32","19.834118"
"15955","22","8085.98","23.643216"
"17426","13","8077.77","18.917494"
"16767","15","8056.76","25.098941"
"16670","20","8030.15","16.557010"
"14525","17","8026.54","15.259582"
"18041","38","8018.77","9.637945"
"16556","17","8012.58","16.623610"
"13869","10","7996.87","9.542804"
"13174","12","7995.36","8.523838"
"12428","9","7956.46","27.062789"
"16303","7","7928.27","27.721224"
"14291","23","7904.10","16.000202"
"13871","17","7885.85","19.616542"
"14159","20","7860.80","4.281481"
"15622","17","7852.61","18.433357"
"17085","28","7847.67","7.951033"
"12757","13","7834.65","21.523764"
"12867","13","7829.26","7.456438"
"16592","28","7807.91","18.242780"
"15544","20","7807.89","14.704124"
"14395","20","7801.93","10.015315"
"17409","10","7793.51","74.937596"
"12720","30","7787.28","16.257370"
"17730","20","7773.80","24.757325"
"17739","18","7730.59","51.883154"
"13534","35","7720.90","19.696173"
"17696","27","7679.59","21.039973"
"14175","8","7678.88","23.199033"
"13141","17","7656.08","18.056792"
"15046","25","7623.79","19.349721"
"14145","7","7600.05","304.002000"
"13373","6","7587.19","21.193268"
"13137","16","7586.94","5.442568"
"13709","18","7571.35","18.602826"
"14030","20","7521.80","9.128398"
"17091","19","7495.75","16.474176"
"15179","13","7491.92","23.859618"
"15581","38","7480.40","10.936257"
"13815","8","7475.74","20.999270"
"16570","20","7434.31","30.847759"
"16242","14","7404.65","11.018824"
"17602","14","7354.43","8.090682"
"13082","21","7335.75","56.866279"
"17238","32","7331.67","6.436936"
"16253","7","7272.20","24.485522"
"14282","25","7250.76","30.337908"
"14092","24","7229.45","19.381903"
"14243","17","7217.75","19.883609"
"16729","21","7205.33","10.983735"
"14800","17","7191.33","11.985550"
"14688","28","7190.42","14.704335"
"16745","17","7180.70","20.227324"
"14841","14","7163.00","23.876667"
"15950","10","7120.91","18.119364"
"15521","16","7098.24","17.613499"
"14113","16","7092.61","58.136148"
"13451","11","7090.06","6.937436"
"17231","25","7064.80","5.882431"
"17769","17","7053.38","12.098422"
"13183","15","7036.18","45.103718"
"17965","29","7006.65","8.576071"
"16938","9","6995.36","8.489515"
"17690","20","6963.80","19.343889"
"12841","40","6958.20","10.804658"
"13552","22","6948.92","33.569662"
"15674","13","6948.23","19.795527"
"16265","12","6935.17","20.579139"
"16187","15","6911.44","23.428610"
"15301","17","6909.67","20.028029"
"12749","9","6897.36","20.406391"
"16170","20","6869.00","15.611364"
"15129","23","6860.18","33.140966"
"18231","28","6854.17","17.896005"
"16401","23","6849.15","18.868182"
"12613","10","6817.37","20.912178"
"12830","6","6814.64","179.332632"
"16145","19","6805.44","17.185455"
"15413","5","6798.72","271.948800"
"12417","20","6797.41","18.421165"
"14401","22","6795.90","25.548496"
"13993","19","6775.71","25.960575"
"13983","21","6753.89","20.781200"
"12662","20","6726.54","17.203427"
"12712","21","6723.03","26.261836"
"15321","12","6709.73","21.714337"
"14844","10","6702.43","24.196498"
"17975","24","6696.33","14.369807"
"13734","4","6695.69","247.988519"
"16497","23","6695.28","19.867300"
"13384","11","6680.83","25.306174"
"17700","14","6679.97","18.555472"
"14461","13","6676.91","10.498286"
"16717","14","6663.68","19.039086"
"17001","19","6640.80","24.148364"
"13953","12","6640.68","265.627200"
"14562","26","6638.15","11.045175"
"13394","19","6621.70","16.189976"
"12626","9","6620.48","22.518639"
"13520","11","6606.00","33.195980"
"13831","18","6585.54","36.184286"
"12843","30","6583.36","30.061005"
"13015","11","6579.78","18.907414"
"13883","15","6560.02","20.759557"
"12836","15","6559.73","15.960414"
"15980","7","6543.68","56.901565"
"14855","7","6520.30","31.499034"
"14221","17","6517.49","18.782392"
"12823","18","6501.50","361.194444"
"13317","19","6486.09","18.909883"
"12779","14","6474.11","24.067323"
"14154","8","6460.70","22.125685"
"15750","18","6452.99","10.291850"
"16940","8","6427.66","10.218855"
"16655","13","6423.26","10.886881"
"12656","8","6407.83","25.942632"
"15514","18","6392.06","20.164227"
"18094","13","6391.52","50.726349"
"12406","5","6390.36","38.496145"
"14388","16","6388.20","16.254962"
"14766","11","6375.73","19.089012"
"12356","6","6371.73","44.871338"
"14702","29","6368.78","9.379647"
"14227","15","6368.71","16.893130"
"12484","12","6354.10","13.490658"
"13590","18","6336.04","15.606010"
"18245","20","6324.98","13.810000"
"13654","11","6308.00","19.173252"
"12913","13","6283.24","68.296087"
"15480","5","6279.00","29.204651"
"13136","13","6274.56","19.919238"
"13615","8","6272.53","17.091362"
"17873","18","6265.33","37.293631"
"14004","11","6258.45","25.968672"
"15369","11","6251.26","105.953559"
"12497","3","6248.50","109.622807"
"17799","20","6246.93","6.910321"
"18118","29","6221.02","4.350364"
"16735","14","6217.41","21.147653"
"12429","8","6204.41","40.551699"
"15673","9","6204.32","23.150448"
"13334","5","6201.80","13.083966"
"16103","22","6191.71","30.958550"
"16156","20","6188.18","23.709502"
"14534","26","6187.66","8.654070"
"15299","10","6156.53","615.653000"
"14390","13","6150.03","13.398758"
"17669","10","6142.35","42.655208"
"13266","19","6135.04","19.983844"
"14852","18","6132.43","19.846052"
"17419","18","6126.25","20.489130"
"13230","30","6120.01","4.892094"
"14180","33","6117.50","21.167820"
"13935","3","6116.92","76.461500"
"14560","44","6114.03","30.570150"
"18178","11","6103.74","17.439257"
"14530","16","6088.87","12.872875"
"18061","28","6083.81","49.867295"
"17509","8","6083.64","16.713297"
"16954","20","6081.88","29.523689"
"12664","11","6070.04","134.889778"
"17644","20","6028.60","18.436086"
"13658","9","6025.50","25.424051"
"17819","12","6021.05","67.652247"
"15372","8","6017.06","105.562456"
"15202","3","6001.49","2000.496667"
"16456","13","6000.94","15.347673"
"12835","41","5996.83","9.750943"
"15755","17","5993.12","16.153962"
"14105","5","5988.83","21.465341"
"17457","14","5984.81","93.512656"
"14440","13","5982.03","46.734609"
"17625","8","5978.90","8.753880"
"14535","9","5973.23","7.240279"
"15785","16","5969.93","26.533022"
"14918","9","5955.81","42.239787"
"12500","19","5955.21","40.789110"
"14257","9","5954.45","24.810208"
"16710","22","5921.35","6.514136"
"15971","18","5902.83","140.543571"
"12455","10","5879.95","25.902863"
"18065","29","5866.63","18.924613"
"17146","13","5852.64","19.443987"
"14112","13","5834.59","17.897515"
"12910","13","5796.52","42.310365"
"18075","20","5783.29","17.904923"
"17672","7","5778.63","28.051602"
"14099","20","5750.91","11.038215"
"16316","13","5744.91","19.343131"
"12615","8","5740.98","21.262889"
"13771","9","5728.82","26.522315"
"13870","15","5712.08","23.701577"
"16607","25","5706.87","19.150570"
"17651","16","5703.52","17.179277"
"16279","9","5698.28","16.374368"
"16458","30","5690.89","14.936719"
"13157","9","5687.36","22.658805"
"12727","10","5679.53","27.977980"
"12633","7","5678.16","18.556078"
"13901","15","5676.34","18.310774"
"17491","17","5653.67","31.941638"
"16409","12","5652.74","7.293858"
"13722","10","5635.41","29.816984"
"16320","6","5628.99","23.356805"
"16003","10","5613.83","27.654335"
"18145","11","5609.74","13.954577"
"16200","12","5608.10","9.148613"
"17838","13","5604.64","22.065512"
"16011","29","5601.01","13.178847"
"15228","6","5580.27","23.847308"
"15854","21","5578.28","21.790156"
"17203","10","5564.09","21.318352"
"14210","16","5556.57","17.696083"
"15527","23","5554.89","16.884164"
"14907","16","5547.72","20.700448"
"14572","11","5526.88","10.901144"
"17069","14","5517.23","19.426866"
"14732","19","5517.07","19.917220"
"17092","11","5511.41","14.059719"
"17204","9","5504.69","31.099944"
"14189","16","5503.15","17.925570"
"13115","10","5494.70","17.499045"
"16609","7","5493.46","19.903841"
"13593","14","5493.29","13.463946"
"13769","20","5478.12","19.920436"
"16992","13","5476.50","19.215789"
"17512","18","5467.82","27.755431"
"12480","7","5464.85","22.582025"
"17685","12","5454.95","27.550253"
"18198","17","5425.56","34.123019"
"12378","2","5416.32","17.994419"
"14626","11","5410.92","23.322931"
"14249","12","5400.46","19.927897"
"17719","15","5396.04","19.693577"
"17612","18","5394.86","15.867235"
"13362","7","5394.07","18.100906"
"13014","11","5381.08","24.022679"
"14459","2","5375.74","47.997679"
"14442","7","5367.02","29.327978"
"17863","12","5360.48","21.021490"
"12362","11","5356.23","20.060787"
"15641","12","5345.55","17.188264"
"16008","15","5339.13","21.103281"
"15628","17","5333.08","17.836388"
"13842","18","5319.34","15.878627"
"17584","6","5309.42","42.817903"
"16546","5","5307.07","60.307614"
"16393","23","5297.77","7.092062"
"15394","11","5286.80","23.289868"
"15152","14","5263.83","17.546100"
"13931","11","5257.38","19.399926"
"13975","12","5256.40","7.132157"
"13107","9","5253.07","29.511629"
"14930","6","5236.73","18.837158"
"12755","11","5236.26","83.115238"
"15722","11","5234.00","29.404494"
"17061","11","5232.23","52.850808"
"12422","17","5231.80","30.417442"
"15606","17","5230.99","36.075793"
"13763","3","5217.44","104.348800"
"15812","12","5201.47","41.611760"
"14546","11","5184.84","6.563089"
"12510","9","5178.02","35.710483"
"17663","17","5175.83","21.747185"
"15796","17","5171.63","17.650614"
"12625","4","5164.88","28.223388"
"17157","19","5151.90","36.538298"
"16153","11","5133.49","22.714558"
"16308","7","5120.00","731.428571"
"12708","18","5117.66","17.289392"
"14713","21","5115.76","7.567692"
"15443","14","5114.23","8.182768"
"12483","19","5097.18","36.936087"
"12594","15","5090.11","25.578442"
"17861","18","5088.29","9.118799"
"14493","10","5087.86","14.332000"
"15367","11","5081.33","18.212652"
"12432","5","5059.32","46.845556"
"17469","17","5051.25","18.918539"
"13634","16","5033.77","11.286480"
"16931","23","5032.22","5.308249"
"12759","8","5020.74","16.624967"
"12444","5","5005.46","28.440114"
"17084","3","5001.21","17.797900"
"17346","26","4998.61","5.415612"
"15898","25","4996.45","8.071809"
"14209","15","4993.27","21.615887"
"14639","9","4978.96","17.051233"
"13198","8","4974.23","15.841497"
"12600","21","4967.42","38.210923"
"12562","9","4966.92","23.994783"
"17758","12","4964.03","9.401572"
"17802","10","4946.22","9.439351"
"12700","4","4939.99","18.432799"
"12347","8","4921.53","22.169054"
"14970","12","4919.35","43.534071"
"16919","24","4909.66","7.996189"
"17314","17","4904.43","19.157930"
"18144","19","4892.95","58.249405"
"15332","6","4892.68","31.770649"
"16986","11","4888.75","28.096264"
"13021","17","4887.24","19.016498"
"13659","12","4884.68","17.827299"
"16686","16","4881.07","4.748123"
"15379","8","4877.84","18.546920"
"14107","11","4877.30","20.666525"
"12688","1","4873.81","28.501813"
"17213","13","4869.40","18.306015"
"17449","13","4868.15","8.335873"
"17652","12","4867.72","18.794286"
"14081","10","4867.57","5.767263"
"17059","9","4864.57","6.746976"
"13495","10","4863.31","36.566241"
"13044","11","4848.05","11.653966"
"13562","8","4838.18","24.684592"
"17567","9","4838.08","24.684082"
"12449","6","4835.89","24.059154"
"14191","15","4817.66","18.179849"
"13875","14","4814.37","17.831000"
"15485","7","4810.92","35.116204"
"13329","8","4808.77","40.752288"
"15529","12","4783.66","6.093834"
"15187","16","4777.18","52.496484"
"17519","15","4774.17","23.402794"
"13988","8","4757.80","16.128136"
"12955","11","4757.16","26.428667"
"17829","5","4756.74","27.817193"
"14825","24","4735.08","15.836388"
"17082","6","4732.03","27.835471"
"16326","24","4721.25","10.109743"
"12395","15","4721.17","19.508967"
"14235","9","4717.99","31.878311"
"13958","8","4709.23","20.745507"
"16905","17","4706.77","14.708656"
"12589","8","4695.66","26.087000"
"15410","10","4685.72","28.924198"
"16904","21","4675.36","5.212219"
"13971","14","4667.57","18.304196"
"15123","5","4656.17","25.443552"
"15484","6","4652.10","19.383750"
"17050","11","4648.59","13.319742"
"12578","4","4642.45","26.990988"
"13124","4","4641.66","16.401625"
"17402","23","4635.56","26.042472"
"18097","11","4627.92","29.666154"
"17400","8","4623.28","9.857740"
"17442","15","4620.30","16.326148"
"12782","11","4618.24","20.344670"
"14441","11","4611.69","29.946039"
"15245","8","4610.84","31.154324"
"12553","12","4608.75","19.364496"
"13851","8","4606.46","32.903286"
"18257","12","4600.15","16.667210"
"17188","13","4592.93","26.703081"
"17508","8","4579.23","19.823506"
"15416","7","4572.82","20.056228"
"13510","11","4558.29","15.772630"
"15365","13","4557.13","20.904266"
"16143","12","4555.08","20.426368"
"14032","16","4546.41","19.767000"
"17613","14","4544.55","14.851471"
"13527","12","4541.29","10.251219"
"13571","26","4537.26","6.741842"
"14685","8","4536.64","24.260107"
"13523","6","4534.57","22.560050"
"12598","11","4534.09","22.010146"
"16255","15","4530.00","8.917323"
"15271","24","4528.54","7.944807"
"14290","8","4516.56","29.910993"
"17308","2","4511.76","644.537143"
"15764","8","4503.08","18.084659"
"14625","11","4497.88","16.909323"
"17596","13","4491.46","9.241687"
"15122","11","4487.27","19.767709"
"14701","15","4487.11","7.541361"
"18064","11","4481.83","70.028594"
"12916","7","4479.73","26.044942"
"12627","7","4478.53","19.471870"
"13491","27","4467.66","17.117471"
"14648","15","4466.65","10.363457"
"18069","11","4464.92","4.603010"
"16912","15","4460.51","25.933198"
"15240","12","4459.98","19.910625"
"17220","21","4457.31","6.632902"
"18093","8","4452.71","72.995246"
"14341","18","4452.02","16.800075"
"17754","13","4451.22","19.960628"
"13435","9","4447.33","29.847852"
"12349","4","4428.69","25.306800"
"15845","11","4426.28","25.438391"
"17138","7","4417.27","17.254961"
"16626","17","4413.10","24.654190"
"16563","6","4412.56","49.579326"
"14211","18","4402.29","18.342875"
"15203","15","4400.18","12.828513"
"13505","4","4393.63","20.435488"
"16732","4","4387.64","19.853575"
"18272","9","4385.98","19.406991"
"14514","9","4380.04","13.730533"
"16118","1","4376.25","106.737805"
"15861","12","4369.20","5.544670"
"13297","7","4368.62","35.517236"
"12752","1","4366.78","82.392075"
"12917","6","4359.20","87.184000"
"12523","23","4352.35","17.479317"
"16283","8","4350.32","7.474777"
"17372","28","4347.31","6.708812"
"12408","8","4340.77","27.300440"
"15633","13","4335.96","24.636136"
"14334","12","4318.48","16.738295"
"12370","7","4316.56","21.475423"
"17191","15","4310.34","8.672716"
"14482","12","4306.72","17.650492"
"12928","12","4304.89","24.049665"
"14854","11","4303.06","20.107757"
"17937","7","4301.22","100.028372"
"13880","17","4293.86","19.254978"
"16858","10","4292.59","34.068175"
"16125","14","4292.35","14.955923"
"18230","9","4291.06","30.650429"
"14307","10","4287.92","16.366107"
"16293","15","4279.20","19.018667"
"16081","8","4278.96","11.627609"
"17930","13","4275.22","49.140460"
"14466","13","4267.15","20.714320"
"14239","21","4263.17","20.300810"
"12360","8","4252.89","19.598571"
"16571","10","4248.74","16.661725"
"12935","15","4243.86","16.708110"
"17728","5","4238.76","17.371967"
"13911","20","4234.99","17.794076"
"16875","11","4234.53","18.411000"
"16712","13","4232.87","8.124511"
"14001","9","4228.85","41.056796"
"17412","16","4220.22","18.509737"
"16743","14","4212.15","11.353504"
"15804","13","4206.39","16.054924"
"18079","5","4203.93","30.911250"
"15518","15","4189.99","9.352656"
"17406","13","4186.95","17.592227"
"14868","12","4184.01","19.829431"
"17738","13","4183.56","18.189391"
"18287","7","4182.99","26.987032"
"16072","4","4180.09","7.872109"
"17673","13","4173.88","8.232505"
"18194","6","4162.04","148.644286"
"14740","11","4161.06","18.013247"
"12653","3","4160.83","48.381744"
"13461","6","4160.00","67.096774"
"16749","2","4157.88","57.748333"
"16209","9","4146.78","61.892239"
"15002","9","4138.08","12.279169"
"12569","32","4124.69","21.939840"
"15493","9","4121.68","6.734771"
"13450","13","4120.04","28.027483"
"14408","11","4102.27","32.048984"
"16477","11","4094.37","16.643780"
"14566","4","4092.00","255.750000"
"15050","5","4087.19","27.430805"
"12876","4","4081.79","24.010529"
"18077","18","4078.79","11.554646"
"14878","25","4076.50","11.047425"
"14913","8","4073.13","16.490405"
"12371","5","4067.38","24.355569"
"17682","11","4065.28","18.478545"
"13421","8","4058.75","15.316038"
"14025","8","4057.90","40.988889"
"17083","9","4049.79","35.215565"
"13048","9","4049.13","15.279736"
"12840","7","4041.97","22.965739"
"15680","10","4028.69","17.070720"
"14824","10","4022.91","25.461456"
"12726","11","4014.60","22.427933"
"15782","4","4014.10","65.804918"
"12721","8","4013.08","16.791130"
"16098","14","4010.70","26.738000"
"13895","6","4008.52","21.551183"
"16841","12","4006.06","18.292511"
"16150","10","4002.17","18.528565"
"17618","11","4001.64","11.209076"
"17307","11","3999.89","83.331042"
"16455","11","3995.57","19.490585"
"16241","16","3992.86","4.150582"
"15665","5","3987.07","13.940804"
"14547","8","3974.75","11.196479"
"16218","13","3968.67","29.181397"
"14047","14","3968.11","26.105987"
"15572","10","3965.20","11.560350"
"14817","7","3959.86","17.216783"
"13542","17","3959.49","11.962205"
"16791","15","3957.63","5.811498"
"13982","9","3954.29","17.574622"
"17667","9","3950.70","17.176957"
"16771","10","3949.60","9.680392"
"18259","7","3941.90","46.375294"
"17526","12","3939.24","42.817826"
"15819","10","3934.79","15.133808"
"12473","5","3928.05","23.521257"
"15051","9","3926.91","13.587924"
"14465","11","3925.85","20.341192"
"15752","9","3924.91","6.697799"
"13037","12","3914.95","16.874784"
"12853","11","3907.50","26.402027"
"13995","14","3902.01","16.965261"
"12388","8","3901.11","26.719932"
"14498","10","3900.83","10.571355"
"17646","12","3898.79","19.891786"
"16928","29","3897.53","12.217962"
"15571","14","3892.35","6.487250"
"17218","18","3891.39","8.261975"
"15708","9","3887.15","11.534570"
"12358","5","3887.07","50.481429"
"15823","3","3882.17","25.046258"
"13446","11","3881.89","20.218177"
"15696","13","3881.22","17.562081"
"14655","7","3878.51","37.655437"
"15067","5","3862.88","21.824181"
"15195","1","3861.00","3861.000000"
"18073","12","3859.82","53.608611"
"14565","5","3859.22","24.120125"
"16440","6","3856.97","12.563420"
"16057","10","3854.85","17.682798"
"13213","11","3851.52","18.880000"
"16341","7","3850.79","24.372089"
"14532","11","3845.78","12.247707"
"13481","11","3830.84","17.101964"
"17287","21","3826.86","8.265356"
"12597","4","3811.22","18.501068"
"13357","5","3805.51","9.658655"
"15421","10","3805.34","12.042215"
"17954","19","3804.38","5.120296"
"16636","4","3802.04","52.082740"
"16128","11","3801.05","20.884890"
"17071","13","3793.71","17.979668"
"12619","10","3781.38","37.813800"
"14309","11","3780.81","20.004286"
"13126","13","3774.81","15.860546"
"17211","13","3773.35","10.969041"
"16466","15","3767.09","11.211577"
"17173","8","3766.60","43.797674"
"15834","7","3764.39","10.065214"
"12670","7","3760.29","32.698174"
"12530","9","3759.26","23.792785"
"17553","4","3757.60","626.266667"
"17293","17","3750.63","15.562780"
"12623","7","3747.84","21.663815"
"15370","8","3739.01","25.965347"
"15532","10","3738.85","6.059724"
"15704","6","3734.66","18.307157"
"14515","12","3724.06","21.526358"
"12502","5","3723.87","25.332449"
"16240","2","3718.80","27.546667"
"14364","8","3717.35","53.874638"
"15288","10","3715.38","24.283529"
"12737","2","3710.50","1855.250000"
"14540","11","3709.64","14.051667"
"14776","15","3708.30","19.517368"
"15255","9","3706.02","19.712872"
"15494","5","3702.60","10.061413"
"16772","3","3698.05","54.383088"
"17096","11","3697.93","18.038683"
"16094","11","3695.56","18.854898"
"12857","6","3688.00","30.479339"
"12468","5","3670.74","24.471600"
"14593","12","3665.53","5.999231"
"14744","14","3660.08","31.017627"
"14857","7","3651.85","17.225708"
"14649","9","3651.19","6.928254"
"14640","10","3649.36","17.977143"
"13632","8","3645.81","16.571864"
"17063","13","3638.53","17.748927"
"14770","8","3637.64","18.465178"
"16748","14","3637.33","22.044424"
"16053","6","3634.84","18.736289"
"17528","8","3628.50","14.341897"
"16444","17","3625.88","9.773261"
"15079","11","3625.40","25.712057"
"13305","16","3616.41","18.082050"
"16503","11","3614.34","16.968732"
"15505","5","3610.96","37.226392"
"15791","5","3608.34","21.606826"
"18242","8","3605.21","25.751500"
"15827","28","3603.14","16.604332"
"17019","11","3602.29","5.602317"
"13750","11","3602.18","48.029067"
"16325","12","3597.50","26.068841"
"17422","11","3594.76","17.535415"
"14653","12","3593.06","9.405916"
"17659","14","3586.99","18.682240"
"14132","11","3586.03","17.930150"
"15569","10","3583.45","25.596071"
"17679","7","3577.61","44.168025"
"17311","6","3566.56","28.083150"
"15024","16","3559.39","11.123094"
"17848","30","3559.11","21.570364"
"14737","4","3554.17","78.981556"
"15858","13","3552.41","8.166460"
"15222","11","3550.91","25.731232"
"14882","14","3546.65","54.563846"
"14503","6","3543.26","21.605244"
"16950","10","3541.77","24.595625"
"12645","8","3539.30","22.120625"
"17722","5","3520.22","20.231149"
"16395","14","3518.41","5.549543"
"16336","4","3517.69","51.730735"
"16719","14","3513.62","8.963316"
"15113","3","3509.43","36.179691"
"18044","18","3505.61","17.528050"
"14934","5","3503.50","18.937838"
"13929","11","3494.10","61.300000"
"15059","19","3491.20","5.927334"
"16983","11","3490.53","15.110519"
"13577","11","3489.28","20.769524"
"15811","7","3486.15","12.769780"
"15306","9","3484.73","21.510679"
"17597","5","3484.09","27.219453"
"12631","6","3481.57","19.024973"
"15712","12","3472.41","20.918133"
"13849","5","3469.30","15.769545"
"14533","11","3466.37","38.947978"
"14837","9","3460.32","16.556555"
"16360","6","3450.41","5.425173"
"13313","12","3445.32","18.424171"
"13536","7","3444.39","19.350506"
"16347","11","3442.96","10.067135"
"15974","7","3442.15","19.557670"
"16208","10","3440.45","13.598617"
"15953","18","3440.34","20.600838"
"17725","11","3439.08","17.911875"
"12609","9","3435.86","19.633486"
"15676","3","3435.76","17.008713"
"18168","16","3435.50","9.464187"
"16045","8","3434.93","23.208986"
"15351","10","3430.22","10.924268"
"17913","14","3429.29","7.358991"
"14409","9","3427.29","32.954712"
"12377","4","3426.32","22.541579"
"17876","3","3424.02","856.005000"
"16281","3","3424.02","87.795385"
"13437","7","3408.06","20.407545"
"13823","7","3403.45","20.880061"
"17931","14","3402.24","9.692991"
"15114","12","3400.12","14.719134"
"16271","10","3397.82","11.363946"
"13425","5","3390.43","19.154972"
"15058","16","3387.58","9.762478"
"13979","7","3379.93","8.600331"
"17723","7","3378.40","281.533333"
"13135","2","3371.45","187.302778"
"14898","14","3365.95","11.566838"
"13707","5","3365.86","21.715226"
"13285","6","3364.59","14.565325"
"15538","6","3358.40","239.885714"
"14608","11","3352.94","77.975349"
"18219","17","3352.70","17.645789"
"13246","11","3351.75","9.034367"
"16818","11","3349.57","17.816862"
"17183","6","3347.31","45.853562"
"15265","4","3345.64","17.334922"
"12424","4","3340.03","36.304674"
"16351","13","3330.03","17.807647"
"15065","5","3326.86","20.041325"
"12865","4","3323.47","17.043436"
"13431","8","3316.24","25.707287"
"13824","12","3314.76","33.147600"
"13131","7","3313.77","22.240067"
"14217","23","3298.59","18.957414"
"13611","10","3297.93","14.592611"
"13031","5","3292.84","8.090516"
"17768","7","3292.73","18.091923"
"16539","10","3289.66","25.111908"
"13650","10","3288.00","19.116279"
"15632","8","3285.31","19.672515"
"14285","8","3284.42","53.842951"
"12872","12","3283.96","8.334924"
"18188","6","3280.59","24.666090"
"15978","3","3279.42","25.421860"
"17774","9","3273.83","8.246423"
"13291","11","3270.79","10.285503"
"16067","3","3269.11","48.075147"
"13214","7","3264.23","14.254279"
"14064","15","3260.24","13.814576"
"14451","12","3258.68","6.364609"
"17924","8","3257.70","98.718182"
"15057","5","3255.96","46.513714"
"14215","9","3250.33","17.474892"
"15380","11","3248.96","62.480000"
"12770","2","3246.45","115.944643"
"16612","9","3245.43","19.433713"
"15140","8","3243.69","28.961518"
"17353","4","3242.00","231.571429"
"15356","13","3239.57","4.842407"
"15625","9","3236.40","18.926316"
"12963","12","3235.79","18.596494"
"16101","4","3229.16","16.818542"
"14669","7","3216.78","8.312093"
"14507","11","3216.74","12.467984"
"12951","15","3213.72","16.565567"
"16918","16","3206.54","7.062863"
"16107","7","3204.16","103.360000"
"17147","9","3199.95","23.529044"
"14315","8","3197.82","24.043759"
"15027","10","3195.60","35.116484"
"13868","2","3192.54","96.743636"
"13397","10","3191.87","35.863708"
"12456","3","3181.04","25.448320"
"16515","10","3179.06","13.470593"
"17621","6","3175.12","48.107879"
"13268","11","3174.75","7.331986"
"16837","11","3170.98","19.218061"
"17640","6","3168.94","48.014242"
"16365","15","3167.34","25.543065"
"16041","3","3166.40","527.733333"
"13804","9","3161.12","18.928862"
"12976","8","3156.38","20.495974"
"16584","5","3156.17","38.489878"
"14306","6","3151.40","68.508696"
"15614","4","3147.36","38.856296"
"15916","13","3145.24","10.278562"
"17702","6","3144.04","20.549281"
"15095","10","3141.64","25.335806"
"14897","8","3140.54","24.728661"
"15602","16","3137.96","25.103680"
"17354","4","3133.96","31.029307"
"13786","6","3127.99","26.965431"
"14963","12","3123.57","6.562122"
"15199","10","3122.40","61.223529"
"17145","4","3120.91","17.338389"
"13685","7","3119.44","79.985641"
"13052","7","3119.33","12.577944"
"13692","5","3114.40","32.441667"
"14978","10","3112.19","10.731690"
"15983","8","3110.37","12.055698"
"16678","12","3109.99","19.079693"
"13742","12","3107.87","9.929297"
"12909","8","3103.19","19.640443"
"13538","12","3103.13","21.853028"
"15031","14","3102.94","7.855544"
"15491","6","3100.09","20.130455"
"13772","8","3100.02","5.467407"
"16933","9","3099.30","10.990426"
"13464","6","3097.64","20.514172"
"12937","9","3097.61","14.274700"
"15105","9","3094.91","20.496093"
"14312","11","3090.29","17.168278"
"15373","17","3084.54","16.320317"
"12511","1","3084.02","16.231684"
"17929","12","3082.10","205.473333"
"17090","13","3080.18","34.224222"
"14044","10","3077.70","3.726029"
"14700","5","3076.06","18.419521"
"12469","2","3070.54","40.401842"
"13631","11","3070.42","279.129091"
"14038","5","3069.88","19.067578"
"13196","7","3068.84","16.323617"
"16400","9","3059.85","11.460112"
"16059","12","3053.57","7.809642"
"16007","7","3053.06","4.646971"
"15241","11","3050.16","16.576957"
"16560","8","3048.38","15.395859"
"14916","8","3042.95","22.708582"
"12849","6","3042.47","21.128264"
"13647","8","3041.68","21.882590"
"15754","9","3037.61","23.187863"
"14673","7","3037.32","20.522432"
"13557","13","3032.26","16.845889"
"13485","11","3019.22","19.108987"
"14456","9","3017.28","3.186146"
"13848","8","3015.00","301.500000"
"12754","3","3010.74","47.789524"
"16718","5","3006.08","16.983503"
"14621","9","3000.57","18.871509"
"13635","4","2999.16","18.513333"
"15810","8","2999.04","18.066506"
"15182","11","2998.95","24.381707"
"15611","26","2997.28","31.885957"
"14161","7","2996.93","10.819242"
"12457","8","2995.91","35.665595"
"14590","20","2993.37","14.818663"
"15687","9","2993.10","18.030723"
"14344","20","2993.05","13.013261"
"15681","14","2989.70","33.973864"
"12374","4","2989.22","36.014699"
"18241","21","2986.99","18.786101"
"14226","6","2985.13","30.774536"
"17032","8","2984.32","12.592068"
"16012","5","2978.59","12.462720"
"17655","9","2976.38","26.814234"
"12838","10","2975.91","8.359298"
"17692","12","2975.80","18.369136"
"12854","7","2970.97","11.383027"
"16120","6","2967.51","32.255543"
"15967","12","2966.00","6.179167"
"14506","7","2960.25","7.437814"
"15329","11","2958.83","19.213182"
"16416","9","2957.88","15.902581"
"13012","11","2957.83","19.332222"
"13110","12","2957.47","11.735992"
"16736","5","2956.56","20.675245"
"14867","16","2952.06","21.547883"
"13253","4","2951.11","39.348133"
"12877","20","2942.14","10.737737"
"15757","6","2940.36","15.235026"
"17444","3","2940.04","21.778074"
"17588","7","2939.55","41.402113"
"14544","3","2938.53","15.714064"
"12967","3","2938.52","45.208000"
"12635","4","2930.41","16.371006"
"15312","12","2930.19","17.976626"
"13890","14","2927.38","16.921272"
"12906","5","2919.81","46.346190"
"16358","5","2919.65","18.958766"
"13764","6","2919.62","7.890865"
"15392","7","2911.62","20.219583"
"13784","14","2910.23","67.679767"
"14524","13","2909.86","9.036832"
"12438","2","2906.85","29.661735"
"14233","7","2904.27","39.784521"
"14293","9","2903.01","24.395042"
"16383","7","2896.69","7.241725"
"17242","5","2889.28","34.396190"
"13501","3","2885.11","25.307982"
"16633","6","2883.10","18.967763"
"14251","5","2879.70","36.919231"
"12806","4","2878.96","42.969552"
"18170","9","2878.00","22.841270"
"14005","5","2874.72","34.222857"
"15043","6","2870.32","56.280784"
"16467","7","2869.16","119.548333"
"16711","9","2868.48","86.923636"
"16229","6","2867.86","16.294659"
"17961","100","2866.74","4.550381"
"14758","7","2864.97","21.065956"
"16755","7","2864.68","8.980188"
"16062","8","2863.45","15.478108"
"12685","6","2863.08","18.236178"
"14875","3","2862.40","32.161798"
"13963","17","2860.57","17.336788"
"16979","9","2859.74","22.168527"
"15563","7","2859.46","11.126304"
"16225","15","2859.31","9.531033"
"13728","16","2855.17","17.409573"
"12352","10","2849.84","27.668350"
"14935","2","2849.83","109.608846"
"12676","11","2843.09","26.570935"
"16554","8","2841.72","17.016287"
"14711","11","2839.62","8.230783"
"14842","4","2824.69","19.480621"
"15797","6","2821.08","235.090000"
"16775","16","2820.84","10.891274"
"17228","13","2820.03","8.623945"
"13477","11","2819.17","17.956497"
"13032","9","2815.96","13.603671"
"17386","7","2812.77","74.020263"
"16871","6","2812.34","20.528029"
"13799","9","2803.57","26.448774"
"13205","1","2803.20","2803.200000"
"12826","12","2800.75","17.839172"
"16742","14","2799.87","26.921827"
"13330","6","2796.10","23.898291"
"14903","5","2795.33","7.986657"
"14035","9","2794.75","19.274138"
"15353","7","2794.47","7.762417"
"12863","6","2792.55","58.178125"
"17530","12","2791.69","5.852600"
"16764","13","2790.95","3.987071"
"17284","8","2788.06","7.474692"
"15073","8","2788.02","17.534717"
"17552","12","2786.77","19.487902"
"13719","11","2783.08","11.222097"
"14121","4","2780.15","17.485220"
"17790","20","2779.41","9.203344"
"14869","6","2778.14","11.385820"
"15993","7","2777.67","5.115414"
"16104","9","2774.46","11.958879"
"17031","6","2773.85","55.477000"
"15235","16","2772.76","15.577303"
"15965","13","2771.94","8.349217"
"13695","16","2770.73","28.861771"
"18210","7","2768.83","19.227986"
"15817","3","2766.40","18.200000"
"13813","8","2765.47","19.338951"
"16407","14","2761.65","12.274000"
"17115","7","2761.49","23.012417"
"17368","14","2758.29","12.204823"
"16335","7","2753.52","7.627479"
"17870","13","2753.29","10.122390"
"13736","7","2752.47","4.968357"
"17490","9","2750.50","23.711207"
"14665","7","2749.65","20.830682"
"12982","8","2744.81","15.420281"
"12669","3","2744.03","27.168614"
"15841","9","2742.41","29.808804"
"13077","11","2740.65","8.305000"
"17241","12","2736.64","16.097882"
"15389","5","2733.80","455.633333"
"12986","10","2729.84","26.763137"
"15596","9","2727.72","17.598194"
"12739","4","2726.73","30.637416"
"12391","6","2724.84","10.205393"
"14404","13","2724.13","15.050442"
"16190","8","2723.55","22.886975"
"14125","3","2720.63","16.389337"
"14808","8","2718.60","11.768831"
"15985","7","2715.28","26.108462"
"16232","7","2712.97","25.837810"
"17884","20","2698.47","6.646478"
"16359","16","2697.75","21.582000"
"18173","5","2696.36","59.919111"
"12820","11","2689.52","16.915220"
"16086","10","2687.73","20.835116"
"14748","10","2681.90","16.867296"
"17388","11","2675.37","48.643091"
"16434","12","2673.69","14.853833"
"17720","10","2666.91","20.203864"
"18283","22","2664.90","2.841045"
"15910","15","2661.17","4.292210"
"13473","8","2657.76","37.968000"
"15671","7","2657.13","34.065769"
"16369","7","2656.56","15.719290"
"15157","5","2654.11","17.461250"
"14756","3","2653.76","22.300504"
"17744","7","2649.14","17.543974"
"12516","4","2648.62","35.792162"
"13203","10","2648.25","15.670118"
"16618","5","2647.59","27.579063"
"13819","6","2642.35","26.161881"
"15814","6","2634.44","26.882041"
"12520","5","2634.26","17.330658"
"14410","11","2631.90","6.836104"
"16276","3","2629.39","101.130385"
"17470","11","2626.47","16.944968"
"13422","1","2626.30","20.679528"
"13644","4","2624.26","17.974384"
"12671","1","2622.48","59.601818"
"12423","10","2622.39","15.893273"
"15142","6","2619.92","18.450141"
"13211","10","2618.77","13.028706"
"14262","8","2618.23","18.309301"
"14195","6","2615.60","163.475000"
"14431","4","2614.20","32.274074"
"14397","19","2612.96","30.034023"
"14564","2","2605.62","24.351589"
"15660","15","2603.69","17.242980"
"17317","3","2600.34","288.926667"
"15826","4","2598.28","21.834286"
"13700","13","2596.97","10.820708"
"12412","6","2596.93","20.448268"
"14163","5","2594.62","44.734828"
"14229","7","2594.04","36.028333"
"17043","8","2593.65","13.033417"
"14129","9","2591.34","23.773761"
"14147","9","2590.20","86.340000"
"16206","13","2589.87","10.791125"
"15062","8","2585.62","16.261761"
"12592","5","2582.66","31.884691"
"16499","8","2578.34","17.905139"
"17095","7","2572.25","18.775547"
"17002","7","2571.55","30.613690"
"15434","11","2567.06","19.157164"
"16817","13","2560.70","18.160993"
"13192","6","2558.58","15.793704"
"15033","10","2557.18","5.104152"
"16036","4","2556.84","18.263143"
"13862","9","2556.09","15.975563"
"16115","12","2553.80","6.094988"
"14745","12","2551.41","18.224357"
"18179","8","2547.55","23.372018"
"17465","7","2542.79","17.906972"
"14548","9","2541.29","23.102636"
"17463","7","2535.26","8.022975"
"13623","10","2533.06","8.919225"
"15906","10","2530.19","12.588010"
"14659","9","2529.93","9.999723"
"16889","6","2526.65","11.643548"
"14790","10","2526.62","17.424966"
"16987","11","2521.40","9.660536"
"15862","13","2512.29","5.044759"
"13344","3","2511.69","21.652500"
"17101","7","2507.05","34.343151"
"17550","9","2506.64","7.808847"
"12978","5","2502.82","15.354724"
"16202","9","2501.99","20.177339"
"13471","4","2501.84","9.849764"
"15021","12","2500.59","4.013788"
"15747","9","2499.81","11.573194"
"17594","4","2497.88","24.018077"
"15932","8","2495.87","21.703217"
"13414","6","2494.14","45.348000"
"14541","14","2491.38","14.236457"
"17262","11","2488.76","130.987368"
"15227","9","2488.49","20.737417"
"15117","8","2485.97","18.976870"
"15716","11","2485.26","8.689720"
"12517","5","2481.60","8.894624"
"13507","4","2479.16","15.303457"
"13588","9","2478.95","14.246839"
"13134","6","2475.23","20.456446"
"14696","8","2473.28","16.060260"
"13762","5","2472.48","70.642286"
"12924","12","2469.40","33.370270"
"14421","6","2469.37","25.722604"
"17288","11","2468.43","8.570938"
"17164","7","2467.35","17.134375"
"13151","3","2465.21","15.602595"
"17131","5","2463.17","18.381866"
"14256","5","2460.79","18.502180"
"17629","10","2455.52","15.740513"
"17676","10","2448.64","16.544865"
"12701","6","2446.41","16.642245"
"13338","4","2445.62","19.106406"
"17320","6","2444.85","16.084539"
"15111","5","2442.37","18.091630"
"17348","9","2442.29","5.513070"
"18171","9","2437.31","26.492500"
"15623","8","2437.05","22.565278"
"17505","5","2435.48","23.877255"
"13085","8","2433.28","28.967619"
"14502","11","2429.83","3.996431"
"15077","2","2428.08","75.877500"
"13949","6","2427.32","15.170750"
"12733","4","2424.87","15.445032"
"15215","7","2422.43","21.437434"
"15089","6","2420.84","16.695448"
"15489","8","2419.61","21.224649"
"16040","7","2416.90","19.335200"
"13878","4","2416.90","23.695098"
"16470","11","2416.85","5.164209"
"12802","7","2416.42","17.510290"
"13118","9","2415.41","16.320338"
"14205","9","2414.20","19.627642"
"12397","2","2409.90","19.126190"
"16833","6","2409.04","26.185217"
"16163","6","2407.98","35.411471"
"15341","2","2402.72","100.113333"
"13173","11","2399.82","11.110278"
"15793","8","2399.57","79.985667"
"12393","6","2399.45","22.424766"
"14414","8","2399.33","20.333305"
"16147","5","2398.91","17.639044"
"17921","10","2394.36","6.651000"
"16812","4","2392.00","20.800000"
"15366","7","2389.08","17.312174"
"16105","5","2386.19","21.692636"
"16638","15","2380.13","17.247319"
"17827","6","2376.17","8.456121"
"17434","7","2373.82","17.715075"
"13908","4","2369.55","19.422541"
"17623","7","2365.77","12.194691"
"16005","10","2365.49","4.887376"
"14496","7","2363.89","22.300849"
"14295","5","2362.91","32.818194"
"16676","6","2361.90","17.758647"
"15860","17","2361.30","6.884257"
"17634","9","2358.59","7.968209"
"15015","13","2354.97","8.010102"
"17969","20","2354.29","11.540637"
"14810","13","2354.03","7.820698"
"16083","4","2351.42","33.118592"
"16085","12","2341.03","6.242747"
"12704","8","2340.84","26.600455"
"17591","8","2339.32","13.291591"
"12584","9","2338.15","24.355729"
"15549","8","2334.16","14.497888"
"13614","6","2332.74","8.836136"
"16496","6","2330.77","16.889638"
"17313","1","2328.84","97.035000"
"17004","4","2324.36","33.686377"
"14938","2","2322.43","32.710282"
"13091","3","2321.82","51.596000"
"13055","4","2321.11","15.072143"
"16628","7","2318.10","18.544800"
"12724","7","2317.52","17.965271"
"12948","9","2317.43","18.539440"
"14346","5","2315.75","15.861301"
"17193","9","2310.04","52.500909"
"17282","5","2308.54","11.316373"
"13704","9","2308.06","17.224328"
"17113","6","2305.59","14.592342"
"17894","18","2304.58","5.732786"
"15946","3","2304.18","88.622308"
"14555","6","2304.03","19.692564"
"18095","5","2303.09","47.981042"
"16077","1","2300.40","287.550000"
"16531","11","2298.33","16.654565"
"13371","2","2297.66","24.974565"
"12599","13","2296.72","17.268571"
"12649","8","2294.65","19.446186"
"13280","7","2293.33","11.186976"
"13059","10","2291.77","11.574596"
"17047","6","2289.23","16.121338"
"17018","6","2287.70","61.829730"
"16485","5","2287.19","15.883264"
"14481","5","2284.69","15.231267"
"12684","7","2283.63","21.748857"
"18051","7","2282.28","41.496000"
"13655","6","2280.51","19.163950"
"14554","4","2279.49","11.229015"
"13994","6","2274.14","15.365811"
"17994","11","2270.03","7.418399"
"12725","4","2266.76","21.384528"
"15638","6","2265.20","90.608000"
"15734","4","2263.30","52.634884"
"13652","5","2262.05","16.042908"
"13814","3","2257.32","28.573671"
"13117","18","2255.66","13.923827"
"16350","9","2253.89","18.474508"
"17414","6","2249.52","107.120000"
"14432","6","2248.50","5.964191"
"14644","7","2247.72","36.253548"
"16177","8","2247.31","19.045000"
"16174","7","2246.75","34.565385"
"16883","19","2246.06","8.412210"
"13627","7","2245.90","17.410078"
"16042","8","2245.32","17.405581"
"13407","3","2244.70","26.408235"
"16823","7","2243.09","12.965838"
"14462","12","2242.81","7.981530"
"15865","5","2241.42","17.789048"
"15629","4","2240.90","29.102597"
"16551","7","2237.12","25.421818"
"17180","11","2236.77","5.591925"
"17075","10","2236.63","11.239347"
"16108","4","2235.92","16.562370"
"16076","10","2234.73","17.323488"
"13662","11","2233.61","16.423603"
"18215","5","2232.49","25.084157"
"14449","8","2230.96","4.618965"
"12783","6","2225.91","26.498929"
"13365","2","2225.37","17.385703"
"14321","7","2218.06","12.391397"
"17648","5","2216.37","17.730960"
"18177","9","2216.32","22.387071"
"13478","5","2215.78","17.726240"
"13455","6","2212.99","19.412193"
"13320","6","2211.60","14.842953"
"15550","12","2211.05","9.408723"
"15476","4","2209.98","27.974430"
"14177","13","2209.69","10.778976"
"13094","13","2209.44","76.187586"
"14834","7","2206.16","25.358161"
"14467","12","2203.24","7.271419"
"13410","9","2201.96","44.039200"
"14006","7","2196.67","28.528182"
"15100","7","2193.90","137.118750"
"16317","5","2192.51","18.739402"
"15934","2","2190.66","75.540000"
"14212","2","2190.14","104.292381"
"14597","6","2184.63","22.996105"
"15864","7","2180.76","94.815652"
"17905","13","2178.87","14.923767"
"17324","12","2171.07","14.972897"
"12856","6","2170.78","6.980000"
"12501","1","2169.39","14.559664"
"17732","8","2166.42","17.757541"
"14595","8","2164.45","15.915074"
"15944","4","2164.24","56.953684"
"14573","13","2163.12","6.977806"
"17822","5","2162.93","12.798402"
"17460","16","2157.97","15.751606"
"14407","6","2157.73","29.557945"
"16379","4","2157.40","19.975926"
"13643","10","2156.77","21.144804"
"15426","9","2156.35","5.026457"
"13224","2","2155.95","19.962500"
"16966","7","2154.97","76.963214"
"16600","13","2153.41","15.058811"
"16275","3","2151.11","19.379369"
"14216","5","2150.04","27.922597"
"16716","3","2149.68","268.710000"
"17272","4","2148.63","18.847632"
"16520","6","2148.38","6.103352"
"16004","5","2146.39","23.848778"
"13152","7","2146.38","15.899111"
"16134","5","2145.34","18.494310"
"18009","8","2144.23","11.978939"
"12576","8","2142.72","15.089577"
"13092","12","2140.28","20.383619"
"12687","2","2138.91","16.975476"
"17029","7","2137.30","73.700000"
"17305","1","2135.46","237.273333"
"18116","13","2134.49","3.784557"
"12560","3","2134.01","20.323905"
"16493","7","2132.09","19.208018"
"13517","3","2128.42","15.095177"
"14634","4","2124.46","19.490459"
"16807","6","2123.88","14.956901"
"16996","9","2123.61","28.314800"
"14472","9","2118.72","6.856699"
"14360","4","2118.03","18.102821"
"15658","8","2117.27","20.757549"
"14691","5","2114.33","29.779296"
"16201","5","2112.12","17.033226"
"16054","4","2111.88","17.310492"
"12997","8","2110.91","19.728131"
"14399","8","2108.21","10.980260"
"13755","9","2108.06","6.567165"
"13610","14","2103.71","5.272456"
"15252","5","2103.41","17.825508"
"14276","7","2102.68","17.377521"
"14499","7","2101.79","6.758167"
"15815","5","2100.60","42.869388"
"12975","6","2100.09","18.750804"
"17897","9","2099.89","8.014847"
"17159","5","2099.59","16.150692"
"12610","5","2099.54","19.806981"
"17742","11","2098.48","24.688000"
"13753","4","2094.57","26.182125"
"13591","7","2093.94","20.732079"
"14469","4","2093.46","14.437655"
"13265","5","2092.66","23.251778"
"15456","10","2091.52","9.213744"
"15151","2","2085.61","36.589649"
"17705","11","2083.90","17.365833"
"16016","11","2083.40","7.014815"
"16934","6","2083.14","14.774043"
"14443","5","2082.97","15.661429"
"18026","2","2074.07","122.004118"
"17048","7","2071.68","20.511683"
"17585","7","2064.71","5.376849"
"13748","9","2064.35","35.592241"
"16726","7","2063.88","7.877405"
"12586","4","2062.67","21.943298"
"16795","3","2062.41","6.138125"
"15221","4","2062.20","71.110345"
"13476","5","2061.47","19.447830"
"18258","6","2059.67","41.193400"
"17633","7","2057.39","20.370198"
"12518","5","2056.89","16.587823"
"15253","8","2055.09","17.716293"
"14188","6","2054.36","31.605538"
"16235","9","2053.71","17.858348"
"16794","15","2052.70","4.089044"
"16176","4","2052.69","28.509583"
"17086","6","2050.08","21.355000"
"13874","7","2049.15","29.697826"
"16027","15","2048.36","58.524571"
"14232","5","2048.07","17.809304"
"17666","5","2047.80","46.540909"
"13663","5","2047.51","20.681919"
"14000","5","2046.34","41.762041"
"15473","8","2046.00","146.142857"
"12868","8","2043.76","15.251940"
"17289","9","2041.80","7.675940"
"12585","2","2040.10","23.449425"
"14988","7","2038.65","8.675106"
"16214","4","2038.25","20.798469"
"16331","6","2037.70","59.932353"
"17846","1","2033.10","2033.100000"
"13630","7","2031.78","28.616620"
"14225","4","2031.07","23.617093"
"15272","6","2030.95","7.101224"
"15506","6","2030.33","7.437106"
"15164","9","2028.11","5.761676"
"15384","4","2027.79","17.184661"
"12873","3","2027.30","57.922857"
"13989","5","2026.06","23.558837"
"14631","6","2025.69","22.260330"
"14651","9","2025.52","7.157314"
"12418","4","2021.20","19.815686"
"13696","3","2020.40","84.183333"
"16221","9","2019.92","8.451548"
"12348","5","2019.40","39.596078"
"14623","10","2016.98","7.152411"
"16197","9","2016.71","21.685054"
"17152","4","2016.50","126.031250"
"17126","9","2016.43","4.531303"
"13693","9","2011.82","18.979434"
"17671","5","2009.16","26.788800"
"13888","7","2001.59","11.705205"
"16332","11","2000.01","10.152335"
"16698","2","1998.00","399.600000"
"14628","5","1998.00","23.232558"
"15990","7","1997.75","11.286723"
"14152","7","1997.34","15.017594"
"15481","1","1993.34","52.456316"
"14301","4","1992.18","37.588302"
"16065","8","1992.13","5.643428"
"13889","6","1991.23","23.990723"
"17088","4","1991.01","17.313130"
"16960","8","1990.88","4.434031"
"17351","12","1988.23","28.814928"
"16529","4","1986.80","15.521875"
"15478","3","1983.48","28.746087"
"14967","6","1982.61","68.365862"
"17337","4","1981.06","3.802418"
"13725","8","1980.56","19.043846"
"12582","4","1980.40","19.227184"
"17158","5","1980.00","17.522124"
"15030","8","1979.91","59.997273"
"15795","8","1979.87","15.113511"
"13208","9","1976.30","7.842460"
"18204","3","1975.35","10.288281"
"15531","2","1972.39","9.006347"
"17797","8","1971.87","7.276273"
"14905","8","1971.39","25.274231"
"12674","4","1970.60","23.742169"
"14477","7","1969.60","140.685714"
"14396","7","1969.38","7.909157"
"16032","6","1965.72","9.360571"
"17966","10","1963.92","17.379823"
"17997","8","1962.46","11.966220"
"12399","7","1962.30","17.839091"
"15789","6","1962.01","14.217464"
"16290","4","1957.70","15.787903"
"17039","1","1954.99","44.431591"
"18016","7","1954.56","11.565444"
"14794","10","1953.90","18.787500"
"17554","5","1952.45","22.186932"
"13761","6","1952.17","16.001393"
"15885","15","1951.82","16.972348"
"16993","2","1950.95","69.676786"
"14014","3","1948.21","25.634342"
"15620","4","1942.36","15.057054"
"15425","4","1941.12","13.574266"
"12385","1","1938.40","29.821538"
"16619","4","1938.33","16.709741"
"14418","3","1937.25","15.622984"
"15561","8","1934.39","21.025978"
"12528","6","1933.48","21.016087"
"12531","2","1933.20","15.222047"
"16859","7","1932.41","17.567364"
"15803","4","1929.66","37.836471"
"17236","12","1929.26","12.210506"
"16788","5","1928.93","4.035418"
"13029","5","1927.30","113.370588"
"14492","7","1921.91","20.890326"
"16681","7","1921.84","39.221224"
"18220","6","1921.76","76.870400"
"14901","12","1919.00","14.320896"
"12644","4","1918.49","17.283694"
"12842","4","1917.99","39.958125"
"14332","5","1917.41","30.925968"
"16650","7","1916.11","19.552143"
"16555","6","1915.68","29.025455"
"16692","4","1914.70","382.940000"
"17046","5","1906.07","22.424353"
"16942","9","1904.99","6.877220"
"14250","3","1904.05","17.153604"
"14127","6","1900.08","16.240000"
"14710","13","1899.79","4.397662"
"12762","2","1898.52","27.514783"
"14389","5","1898.01","21.816207"
"14730","8","1897.57","4.107294"
"17560","8","1895.80","34.469091"
"14327","6","1894.93","17.876698"
"15248","3","1893.93","17.867264"
"13984","12","1893.80","21.520455"
"17350","7","1893.70","13.335915"
"16631","7","1892.52","23.656500"
"13276","5","1891.91","7.915941"
"15381","5","1890.57","78.773750"
"14912","6","1889.25","29.988095"
"17609","11","1887.90","4.903636"
"16172","8","1884.55","16.677434"
"14403","6","1880.51","75.220400"
"16660","7","1879.55","78.314583"
"18151","6","1879.44","17.730566"
"17227","12","1878.93","16.481842"
"15197","6","1877.51","31.822203"
"13946","6","1876.23","33.504107"
"16426","10","1863.76","5.279773"
"14887","1","1862.00","310.333333"
"13503","6","1859.24","9.837249"
"14305","3","1858.96","17.704381"
"14130","4","1858.77","8.448955"
"16043","8","1856.59","25.432740"
"15081","12","1854.57","18.362079"
"16049","6","1852.15","3.818866"
"16917","2","1851.88","37.037600"
"12383","5","1850.56","18.692525"
"12381","5","1845.31","21.210460"
"12507","4","1844.06","37.633878"
"18180","6","1843.75","15.493697"
"12694","3","1843.35","22.209036"
"12950","3","1843.00","80.130435"
"15201","7","1842.95","18.429500"
"16102","3","1842.14","32.318246"
"14224","9","1841.71","8.042402"
"13168","5","1840.73","10.640058"
"17919","2","1840.32","46.008000"
"15822","6","1840.06","28.308615"
"14870","6","1838.95","28.291538"
"13924","6","1838.85","15.716667"
"17015","3","1838.61","8.591636"
"16175","7","1836.44","18.739184"
"15402","6","1830.54","13.973588"
"16152","1","1829.04","63.070345"
"16825","5","1826.89","28.545156"
"17244","5","1826.04","15.217000"
"14896","8","1826.00","7.217391"
"15678","3","1825.94","19.847174"
"14715","8","1825.45","13.324453"
"13884","10","1825.03","10.027637"
"17642","5","1824.49","16.893426"
"16169","4","1822.97","21.446706"
"14738","9","1821.90","22.773750"
"15339","7","1821.02","8.277364"
"16205","7","1820.11","9.239137"
"17828","4","1820.09","27.165522"
"14553","9","1818.60","6.314583"
"16233","9","1818.31","24.908356"
"17787","4","1817.54","14.199531"
"15807","5","1817.52","20.653636"
"12494","9","1815.27","16.808056"
"16880","8","1813.21","9.908251"
"14915","11","1811.25","20.125000"
"16474","7","1810.65","5.372849"
"14893","3","1809.61","17.071792"
"15530","5","1808.68","12.737183"
"17888","25","1807.44","11.296500"
"15133","5","1806.90","36.875510"
"13561","11","1803.40","7.875109"
"18161","6","1803.10","19.388172"
"14723","11","1803.06","4.334279"
"16797","5","1802.02","4.527688"
"16249","5","1800.07","26.087971"
"18235","3","1796.48","17.273846"
"18236","12","1795.35","18.319898"
"17165","6","1794.32","17.943200"
"14708","5","1793.22","43.737073"
"18122","6","1793.06","5.022577"
"13711","9","1792.26","19.481087"
"13375","2","1792.23","25.242676"
"12369","3","1791.15","19.259677"
"17603","4","1788.38","16.871509"
"13782","13","1786.08","7.504538"
"15608","5","1785.98","17.009333"
"16611","6","1785.13","16.228455"
"15452","6","1785.11","8.970402"
"15128","5","1783.68","14.501463"
"16110","4","1781.59","4.143233"
"18214","4","1780.34","30.695517"
"15220","6","1778.96","15.204786"
"16770","9","1778.93","5.247581"
"16510","6","1777.50","15.870536"
"12458","4","1777.49","21.160595"
"12908","5","1776.00","355.200000"
"12778","9","1775.68","15.576140"
"13920","4","1774.68","20.635814"
"16124","4","1772.49","21.615732"
"15594","5","1771.78","17.201748"
"14850","7","1770.96","9.081846"
"14933","4","1770.00","442.500000"
"15972","5","1769.33","12.728993"
"15736","2","1767.12","17.671200"
"13456","6","1766.72","28.043175"
"16751","1","1764.72","70.588800"
"13648","8","1764.02","16.641698"
"13717","8","1763.30","14.220161"
"12784","3","1763.15","13.667829"
"15777","7","1762.61","45.195128"
"16511","6","1760.49","5.791086"
"16620","6","1758.93","18.712021"
"16266","14","1757.95","16.127982"
"16595","5","1757.75","3.888827"
"12809","3","1755.94","21.678272"
"14704","11","1752.92","3.852571"
"14522","8","1748.42","38.853778"
"16639","4","1747.98","21.580000"
"13808","5","1747.66","22.995526"
"17695","5","1746.04","28.623607"
"16348","8","1744.42","6.894941"
"16380","1","1743.15","56.230645"
"15605","9","1741.95","17.595455"
"12425","2","1741.41","19.136374"
"16087","5","1739.92","173.992000"
"17974","6","1739.09","4.817424"
"14584","8","1738.16","7.973211"
"14075","6","1734.87","21.418148"
"17268","11","1733.89","57.796333"
"13026","9","1733.08","21.135122"
"14400","3","1732.47","23.732466"
"17432","9","1728.99","6.310182"
"16891","11","1727.94","4.133828"
"14387","3","1727.60","12.428777"
"16809","9","1727.43","6.669614"
"15730","5","1726.58","15.554775"
"17190","7","1726.57","9.087211"
"14304","3","1725.01","19.602386"
"13363","3","1723.86","16.900588"
"16374","5","1723.40","4.980925"
"17135","10","1722.18","12.043217"
"17451","7","1721.40","17.214000"
"16119","8","1720.81","31.866852"
"15267","5","1717.36","156.123636"
"13705","7","1717.19","23.205270"
"14021","7","1716.58","19.073111"
"17162","10","1715.46","16.494808"
"14692","12","1715.14","10.787044"
"14741","7","1713.09","22.540658"
"18239","6","1712.26","17.836042"
"14447","6","1711.73","16.148396"
"13665","3","1711.66","16.147736"
"17750","9","1710.45","9.295924"
"12405","1","1710.39","31.673889"
"13104","9","1709.10","56.970000"
"17731","6","1708.99","17.262525"
"15607","9","1708.97","15.678624"
"15947","1","1708.24","58.904828"
"12407","5","1708.12","22.183377"
"16902","1","1706.88","38.792727"
"13309","6","1706.37","13.125923"
"16398","2","1705.80","20.802439"
"14859","5","1705.64","25.843030"
"12693","7","1703.02","21.557215"
"15326","5","1700.52","13.182326"
"15911","8","1700.24","6.590078"
"16768","9","1698.57","10.550124"
"12932","8","1698.56","17.879579"
"17813","5","1698.07","4.879511"
"17694","3","1695.97","20.937901"
"16899","8","1695.77","9.802139"
"16010","11","1694.86","5.864567"
"15976","6","1694.41","4.482566"
"12764","1","1693.88","37.641778"
"14245","2","1693.45","15.680093"
"16671","3","1692.27","282.045000"
"13838","10","1690.07","4.193722"
"13294","3","1689.53","16.564020"
"13566","5","1688.60","4.613661"
"16725","14","1688.26","4.851322"
"12813","3","1687.80","37.506667"
"12775","7","1686.12","20.816296"
"13516","4","1685.26","27.627213"
"14643","5","1679.89","27.095000"
"15551","7","1679.81","11.746923"
"13800","3","1679.56","23.007671"
"12870","3","1676.95","18.031720"
"14831","3","1676.57","20.445976"
"13149","4","1676.06","19.489070"
"17656","5","1674.69","20.423049"
"13587","4","1673.50","55.783333"
"13308","4","1670.37","23.526338"
"13417","6","1669.49","21.681688"
"13184","10","1668.95","9.323743"
"17534","5","1668.83","18.139457"
"13434","5","1666.86","47.624571"
"13064","6","1666.84","17.923011"
"15192","5","1666.39","18.311978"
"17321","6","1665.21","6.144686"
"16329","4","1664.92","16.008846"
"12912","5","1662.30","69.262500"
"15214","8","1661.44","15.104000"
"15649","4","1660.35","150.940909"
"14583","8","1660.29","3.578211"
"18096","6","1657.87","4.240077"
"18276","6","1656.52","17.622553"
"17041","6","1655.20","13.136508"
"16625","5","1654.03","16.707374"
"16813","10","1652.18","3.878357"
"12911","1","1651.72","6.998814"
"16634","6","1649.81","19.877229"
"12657","4","1643.18","34.961277"
"14420","4","1639.17","17.625484"
"12933","8","1636.63","5.663080"
"12398","1","1635.66","19.243059"
"17006","8","1635.27","12.676512"
"15310","1","1634.64","36.325333"
"18062","6","1632.67","30.234630"
"14164","2","1631.77","56.267931"
"18136","5","1631.36","18.538182"
"17571","5","1630.91","5.018185"
"14904","4","1630.49","11.563759"
"16256","3","1629.37","56.185172"
"13554","7","1629.35","8.313010"
"15167","5","1627.62","5.354013"
"14759","3","1625.97","15.940882"
"13154","3","1624.84","17.471398"
"15172","5","1624.05","14.764091"
"14937","3","1621.88","47.702353"
"12379","4","1620.22","20.002716"
"15422","7","1619.97","13.499750"
"12577","8","1617.10","5.426510"
"16224","5","1616.54","13.935690"
"14336","4","1614.91","17.943444"
"15013","10","1610.82","4.737706"
"16860","3","1610.62","37.456279"
"13900","6","1610.59","16.953579"
"17814","2","1609.37","11.254336"
"12847","2","1609.00","13.521008"
"13249","9","1608.93","45.969429"
"14920","3","1607.17","16.568763"
"12947","6","1603.99","16.535979"
"17515","9","1602.51","8.952570"
"15325","8","1601.46","7.149375"
"14178","7","1600.26","5.032264"
"14885","3","1598.12","51.552258"
"12514","2","1597.76","19.020952"
"15134","10","1596.29","18.779882"
"17853","3","1596.29","15.202762"
"13850","1","1595.48","17.155699"
"13239","5","1594.69","17.147204"
"16801","4","1594.23","21.256400"
"17028","3","1593.83","16.777158"
"15289","5","1593.09","16.423608"
"17540","6","1590.60","24.853125"
"16092","6","1587.94","17.643778"
"17345","10","1586.63","7.591531"
"13156","3","1586.54","15.255192"
"16096","4","1584.97","24.014697"
"13740","5","1582.77","16.837979"
"17867","15","1582.05","12.169615"
"14719","5","1581.84","6.731234"
"15279","5","1580.54","16.814255"
"13202","7","1580.30","22.902899"
"14587","9","1580.29","4.259542"
"13752","7","1579.83","16.806702"
"12607","1","1579.51","15.638713"
"17222","6","1579.51","14.102768"
"17649","3","1578.89","16.111122"
"13186","3","1575.89","19.947975"
"12549","6","1575.68","32.156735"
"13337","1","1575.26","18.106437"
"14489","4","1574.93","15.749300"
"16099","7","1573.20","22.800000"
"17886","6","1572.55","9.473193"
"14136","5","1570.81","14.818962"
"14198","9","1569.73","17.249780"
"13539","7","1569.36","18.248372"
"17624","4","1568.63","16.171443"
"16774","8","1567.48","11.965496"
"17235","8","1562.98","17.561573"
"13939","7","1560.96","14.190545"
"15466","4","1560.46","5.955954"
"12629","2","1558.22","34.627111"
"14236","5","1555.34","33.092340"
"16394","5","1555.34","18.739036"
"15149","5","1554.61","22.530580"
"18149","7","1553.96","17.076484"
"13360","4","1553.65","23.540152"
"14078","9","1553.47","10.496419"
"15074","3","1553.13","21.571250"
"13377","2","1552.88","19.908718"
"17851","6","1552.35","6.691164"
"17323","12","1551.04","4.685921"
"14987","8","1550.65","103.376667"
"14186","5","1550.63","14.909904"
"16366","4","1548.13","19.847821"
"17454","10","1547.94","12.285238"
"14754","6","1547.93","11.381838"
"16461","3","1545.83","6.134246"
"16790","6","1545.62","16.619570"
"16017","5","1545.58","11.889077"
"18036","11","1545.49","4.740767"
"15732","10","1543.97","15.595657"
"16915","11","1543.18","20.853784"
"13783","4","1542.09","154.209000"
"12818","1","1542.08","110.148571"
"17837","8","1541.23","9.513765"
"13310","5","1541.20","16.223158"
"15987","8","1535.99","9.088698"
"15798","3","1535.37","18.498434"
"14695","3","1534.22","18.710000"
"18252","7","1533.69","11.445448"
"16491","2","1533.16","17.622529"
"14567","2","1530.36","46.374545"
"15701","4","1529.00","6.647826"
"17990","6","1527.61","26.800175"
"12926","4","1523.97","5.816679"
"16244","2","1522.75","16.733516"
"15587","7","1522.08","108.720000"
"16066","5","1521.04","15.059802"
"14055","3","1520.96","46.089697"
"14264","6","1517.36","19.207089"
"14068","4","1516.72","14.043704"
"14267","3","1516.24","27.568000"
"13791","2","1516.00","137.818182"
"14220","4","1515.00","39.868421"
"14682","6","1514.81","17.614070"
"17764","5","1513.57","10.158188"
"17610","5","1511.94","9.817792"
"17977","2","1511.45","14.533173"
"16037","5","1509.34","21.258310"
"15948","3","1509.09","15.885158"
"16910","8","1508.96","2.768734"
"13158","5","1508.18","15.081800"
"15261","4","1508.00","16.391304"
"17179","6","1507.26","9.539620"
"18022","5","1507.25","3.546471"
"15110","6","1505.85","28.412264"
"16450","3","1505.73","35.016977"
"14802","2","1502.98","751.490000"
"13810","3","1499.01","42.828857"
"16714","4","1497.33","13.612091"
"15590","5","1496.60","17.202299"
"16340","3","1496.24","4.191148"
"15173","7","1494.60","17.379070"
"14894","3","1492.81","32.452391"
"16239","6","1492.20","42.634286"
"16314","3","1491.40","24.054839"
"18268","6","1490.23","22.242239"
"13042","3","1488.59","8.090163"
"17290","8","1487.96","7.591633"
"14609","10","1486.20","114.323077"
"16654","8","1484.07","20.055000"
"15630","3","1481.40","18.517500"
"15101","6","1477.94","25.481724"
"13240","8","1475.79","7.342239"
"14246","3","1474.06","19.654133"
"16907","9","1470.89","7.037751"
"17590","3","1468.02","7.489898"
"13500","4","1466.30","17.250588"
"16419","8","1463.70","16.263333"
"12882","2","1463.04","112.541538"
"16586","3","1462.78","52.242143"
"18196","4","1457.19","5.260614"
"16835","6","1456.66","17.764146"
"14829","7","1455.87","15.998571"
"15071","4","1455.56","26.954815"
"16569","5","1455.23","41.578000"
"13649","6","1453.68","13.460000"
"12970","10","1453.60","4.213333"
"17259","6","1452.39","6.314739"
"13165","3","1451.16","29.615510"
"13361","2","1450.50","42.661765"
"14657","6","1450.19","6.938708"
"16121","5","1450.04","4.215233"
"15876","2","1449.14","131.740000"
"13023","3","1449.03","19.066184"
"15076","3","1447.74","18.096750"
"17582","5","1446.95","11.860246"
"17073","4","1446.09","8.310862"
"13583","2","1445.03","15.210842"
"15636","4","1444.58","25.343509"
"17175","4","1443.69","22.915714"
"17734","6","1442.32","16.771163"
"18106","6","1441.06","7.544817"
"18066","3","1440.40","27.177358"
"13543","2","1439.61","30.630000"
"14071","8","1437.57","4.450681"
"16088","2","1437.43","239.571667"
"13278","4","1435.85","13.294907"
"12805","4","1434.95","24.740517"
"16140","3","1433.46","22.397813"
"12389","3","1433.33","29.251633"
"17941","4","1433.28","204.754286"
"13531","6","1433.07","19.107600"
"13475","4","1431.78","16.648605"
"15427","3","1430.54","4.899110"
"15468","3","1430.48","17.881000"
"14684","6","1430.03","2.942449"
"13159","4","1429.35","11.911250"
"15889","8","1427.60","4.742857"
"14412","3","1426.19","16.978452"
"17411","5","1425.38","19.005067"
"18221","6","1424.94","16.963571"
"16980","3","1422.83","13.422925"
"17438","5","1422.77","20.039014"
"15106","5","1422.52","14.225200"
"16463","4","1422.40","17.346341"
"14019","3","1421.61","21.539545"
"15799","4","1421.34","9.229481"
"16173","6","1418.32","16.884762"
"17856","4","1418.03","94.535333"
"15223","5","1417.95","41.704412"
"16245","3","1413.66","15.707333"
"17496","4","1412.89","19.623472"
"15237","4","1412.32","14.265859"
"16848","4","1411.62","16.607294"
"15444","2","1411.21","6.594439"
"16906","7","1410.92","6.624038"
"17714","5","1410.18","17.409630"
"17545","6","1409.86","5.422538"
"16854","2","1408.96","18.786133"
"13049","4","1408.24","54.163077"
"12695","7","1407.12","23.849492"
"15652","5","1405.94","13.783725"
"14909","3","1404.68","17.558500"
"12765","6","1404.58","20.655588"
"18189","3","1403.73","16.322442"
"15186","5","1403.20","26.984615"
"13259","9","1402.54","4.480958"
"14687","3","1402.06","35.051500"
"18202","3","1396.99","20.543971"
"16129","3","1396.05","14.542188"
"15322","2","1390.86","16.757349"
"15141","7","1388.47","17.355875"
"12952","4","1387.79","17.566962"
"13382","5","1387.58","16.134651"
"15996","7","1386.40","8.013873"
"16167","5","1386.12","22.001905"
"18167","3","1384.86","37.428649"
"13572","1","1384.25","41.946970"
"14116","5","1382.74","19.204722"
"16389","4","1382.07","40.649118"
"14861","10","1380.73","16.055000"
"15751","11","1380.44","10.618769"
"13821","6","1379.08","6.760196"
"17878","3","1378.93","16.816220"
"13074","4","1378.74","47.542759"
"12886","2","1378.40","16.809756"
"16727","4","1377.77","6.720829"
"14853","5","1376.87","44.415161"
"14662","7","1376.43","5.783319"
"15580","8","1375.39","6.112844"
"13579","5","1374.34","16.967160"
"14265","4","1373.35","17.384177"
"14434","6","1372.80","114.400000"
"15453","7","1371.77","4.916738"
"14538","5","1370.84","26.362308"
"13155","6","1370.48","12.236429"
"14316","5","1370.34","44.204516"
"12533","2","1367.89","18.998472"
"16300","3","1367.32","5.745042"
"13035","3","1364.20","32.480952"
"14577","7","1364.15","7.495330"
"14114","7","1364.09","18.433649"
"13760","5","1363.64","11.459160"
"16588","4","1361.28","19.172958"
"13396","2","1360.99","31.650930"
"13919","4","1360.68","17.671169"
"16384","4","1358.95","16.777160"
"17150","6","1357.95","14.760326"
"17429","5","1357.46","14.289053"
"12875","5","1356.99","169.623750"
"17054","5","1356.33","16.341325"
"15116","4","1352.75","30.061111"
"16079","3","1352.00","64.380952"
"16367","3","1350.48","6.055964"
"17025","5","1349.67","36.477568"
"14847","3","1348.95","21.757258"
"15411","4","1348.93","13.764592"
"16669","3","1348.88","8.646667"
"12646","2","1346.97","29.932667"
"14320","5","1346.75","16.626543"
"13639","2","1346.27","22.818136"
"15398","2","1345.53","18.431918"
"12426","2","1345.21","17.470260"
"14550","4","1345.06","13.866598"
"12463","4","1344.78","16.202169"
"15154","3","1343.72","7.767168"
"14618","7","1342.32","26.320000"
"18085","4","1341.85","21.642742"
"13743","7","1341.60","32.721951"
"17499","2","1341.39","18.892817"
"17951","4","1340.58","47.877857"
"12620","3","1339.41","14.558804"
"12711","2","1339.05","22.317500"
"12591","3","1338.95","19.690441"
"13803","3","1338.91","17.165513"
"13506","5","1338.08","16.519506"
"13220","5","1336.09","25.209245"
"12919","6","1335.19","26.703800"
"17033","4","1332.79","33.319750"
"17932","3","1331.57","14.795222"
"14899","1","1331.38","10.320775"
"16295","4","1328.55","16.817089"
"13232","7","1328.35","6.575990"
"14712","4","1328.07","41.502188"
"15146","2","1327.16","14.584176"
"14956","1","1325.00","331.250000"
"12960","4","1322.07","18.886714"
"14591","4","1320.21","7.501193"
"12526","3","1316.66","18.544507"
"14921","2","1316.07","16.872692"
"14511","5","1314.81","19.335441"
"14973","3","1314.45","41.076563"
"16296","4","1313.67","17.752297"
"13282","4","1313.19","25.748824"
"12364","4","1313.10","15.448235"
"16756","7","1312.37","16.612278"
"12639","3","1312.37","20.505781"
"12987","5","1312.21","19.881970"
"17027","9","1310.63","7.363090"
"13855","4","1310.34","17.949863"
"12717","3","1308.91","18.435352"
"13328","1","1308.48","76.969412"
"16377","2","1308.48","130.848000"
"13846","4","1307.79","16.145556"
"16282","3","1307.58","39.623636"
"16894","3","1306.96","6.989091"
"15677","3","1305.63","18.133750"
"14297","4","1305.33","21.053710"
"15813","2","1303.91","32.597750"
"15400","8","1302.30","48.233333"
"16370","4","1301.91","5.890995"
"16574","3","1301.78","15.136977"
"15108","4","1300.25","21.670833"
"14284","3","1299.65","19.397761"
"14480","4","1299.52","19.992615"
"16943","5","1299.49","37.128286"
"16464","3","1298.66","5.646348"
"12488","3","1298.66","23.612000"
"12372","3","1298.04","24.962308"
"18286","2","1296.43","19.349701"
"16929","7","1295.39","16.823247"
"13440","7","1295.25","21.953390"
"16212","4","1293.71","16.586026"
"15621","4","1293.03","80.814375"
"16777","5","1292.18","9.099859"
"15471","3","1292.01","8.335548"
"16744","7","1291.91","5.474195"
"17109","8","1291.71","9.292878"
"14619","2","1291.24","21.520667"
"14856","3","1290.53","19.854308"
"16372","5","1290.31","4.096222"
"15171","1","1289.50","257.900000"
"14679","3","1289.44","20.467302"
"15774","6","1288.34","11.712182"
"15136","4","1286.70","18.922059"
"16608","2","1286.62","10.633223"
"16949","6","1286.27","21.437833"
"13300","3","1285.51","23.372909"
"13617","8","1278.75","11.950935"
"17521","5","1278.06","16.385385"
"16951","3","1277.75","14.857558"
"14478","4","1276.66","18.774412"
"17034","5","1276.42","22.007241"
"13916","4","1275.81","17.240676"
"17142","4","1275.25","14.328652"
"14820","9","1274.76","19.918125"
"15809","7","1274.44","21.973103"
"14167","8","1274.29","11.080783"
"13138","7","1274.01","14.988353"
"14490","2","1273.47","15.918375"
"13443","6","1273.16","6.365800"
"17478","2","1272.80","31.820000"
"12394","2","1272.48","47.128889"
"17341","5","1272.21","5.809178"
"16222","2","1272.05","8.772759"
"12630","2","1270.88","19.857500"
"13492","3","1269.84","25.396800"
"15439","4","1269.05","22.264035"
"15584","6","1268.20","5.764545"
"13892","6","1267.65","35.212500"
"17037","1","1267.32","16.897600"
"17531","3","1266.82","21.841724"
"14487","7","1266.27","7.537321"
"13515","6","1265.82","16.655526"
"17635","3","1265.58","17.102432"
"14379","4","1265.16","9.884063"
"16842","3","1264.19","20.066508"
"14427","4","1263.52","28.716364"
"17759","5","1261.88","9.487820"
"16688","4","1260.86","20.336452"
"14984","6","1260.51","23.342778"
"18035","5","1260.23","22.109298"
"17343","6","1259.94","15.749250"
"12993","8","1259.63","16.574079"
"13689","2","1259.50","139.944444"
"15009","3","1259.43","6.996833"
"15651","5","1259.06","20.984333"
"14474","2","1258.89","9.912520"
"14931","5","1257.68","30.675122"
"12402","6","1256.90","17.955714"
"17481","4","1255.59","15.312073"
"17862","4","1254.89","12.675657"
"14419","7","1254.64","5.576178"
"15064","4","1254.41","15.486543"
"15441","3","1254.21","22.003684"
"15664","4","1254.03","17.914714"
"16292","5","1253.76","20.221935"
"14725","4","1252.74","12.527400"
"15579","5","1250.63","7.767888"
"15599","3","1250.06","15.060964"
"18135","10","1249.62","33.773514"
"14020","4","1249.01","17.347361"
"12666","1","1248.42","40.271613"
"14383","3","1247.69","21.147288"
"12689","2","1247.61","17.327917"
"14240","3","1247.49","20.450656"
"13860","5","1245.90","16.393421"
"17076","6","1242.75","24.855000"
"17529","2","1240.25","15.125000"
"13863","4","1239.55","17.707857"
"12985","2","1239.38","16.307632"
"17796","7","1236.39","6.090591"
"14231","4","1235.62","17.907536"
"13201","4","1233.06","14.337907"
"12605","4","1232.95","16.223026"
"16527","2","1232.94","16.889589"
"16159","4","1232.79","23.707500"
"18080","2","1231.50","615.750000"
"16723","4","1231.36","9.930323"
"14821","7","1230.15","17.828261"
"12673","3","1230.02","16.621892"
"13019","6","1229.95","22.362727"
"14871","9","1228.17","6.330773"
"17342","4","1227.54","35.072571"
"12866","3","1227.35","19.481746"
"15800","7","1227.07","5.289095"
"13402","4","1226.85","15.529747"
"15269","3","1225.36","35.010286"
"15303","3","1224.18","17.741739"
"14428","5","1224.06","8.934745"
"13787","6","1222.50","14.215116"
"16946","5","1222.04","16.293867"
"15376","3","1221.56","10.530690"
"17132","2","1220.91","17.195915"
"14430","3","1220.90","34.882857"
"15004","1","1220.77","7.927078"
"13243","5","1220.38","5.953073"
"13299","3","1218.70","19.656452"
"13304","4","1217.99","15.615256"
"14698","5","1217.27","6.086350"
"15390","2","1216.66","15.800779"
"14512","7","1215.97","15.392025"
"15661","8","1215.95","27.635227"
"17410","5","1214.72","18.980000"
"13405","6","1213.81","28.900238"
"18263","3","1213.16","19.887869"
"16872","6","1213.13","67.396111"
"13918","2","1212.84","40.428000"
"16653","2","1212.66","17.574783"
"12464","8","1212.05","41.794828"
"15377","4","1211.75","57.702381"
"14193","3","1210.19","18.909219"
"17653","4","1207.56","27.444545"
"16830","4","1207.50","16.100000"
"18193","3","1207.35","17.247857"
"16762","3","1207.24","19.162540"
"12742","1","1201.52","17.933134"
"17360","6","1200.51","5.242402"
"14446","5","1200.28","3.762633"
"15181","5","1200.20","60.010000"
"15600","4","1199.31","16.891690"
"17397","3","1198.28","8.942388"
"17713","4","1198.09","15.764342"
"16307","3","1194.92","15.932267"
"15145","4","1194.73","17.831791"
"13723","6","1194.08","20.587586"
"14382","2","1193.63","4.278244"
"14201","10","1193.54","21.700727"
"12611","1","1193.32","18.358769"
"13293","6","1192.94","16.568611"
"13976","4","1192.36","21.292143"
"14213","1","1192.20","238.440000"
"16501","1","1191.23","5.986080"
"13882","5","1191.13","18.325077"
"16471","4","1189.98","19.193226"
"12462","2","1189.59","19.186935"
"17239","4","1189.45","37.170313"
"14275","6","1189.38","51.712174"
"18057","3","1188.46","8.869104"
"15573","5","1188.42","5.632322"
"18181","5","1188.34","6.676067"
"15737","8","1188.12","16.734085"
"17800","9","1187.21","11.526311"
"13388","3","1185.65","17.183333"
"18060","2","1185.46","15.806133"
"14206","3","1185.01","16.690282"
"15259","4","1182.38","20.743509"
"17021","6","1182.22","24.629583"
"13526","2","1182.00","26.863636"
"13395","3","1180.23","14.570741"
"18277","5","1180.05","18.438281"
"17058","3","1179.89","19.030484"
"16614","3","1179.79","24.077347"
"16693","5","1179.48","7.020714"
"13797","3","1179.45","15.121154"
"16345","2","1178.79","10.914722"
"18025","6","1177.72","10.515357"
"17539","4","1176.84","8.172500"
"13233","4","1176.46","15.479737"
"15210","3","1176.19","17.555075"
"14370","6","1175.78","26.722273"
"15994","3","1175.68","10.885926"
"12885","3","1175.22","16.552394"
"15068","4","1174.90","5.389450"
"12640","3","1174.58","22.161887"
"14126","4","1172.46","27.266512"
"12691","7","1170.40","30.010256"
"18071","6","1169.68","16.474366"
"16926","5","1169.61","12.183438"
"17373","7","1167.50","12.829670"
"13497","6","1166.83","20.117759"
"17950","7","1166.29","7.068424"
"17664","4","1166.23","14.577875"
"14693","7","1165.36","15.538133"
"14261","2","1163.45","22.374038"
"16800","1","1162.65","7.452885"
"15347","4","1162.00","32.277778"
"17525","3","1161.90","44.688462"
"12546","2","1161.50","16.833333"
"12972","4","1161.20","15.080519"
"13897","3","1160.72","19.673220"
"13459","2","1160.41","15.896027"
"15088","2","1160.07","20.352105"
"17978","4","1159.99","17.313284"
"13601","4","1159.99","6.270216"
"16838","4","1159.61","19.654407"
"13499","5","1159.11","27.597857"
"17513","3","1158.80","64.377778"
"16184","6","1158.79","25.750889"
"17169","3","1156.73","15.423067"
"14788","3","1156.32","19.936552"
"17127","5","1155.03","31.217027"
"16637","4","1154.47","16.731449"
"13462","5","1153.85","16.251408"
"14818","6","1153.56","11.091923"
"17984","5","1152.19","4.761116"
"14475","4","1151.15","23.982292"
"12475","2","1149.64","18.846557"
"12710","3","1149.02","14.922338"
"14308","2","1147.02","573.510000"
"15038","9","1146.53","4.878851"
"16766","2","1145.60","33.694118"
"17477","2","1144.30","26.006818"
"12769","1","1143.60","35.737500"
"17097","9","1143.36","4.282247"
"17770","5","1143.27","30.086053"
"14585","5","1143.27","10.299730"
"17201","4","1143.10","6.684795"
"12439","2","1142.88","16.096901"
"17908","5","1142.47","5.492644"
"13856","11","1142.03","21.148704"
"16270","1","1141.24","21.134074"
"16521","3","1140.11","4.810591"
"15586","3","1139.10","29.976316"
"17500","3","1138.00","227.600000"
"15879","4","1137.80","6.356425"
"17302","5","1135.63","14.375063"
"17866","3","1134.95","43.651923"
"13109","3","1134.03","16.200429"
"15022","5","1133.44","8.096000"
"16989","6","1133.25","94.437500"
"18125","4","1131.75","5.894531"
"15500","4","1131.56","16.640588"
"13393","4","1131.45","16.397826"
"12616","3","1131.10","20.946296"
"15695","4","1131.04","19.170169"
"17622","2","1130.21","29.742368"
"13447","3","1129.14","19.137966"
"13145","7","1128.52","125.391111"
"14450","7","1128.44","14.847895"
"12373","3","1127.65","22.110784"
"14671","2","1127.45","20.499091"
"15969","5","1127.05","32.201429"
"12503","1","1126.00","563.000000"
"13167","5","1125.15","13.890741"
"16306","7","1124.72","16.786866"
"14479","4","1124.71","8.091439"
"15882","8","1124.66","19.062034"
"13778","4","1124.49","25.556591"
"14917","2","1123.75","38.750000"
"17492","3","1122.42","28.780000"
"13486","3","1122.41","16.266812"
"17562","7","1122.38","17.815556"
"18218","4","1121.84","29.522105"
"13368","4","1121.50","21.567308"
"13589","6","1120.74","21.552692"
"16955","6","1120.31","22.406200"
"17007","7","1120.10","16.717910"
"16354","5","1119.46","7.996143"
"17423","3","1118.95","26.022093"
"16430","7","1117.94","39.926429"
"17788","2","1117.90","223.580000"
"16278","3","1117.84","20.324364"
"16769","4","1117.05","11.515979"
"14080","5","1115.68","13.441928"
"13509","8","1114.72","22.749388"
"14672","4","1113.14","10.501321"
"12679","4","1113.02","23.187917"
"12648","4","1112.00","17.107692"
"16139","5","1111.15","19.493860"
"16702","4","1110.83","12.206923"
"15069","1","1109.53","15.850429"
"15559","1","1109.40","17.893548"
"15828","1","1108.82","14.984054"
"15933","3","1107.46","14.965676"
"14375","3","1106.82","5.399122"
"14891","4","1106.73","17.567143"
"14102","5","1105.88","19.066897"
"12434","3","1103.43","15.763286"
"16895","5","1102.90","6.766258"
"14948","6","1101.97","17.491587"
"13295","4","1101.97","16.447313"
"15574","6","1101.44","4.788870"
"12785","3","1100.40","19.650000"
"16014","5","1100.28","4.001018"
"14009","3","1099.91","14.863649"
"17137","6","1099.81","6.585689"
"12421","6","1098.60","16.901538"
"14971","3","1097.98","7.083742"
"13835","7","1095.27","15.426338"
"17703","4","1094.84","14.036410"
"15745","4","1094.59","17.654677"
"14460","9","1093.50","26.035714"
"12803","1","1092.81","19.869273"
"17726","7","1092.06","17.063438"
"14199","4","1091.70","60.650000"
"16805","5","1091.34","4.382892"
"16211","3","1090.59","30.294167"
"13853","1","1090.14","47.397391"
"12534","1","1089.18","17.288571"
"15254","3","1088.35","16.244030"
"16188","5","1087.66","14.698108"
"16223","2","1087.05","8.837805"
"15763","2","1086.92","17.818361"
"14139","4","1086.80","15.750725"
"13546","5","1086.24","7.146316"
"16298","7","1085.70","23.100000"
"14013","5","1084.57","15.949559"
"16533","3","1082.81","6.152330"
"14805","7","1082.55","8.524016"
"14083","11","1082.19","5.849676"
"14561","3","1080.76","15.663188"
"13744","2","1080.52","17.151111"
"13726","2","1079.66","25.706190"
"14343","4","1079.66","4.613932"
"12354","1","1079.40","18.610345"
"13567","4","1079.29","5.369602"
"15546","2","1079.10","89.925000"
"14352","4","1078.96","22.956596"
"13656","4","1078.85","12.400575"
"16183","4","1077.81","26.288049"
"16642","3","1077.45","19.952778"
"17366","2","1077.24","8.223206"
"16071","4","1076.80","14.750685"
"13607","2","1075.81","8.890992"
"15912","9","1074.70","11.312632"
"16231","4","1074.47","10.744700"
"13727","8","1074.15","12.941566"
"15238","3","1071.99","21.439800"
"13467","2","1071.91","10.937857"
"12801","1","1071.82","21.436400"
"13521","3","1071.73","2.563947"
"16593","8","1071.14","13.732564"
"14484","4","1070.98","20.207170"
"16884","4","1070.97","14.472568"
"17522","5","1070.71","14.667260"
"12728","5","1070.17","17.543770"
"17871","5","1068.95","12.878916"
"17854","6","1068.50","9.055085"
"16386","3","1068.16","7.684604"
"15436","3","1067.75","3.669244"
"15626","3","1067.52","13.344000"
"17277","2","1065.35","15.439855"
"15639","3","1065.08","15.435942"
"13959","6","1064.77","6.781975"
"14488","1","1064.28","23.136522"
"14966","6","1064.26","7.048079"
"15801","3","1063.95","16.624219"
"12936","4","1063.90","17.159677"
"17849","8","1063.76","21.275200"
"12815","2","1063.46","22.626809"
"14411","1","1063.00","75.928571"
"15706","4","1060.56","19.282909"
"17727","1","1060.25","16.064394"
"17421","3","1059.41","18.265690"
"18130","3","1059.39","15.134143"
"17214","6","1059.12","10.486337"
"14734","4","1056.42","16.768571"
"15645","3","1055.17","15.517206"
"13065","5","1055.05","17.016935"
"13140","5","1054.92","10.046857"
"15977","2","1054.73","16.226615"
"12716","2","1053.49","15.267971"
"12580","2","1052.90","18.153448"
"15886","4","1052.87","16.981774"
"15855","6","1052.72","11.081263"
"16391","4","1052.26","3.461382"
"14947","6","1049.79","19.440556"
"13775","1","1049.66","16.661270"
"17934","3","1049.15","25.589024"
"15026","5","1048.89","7.600652"
"15839","3","1048.49","16.911129"
"16728","4","1048.28","3.985856"
"17578","7","1047.33","16.112769"
"17474","1","1047.00","174.500000"
"15407","4","1046.74","7.072568"
"15091","3","1046.61","18.361579"
"17555","5","1045.74","3.961136"
"14108","4","1044.96","20.095385"
"15464","1","1044.65","6.739677"
"15535","6","1044.37","8.033615"
"13359","2","1043.31","18.630536"
"16903","3","1041.75","5.723901"
"16991","1","1041.21","14.070405"
"16261","6","1041.16","6.387485"
"13613","5","1039.85","17.624576"
"13873","8","1038.92","17.315333"
"12486","1","1037.28","21.168980"
"17042","5","1036.58","10.686392"
"14902","3","1035.62","17.552881"
"17926","5","1035.49","23.533864"
"16260","1","1035.45","57.525000"
"12811","5","1033.90","18.462500"
"17724","3","1033.00","25.825000"
"14248","3","1032.95","21.977660"
"13000","4","1032.50","16.653226"
"17405","3","1031.41","12.578171"
"13235","1","1031.07","17.777069"
"16198","2","1030.04","32.188750"
"16418","5","1028.74","6.594487"
"15333","1","1028.56","64.285000"
"16682","5","1028.00","34.266667"
"16227","3","1027.22","30.212353"
"15887","3","1027.15","27.760811"
"15003","6","1027.03","3.121672"
"17749","3","1026.18","18.003158"
"16160","2","1025.44","51.272000"
"13602","4","1025.17","17.675345"
"17310","2","1025.10","512.550000"
"14204","4","1024.83","4.658318"
"17362","7","1024.04","7.111389"
"16568","2","1020.90","204.180000"
"12572","2","1020.42","17.007000"
"13376","3","1019.76","19.240755"
"18142","2","1019.52","67.968000"
"18074","2","1019.44","23.707907"
"12403","2","1019.36","113.262222"
"13956","5","1019.27","6.933810"
"16441","5","1019.13","11.989765"
"12828","6","1018.71","18.191250"
"16284","3","1018.48","7.657744"
"12905","2","1018.42","18.859630"
"16787","4","1017.53","9.085089"
"15970","2","1017.32","42.388333"
"12652","2","1017.03","19.941765"
"13641","5","1016.47","23.101591"
"13333","3","1015.74","18.468000"
"14675","2","1015.58","4.595385"
"16623","4","1015.24","19.906667"
"12410","3","1013.71","25.342750"
"13466","5","1013.35","18.424545"
"12642","3","1013.26","21.558723"
"15951","3","1013.17","17.172373"
"16451","3","1013.15","15.586923"
"17197","1","1013.01","34.931379"
"17980","4","1012.72","16.601967"
"14775","3","1011.90","16.865000"
"13039","4","1010.73","18.376909"
"16572","3","1009.60","17.712281"
"13258","5","1009.43","22.941591"
"16287","5","1006.98","23.975714"
"13429","4","1006.80","15.026866"
"15850","6","1006.75","3.237138"
"13238","6","1006.63","21.417660"
"15771","3","1006.54","35.947857"
"12703","4","1006.53","13.601757"
"13427","6","1006.53","19.356346"
"13549","8","1005.80","17.047458"
"13867","3","1005.09","16.751500"
"14214","5","1004.38","14.990746"
"18160","3","1003.88","15.444308"
"16435","3","1003.07","8.024560"
"12446","1","1002.31","17.584386"
"13857","6","1001.01","7.820391"
"14255","1","1000.63","1000.630000"
"12545","2","1000.39","20.007800"
"15508","6","1000.27","10.872500"
"18143","2","1000.16","16.396066"
"13005","4","999.68","17.851429"
"12413","4","999.45","19.597059"
"17205","3","999.35","28.552857"
"17329","5","998.53","9.601250"
"17631","7","998.49","14.470870"
"12722","4","997.63","18.823208"
"13965","3","996.61","41.525417"
"16699","7","994.60","16.041935"
"13292","5","994.51","16.856102"
"17237","4","994.13","12.583924"
"15104","2","993.54","14.828955"
"17299","6","993.23","8.789646"
"14223","3","991.13","16.518833"
"13559","2","990.00","495.000000"
"13245","2","989.22","21.982667"
"17883","7","988.42","5.713410"
"15176","1","988.04","19.000769"
"16130","4","987.48","17.954182"
"18237","5","987.10","16.181967"
"13439","3","986.61","5.907844"
"12862","2","984.62","7.516183"
"17144","2","984.57","20.511875"
"15109","3","983.10","20.481250"
"12541","3","981.18","18.868846"
"12543","1","980.25","22.796512"
"14510","3","979.85","13.064667"
"14230","3","979.80","29.690909"
"15025","2","979.79","7.048849"
"17369","1","979.20","979.200000"
"13350","2","979.12","24.478000"
"14157","5","978.69","11.514000"
"15132","5","977.93","18.806346"
"14454","5","977.30","8.884545"
"17123","3","977.17","22.724884"
"17221","5","976.62","7.875968"
"15247","3","976.06","57.415294"
"15406","4","975.87","7.998934"
"17456","2","975.56","16.259333"
"12915","4","975.10","16.251667"
"16376","2","974.96","7.991475"
"15449","3","974.52","16.242000"
"12994","3","974.42","15.974098"
"17958","2","973.88","27.052222"
"12525","3","973.73","16.228833"
"16009","4","972.11","11.855000"
"16535","3","972.04","13.690704"
"14350","3","972.03","16.475085"
"17100","2","971.74","14.949846"
"14953","4","971.32","3.964571"
"15208","6","970.52","20.219167"
"18006","4","969.51","15.389048"
"13223","6","969.12","74.547692"
"16254","3","967.44","13.073514"
"13204","1","966.66","16.958947"
"14138","2","965.88","20.997391"
"17987","5","965.44","5.886829"
"15084","2","965.20","31.135484"
"12550","1","964.83","16.926842"
"16763","2","964.70","21.925000"
"15028","6","962.94","9.440588"
"15268","3","961.90","43.722727"
"15156","3","961.49","17.481636"
"16518","4","959.37","14.108382"
"12588","4","958.78","20.843043"
"18192","1","957.97","21.288222"
"12697","3","957.59","23.355854"
"17080","7","957.53","29.016061"
"12675","2","957.25","8.546875"
"17172","3","956.57","24.527436"
"16141","2","955.94","19.118800"
"12990","7","955.50","35.388889"
"14629","2","955.26","6.368400"
"16947","5","955.21","18.022830"
"12505","1","955.20","22.742857"
"15430","2","954.75","26.520833"
"17298","5","954.26","13.829855"
"15835","4","954.09","19.081800"
"17189","5","953.63","7.946917"
"17420","6","953.58","19.071600"
"12414","6","952.41","34.014643"
"14615","5","951.76","19.828333"
"17955","6","949.90","43.177273"
"12767","1","949.82","22.088837"
"17081","6","949.39","4.586425"
"13046","3","949.25","16.950893"
"13636","5","949.12","15.065397"
"15177","1","948.93","36.497308"
"12822","2","948.88","20.627826"
"12874","2","948.42","19.758750"
"12355","2","947.61","27.074571"
"17516","6","947.50","4.960733"
"16136","4","946.80","20.582609"
"14994","5","946.72","3.134834"
"16861","5","946.59","19.318163"
"17356","5","946.47","11.005465"
"16146","4","946.38","23.082439"
"18217","4","945.04","23.626000"
"17544","3","944.82","10.736591"
"13261","2","944.10","104.900000"
"16203","6","943.84","14.300606"
"16199","7","942.75","94.275000"
"17604","6","942.38","4.530673"
"15385","3","942.08","44.860952"
"14958","6","941.99","13.267465"
"14326","3","940.98","16.508421"
"13416","3","940.80","36.184615"
"13936","3","939.66","15.926441"
"16109","3","939.48","30.305806"
"17527","4","939.37","19.986596"
"17020","2","935.62","13.559710"
"14140","2","935.05","14.167424"
"15792","2","933.84","16.383158"
"15787","3","933.26","4.666300"
"16661","4","932.76","15.044516"
"18154","5","932.60","19.842553"
"18133","1","931.50","931.500000"
"12396","1","931.43","14.329692"
"13465","2","931.12","27.385882"
"14924","3","931.01","30.032581"
"15723","4","930.70","7.566667"
"14338","3","928.10","18.562000"
"13288","5","927.61","92.761000"
"15243","2","927.28","15.201311"
"17805","2","927.03","84.275455"
"16975","3","926.12","20.580444"
"12745","3","925.41","40.235217"
"13805","2","924.60","71.123077"
"14128","3","924.21","14.218615"
"18001","6","924.14","7.001061"
"16643","2","923.11","16.783818"
"17322","5","922.59","5.212373"
"15654","2","922.53","43.930000"
"13122","2","922.39","16.770727"
"17472","4","922.35","4.136099"
"16362","6","922.16","10.246222"
"13934","1","922.10","29.745161"
"14605","4","921.56","8.532963"
"12638","2","921.49","19.197708"
"15576","1","921.37","21.427209"
"15957","3","921.25","6.309932"
"14272","4","920.81","14.387656"
"17363","3","920.46","26.298857"
"12998","3","920.08","15.863448"
"14568","1","919.70","19.568085"
"13075","1","919.61","41.800455"
"13872","3","919.57","16.132807"
"16204","3","918.71","9.096139"
"14342","6","918.44","27.831515"
"12368","1","917.70","50.983333"
"14061","3","917.43","48.285789"
"14015","1","917.34","45.867000"
"15707","4","916.98","4.473073"
"14423","3","916.61","61.107333"
"14839","3","915.28","12.368649"
"14141","4","915.13","22.878250"
"16216","1","914.93","24.727838"
"14549","4","913.60","6.388811"
"15364","2","913.19","31.489310"
"14359","3","912.18","16.585091"
"15244","3","912.08","19.001667"
"17812","7","911.99","4.825344"
"16034","6","911.32","16.273571"
"14289","6","911.26","19.388511"
"14133","4","911.14","25.309444"
"16138","3","910.35","24.604054"
"13038","3","908.46","32.445000"
"15097","3","908.35","13.762879"
"17464","3","907.14","23.260000"
"14714","4","906.24","9.744516"
"14969","1","906.23","69.710000"
"13573","6","904.52","10.396782"
"17746","4","904.18","25.116111"
"17176","3","902.32","21.483810"
"17382","8","902.28","50.126667"
"16916","4","902.02","4.400098"
"13548","3","901.44","4.899130"
"15511","5","900.53","5.699557"
"12945","2","900.11","17.649216"
"12940","2","899.69","9.371771"
"16834","2","898.96","18.728333"
"15710","1","898.87","8.171545"
"15992","3","896.60","16.603704"
"13996","2","895.76","27.144242"
"16122","6","895.62","16.585556"
"17226","3","895.47","15.177458"
"15211","2","894.41","17.200192"
"15066","1","893.59","21.275952"
"12772","1","892.47","16.226727"
"17155","7","892.46","12.225479"
"16784","5","892.33","5.647658"
"16442","5","891.98","3.611255"
"15393","5","891.34","20.257727"
"16361","4","891.21","8.569327"
"14065","3","891.02","18.184082"
"15824","2","890.94","34.266923"
"15525","4","890.22","4.945667"
"17062","6","889.75","7.353306"
"14813","4","888.91","6.441377"
"17537","2","887.67","11.995541"
"16900","3","887.11","11.229241"
"15900","4","886.57","7.036270"
"16228","3","885.71","16.402037"
"12793","3","885.53","20.125682"
"16898","5","885.21","3.526733"
"17704","2","885.19","28.554516"
"17708","4","884.18","12.112055"
"15907","3","882.72","3.905841"
"18141","2","882.47","21.011190"
"16387","5","882.46","10.143218"
"17480","2","882.23","16.645849"
"16385","5","881.35","7.731140"
"17143","2","880.97","7.865804"
"12680","4","880.81","16.619057"
"16677","2","880.62","18.736596"
"13937","2","880.13","16.298704"
"14551","7","878.09","11.115063"
"14612","1","877.70","62.692857"
"15653","2","877.44","146.240000"
"14645","3","876.89","18.268542"
"17864","5","876.57","6.640682"
"13768","2","875.97","26.544545"
"13166","2","875.93","12.881324"
"14681","6","875.15","43.757500"
"16513","4","874.59","24.988286"
"16657","4","874.43","4.554323"
"15469","3","874.25","20.331395"
"14437","5","873.34","20.793810"
"17361","5","871.79","15.294561"
"15224","5","871.36","24.896000"
"13200","4","870.09","18.915000"
"17566","2","869.77","6.125141"
"14753","2","869.51","18.114792"
"16948","7","868.77","20.203953"
"16357","4","868.37","18.475957"
"17167","3","867.11","10.976076"
"16567","2","865.60","24.731429"
"13922","3","865.20","28.840000"
"14600","2","865.17","16.021667"
"12791","6","863.51","30.839643"
"16668","13","862.42","16.272075"
"12787","4","862.18","19.595000"
"17358","5","861.01","5.897329"
"12794","2","860.41","19.120222"
"13339","1","860.12","15.928148"
"14372","2","860.08","22.633684"
"13891","3","859.21","8.678889"
"12440","2","859.20","26.850000"
"15870","4","857.46","5.996224"
"15287","5","856.03","23.778611"
"17161","1","856.01","16.461731"
"15542","3","855.71","3.786327"
"17064","3","855.45","14.023770"
"12878","2","854.99","18.191277"
"13945","2","854.15","16.748039"
"14873","2","854.13","17.431224"
"13991","6","852.88","10.400976"
"14686","5","852.53","3.892831"
"15266","5","852.21","18.938000"
"16070","2","852.15","25.822727"
"12696","2","851.91","17.385918"
"13479","4","851.37","16.063585"
"16020","3","851.01","18.500217"
"18108","3","848.81","18.059787"
"12713","1","848.55","22.330263"
"15264","2","848.40","15.425455"
"15784","2","848.33","19.728605"
"14202","3","847.76","29.233103"
"13221","2","847.41","12.839545"
"13487","5","846.87","17.283061"
"16877","6","846.62","5.427051"
"13970","2","846.55","65.119231"
"14803","3","845.55","19.217045"
"16500","9","843.91","24.820882"
"14922","2","843.74","16.874800"
"16344","4","842.42","18.313478"
"16846","3","842.41","17.923617"
"17638","2","842.40","280.800000"
"16810","2","842.04","24.765882"
"14862","2","841.20","17.525000"
"16798","3","841.16","4.977278"
"12891","11","840.50","76.409091"
"13169","3","840.08","46.671111"
"14355","3","840.05","14.000833"
"18247","3","839.73","22.695405"
"15713","4","839.64","16.146923"
"13940","4","839.14","17.125306"
"17332","5","838.27","8.823895"
"14037","6","836.95","7.341667"
"15832","1","836.79","15.496111"
"14929","2","836.69","24.608529"
"13795","4","836.30","28.837931"
"16747","2","836.06","19.906190"
"13386","2","835.46","26.950323"
"16737","2","835.20","417.600000"
"15190","1","834.44","20.861000"
"16863","3","834.27","17.750426"
"16644","2","833.78","13.448065"
"12903","1","833.53","20.330000"
"13175","2","831.45","18.075000"
"15766","3","831.06","31.963846"
"15759","7","830.93","48.878235"
"16924","3","829.89","10.245556"
"14087","3","829.47","3.894225"
"14851","3","829.41","19.747857"
"12730","1","829.25","17.643617"
"12953","2","828.81","17.266875"
"15617","3","828.55","19.727381"
"17003","4","828.21","7.461351"
"13681","4","827.83","14.523333"
"17045","5","827.68","15.616604"
"12792","2","827.01","17.595957"
"12461","2","826.88","23.625143"
"12781","2","826.74","33.069600"
"16494","1","826.53","16.530600"
"12427","3","825.80","26.638710"
"17880","3","824.92","18.331556"
"13513","3","824.59","20.614750"
"15107","9","824.35","19.627381"
"14260","3","824.28","16.162353"
"16264","2","823.53","13.071905"
"15137","2","823.40","24.217647"
"14508","5","822.92","4.649266"
"15847","5","822.57","17.136875"
"16164","3","822.48","24.190588"
"16680","3","821.45","28.325862"
"16246","2","821.35","9.333523"
"13893","1","821.10","39.100000"
"15314","3","820.45","16.409000"
"16135","2","819.45","21.011538"
"17683","3","819.01","17.804565"
"16048","4","818.79","22.744167"
"13612","1","818.29","16.365800"
"15483","10","817.82","3.040223"
"14890","3","817.25","14.337719"
"16869","4","817.12","6.434016"
"15180","3","816.93","15.710192"
"14872","3","816.60","18.990698"
"13514","4","815.90","38.852381"
"15399","3","815.77","16.315400"
"14556","3","815.69","4.161684"
"13811","3","814.50","62.653846"
"14624","6","814.07","15.962157"
"17869","7","813.64","10.170500"
"16621","4","813.48","28.051034"
"17194","3","812.50","13.319672"
"16460","3","811.23","6.145682"
"16624","2","810.57","16.886875"
"13045","3","808.92","17.976000"
"15533","3","807.57","9.729759"
"17495","3","806.72","16.806667"
"12632","2","804.88","22.996571"
"13637","3","804.30","8.124242"
"18248","2","804.02","17.106809"
"16469","5","803.90","4.143814"
"15644","4","803.54","3.463534"
"18265","2","801.51","17.424130"
"16127","2","801.31","10.684133"
"17114","8","801.12","6.513171"
"17023","3","800.18","16.330204"
"13720","4","799.90","18.602326"
"13041","4","799.13","22.832286"
"17251","3","798.98","10.243333"
"16438","5","798.35","6.048106"
"15309","4","797.96","14.777037"
"13389","3","797.96","15.646275"
"17281","6","797.85","132.975000"
"15637","5","797.59","19.453415"
"16155","5","796.90","16.602083"
"15304","9","796.40","33.183333"
"15396","2","796.38","49.773750"
"16952","5","795.83","9.147471"
"18084","3","795.23","113.604286"
"13336","1","795.12","15.590588"
"15831","3","794.64","12.040000"
"16961","3","794.56","15.280000"
"17212","3","794.41","27.393448"
"13296","6","792.51","14.953019"
"14022","2","792.15","16.854255"
"14976","7","790.86","10.984167"
"13484","3","790.72","20.274872"
"13544","6","790.20","3.320168"
"14656","5","790.00","3.816425"
"13016","3","789.89","16.806170"
"16759","3","789.79","18.804524"
"16472","2","789.60","20.246154"
"15448","2","788.81","16.098163"
"17952","4","788.46","8.045510"
"14557","1","788.38","49.273750"
"17817","6","788.15","5.881716"
"14513","6","788.01","41.474211"
"13323","5","787.85","37.516667"
"16468","3","787.52","17.500444"
"13212","3","786.83","5.580355"
"14463","4","786.57","98.321250"
"12628","3","786.46","19.181951"
"16739","2","786.43","20.695526"
"13770","4","785.37","16.361875"
"13541","2","785.25","78.525000"
"15646","5","784.81","11.541324"
"15806","3","784.58","25.309032"
"13595","3","784.48","5.485874"
"13415","4","784.17","7.764059"
"15714","5","783.96","16.332500"
"12761","2","782.95","28.998148"
"16836","4","782.37","18.627857"
"15952","4","781.91","9.308452"
"17255","4","781.70","4.295055"
"13453","3","781.69","19.542250"
"13287","3","781.59","14.746981"
"15679","4","781.28","7.102545"
"15239","2","780.59","15.930408"
"13502","5","780.50","23.651515"
"15246","3","780.40","15.301961"
"18228","2","779.90","25.996667"
"12735","2","779.57","18.129535"
"12504","4","779.05","38.952500"
"13781","3","778.83","13.663684"
"14815","2","778.50","14.688679"
"16958","1","778.49","11.121286"
"14690","4","777.68","7.550291"
"16505","1","777.60","194.400000"
"13563","2","777.53","15.867959"
"13745","2","777.36","13.881429"
"15837","2","777.01","14.942500"
"15794","2","777.00","51.800000"
"15618","4","776.85","17.655682"
"12808","5","776.70","16.525532"
"14997","4","776.60","20.436842"
"15092","3","776.46","17.254667"
"15743","4","775.96","9.022791"
"13314","3","775.94","12.515161"
"13341","1","775.85","18.472619"
"17482","2","775.64","14.634717"
"15921","4","775.26","9.813418"
"15414","3","774.90","19.869231"
"15773","2","774.52","16.479149"
"18058","3","774.06","48.378750"
"18112","4","773.36","12.473548"
"16565","4","773.05","70.277273"
"15075","1","773.03","28.630741"
"17349","5","772.41","9.087176"
"12923","3","770.42","12.840333"
"17801","3","770.03","9.506543"
"14838","2","769.92","10.998857"
"12965","1","769.81","7.127870"
"16480","1","769.29","14.514906"
"16978","3","768.88","11.475821"
"13980","5","768.82","12.203492"
"13356","1","768.24","18.291429"
"15331","3","767.91","17.452500"
"13712","2","766.42","23.224848"
"12991","3","764.82","16.996000"
"14413","4","764.52","7.963750"
"13699","2","764.15","20.652703"
"16602","2","763.33","19.083250"
"17466","2","763.28","18.616585"
"15428","4","762.75","17.335227"
"16806","4","762.16","8.195269"
"13598","5","761.96","8.282174"
"14883","6","761.59","14.369623"
"17425","2","759.17","17.655116"
"18246","3","758.82","151.764000"
"16720","3","758.74","5.419571"
"15908","2","758.62","18.965500"
"15568","3","758.29","14.307358"
"15006","2","757.78","4.163626"
"13034","3","756.82","17.200455"
"16392","3","756.70","5.254861"
"14176","5","756.46","20.444865"
"16411","4","756.39","4.178950"
"16262","1","755.15","16.416304"
"13370","1","754.87","19.355641"
"16892","7","754.75","5.509124"
"18104","1","754.64","19.858947"
"18034","3","754.20","3.524299"
"14234","4","754.12","5.130068"
"14247","5","753.56","6.668673"
"17579","4","753.28","8.013617"
"14998","4","753.18","6.025440"
"13730","2","752.60","17.502326"
"13030","2","752.44","8.178696"
"13070","4","751.70","22.778788"
"14923","1","749.10","17.025000"
"16972","2","749.00","9.134146"
"14048","3","748.69","5.309858"
"15656","4","748.50","15.925532"
"13108","2","748.46","21.384571"
"17387","2","746.81","9.826447"
"14942","4","746.56","39.292632"
"17889","7","746.42","6.434655"
"17760","6","746.39","11.140149"
"14050","2","746.36","13.821481"
"16465","2","746.24","15.546667"
"18190","5","745.62","17.752857"
"14228","3","745.50","19.618421"
"13950","4","745.06","21.287429"
"13236","2","744.85","20.690278"
"12871","3","744.02","41.334444"
"14104","5","743.53","5.507630"
"13354","1","743.53","14.579020"
"17038","2","743.17","11.796349"
"16730","3","743.11","9.062317"
"15420","6","743.00","13.267857"
"14302","3","742.90","26.532143"
"12465","2","742.19","15.791277"
"18275","2","741.85","39.044737"
"13721","2","741.54","17.655714"
"13713","3","740.76","9.259500"
"15720","2","739.22","4.831503"
"12603","1","739.20","369.600000"
"15988","3","738.89","6.157417"
"15070","3","737.05","23.032813"
"15462","4","737.05","17.976829"
"16075","2","736.93","17.973902"
"17461","3","735.82","6.941698"
"15045","2","735.66","61.305000"
"12527","5","735.51","22.984688"
"13286","1","734.91","14.998163"
"15938","9","734.81","18.841282"
"17616","4","734.40","183.600000"
"12537","1","732.94","17.045116"
"17979","4","732.41","5.307319"
"13780","3","732.07","7.470102"
"13575","5","732.07","15.914565"
"17548","4","731.26","21.507647"
"17681","5","731.20","52.228571"
"14778","2","730.86","20.881714"
"13921","4","730.70","16.606818"
"13452","3","729.80","243.266667"
"12925","3","729.33","14.586600"
"15872","4","729.25","3.878989"
"18163","1","728.84","22.086061"
"17756","3","728.75","8.675595"
"12786","1","728.50","40.472222"
"17547","2","727.85","23.479032"
"17141","4","727.58","4.491235"
"17374","3","727.11","17.312143"
"16447","3","727.10","10.692647"
"13569","4","726.54","4.058883"
"18078","4","725.53","9.938767"
"12723","5","725.07","10.508261"
"18187","1","724.89","15.101875"
"13729","3","724.73","18.582821"
"14798","8","724.31","14.781837"
"15368","2","722.74","90.342500"
"13264","1","722.56","19.014737"
"17615","6","721.80","12.889286"
"13441","2","720.90","18.971053"
"16023","3","719.81","7.126832"
"13537","2","717.85","17.091667"
"13604","1","717.62","34.172381"
"16269","1","717.57","13.539057"
"12573","5","717.41","6.028655"
"17860","4","717.39","4.428333"
"16526","2","717.21","20.491714"
"15274","2","716.57","15.246170"
"12519","2","716.54","18.372821"
"12535","2","716.35","21.069118"
"12492","3","715.21","17.028810"
"15330","2","714.96","54.996923"
"13512","4","713.39","18.292051"
"14026","2","713.11","14.262200"
"13147","4","712.80","178.200000"
"17761","1","712.78","37.514737"
"14470","3","712.04","11.867333"
"15127","2","711.50","25.410714"
"13103","3","709.64","21.504242"
"13057","3","709.59","17.739750"
"13927","2","708.26","17.274634"
"12485","1","708.10","20.826471"
"14398","2","707.79","13.354528"
"16449","2","707.69","17.692250"
"12453","1","707.09","16.443953"
"13626","2","707.04","16.069091"
"16309","2","706.57","16.823095"
"17051","4","706.49","4.558000"
"12890","2","706.02","5.229778"
"16364","2","705.79","13.572885"
"16882","3","705.12","18.080000"
"16015","3","704.55","3.892541"
"12612","1","704.04","37.054737"
"12883","4","703.47","16.749286"
"15103","2","703.36","20.096000"
"17561","4","703.02","3.680733"
"14699","4","702.60","14.052000"
"16997","3","702.00","58.500000"
"17825","4","701.96","25.998519"
"14324","2","701.61","17.112439"
"14179","2","701.57","4.468599"
"14356","2","701.23","21.249394"
"13833","2","700.41","15.918409"
"17163","4","699.78","23.326000"
"13242","7","699.40","19.982857"
"16018","4","698.13","12.466607"
"14497","2","697.06","17.426500"
"16415","3","696.76","4.805241"
"15700","2","696.68","8.100930"
"14959","4","695.42","11.786780"
"13101","4","695.40","13.635294"
"15995","1","694.54","6.314000"
"15053","3","693.95","10.057246"
"14111","4","692.85","69.285000"
"17198","3","692.22","7.210625"
"17733","2","692.19","19.776857"
"12817","3","690.98","27.639200"
"16658","6","690.83","10.794219"
"14880","3","690.59","15.012826"
"16545","2","689.82","86.227500"
"17834","2","689.67","11.890862"
"17502","4","689.10","24.610714"
"15361","4","689.07","68.907000"
"12450","5","688.20","18.600000"
"18017","4","688.00","172.000000"
"15901","7","687.72","4.193415"
"14809","2","686.76","38.153333"
"13898","2","686.40","14.921739"
"16824","3","686.24","17.595897"
"17935","7","686.14","10.720938"
"12658","1","686.05","19.056944"
"15257","2","685.90","57.158333"
"15219","2","685.45","26.363462"
"15184","4","685.39","8.159405"
"16885","4","684.60","5.033824"
"13585","3","684.54","17.552308"
"15669","4","684.34","20.737576"
"15207","3","683.92","28.496667"
"17874","6","683.46","14.857826"
"14222","1","683.17","16.662683"
"15582","3","682.91","15.520682"
"13987","2","682.54","14.837826"
"12601","6","681.26","20.037059"
"12478","1","680.99","18.916389"
"18271","2","680.85","32.421429"
"18082","1","680.84","9.726286"
"15973","3","680.62","61.874545"
"13524","5","680.18","25.191852"
"13809","3","679.70","27.188000"
"13430","2","679.45","13.866327"
"14151","2","679.45","15.442045"
"17782","2","679.02","23.414483"
"16646","1","678.80","23.406897"
"14182","4","678.77","13.575400"
"13255","3","678.76","26.106154"
"13925","4","678.25","16.542683"
"15363","2","678.11","19.374571"
"13974","2","677.72","15.760930"
"16601","3","677.00","9.811594"
"13040","2","676.99","15.743953"
"17462","2","675.69","25.025556"
"18156","2","675.64","5.538033"
"12942","3","675.60","9.651429"
"13325","1","675.30","56.275000"
"13355","1","674.70","21.084375"
"13951","3","674.45","17.293590"
"14504","4","673.26","6.292150"
"16648","3","672.80","18.183784"
"16226","5","672.17","21.682903"
"17011","3","671.70","23.989286"
"15562","3","671.43","20.346364"
"14142","2","671.34","15.257727"
"17709","5","671.01","16.775250"
"13398","2","670.34","17.188205"
"17418","3","670.06","15.953810"
"13741","3","668.43","19.659706"
"16268","2","667.65","14.836667"
"17962","4","666.96","3.644590"
"18123","3","666.64","11.904286"
"13217","4","666.48","133.296000"
"14932","2","666.13","20.816563"
"17105","2","665.78","7.397556"
"16132","2","664.20","39.070588"
"16704","2","664.16","12.299259"
"13596","2","664.11","4.548699"
"15643","3","664.00","20.121212"
"14720","3","663.81","17.940811"
"16573","2","663.61","15.800238"
"16679","3","663.31","36.850556"
"12837","2","662.66","7.530227"
"13864","1","662.40","662.400000"
"16862","4","662.33","18.923714"
"14425","3","661.39","16.958718"
"13028","2","661.32","14.696000"
"17375","4","660.55","7.680814"
"14603","1","660.00","330.000000"
"15405","2","659.84","21.994667"
"15492","2","659.46","18.841714"
"13759","2","659.41","26.376400"
"14452","4","658.95","5.108140"
"13622","1","658.95","20.592188"
"14150","2","658.64","25.332308"
"13433","4","658.32","27.430000"
"16887","3","658.17","6.516535"
"15715","5","658.02","17.316316"
"16696","4","657.90","65.790000"
"17852","5","657.81","6.090833"
"17459","2","657.30","5.921622"
"16157","3","656.69","36.482778"
"16708","1","656.63","24.319630"
"14558","3","655.50","43.700000"
"17371","6","655.37","4.551181"
"16117","3","654.40","7.352809"
"17398","3","653.38","17.194211"
"13496","2","653.33","18.666571"
"18121","2","653.30","21.074194"
"15205","2","653.24","17.655135"
"13820","3","652.75","7.334270"
"17523","4","652.74","19.780000"
"17572","10","652.21","20.381563"
"13840","1","651.40","16.285000"
"16056","1","650.75","9.859848"
"16969","3","650.41","15.485952"
"17779","3","650.32","8.028642"
"14034","3","648.89","7.545233"
"12844","4","648.60","6.297087"
"16495","3","648.26","7.366591"
"17777","3","647.56","3.408211"
"16734","3","646.76","12.437692"
"13474","3","646.59","5.131667"
"15945","4","646.27","23.081071"
"15012","3","646.26","3.383560"
"14024","3","645.74","18.992353"
"17380","3","645.00","64.500000"
"12719","2","644.95","16.537179"
"16185","3","644.72","16.118000"
"17312","3","644.30","46.021429"
"17963","4","643.16","5.900550"
"13237","1","643.00","26.791667"
"15297","3","641.94","16.460000"
"14537","2","641.40","27.886957"
"12365","2","641.38","29.153636"
"12624","2","641.13","16.871842"
"13318","3","640.76","32.038000"
"14563","2","640.54","6.042830"
"12538","2","640.45","18.836765"
"12880","2","640.13","17.781389"
"15183","3","639.93","16.840263"
"12734","3","639.65","33.665789"
"15648","2","639.50","26.645833"
"17998","3","639.24","11.021379"
"16428","3","638.49","5.027480"
"12699","1","638.11","15.563659"
"17691","4","637.55","14.826744"
"14664","2","636.24","6.492245"
"15829","2","636.14","12.473333"
"16534","1","635.90","17.663889"
"17334","3","635.15","20.488710"
"14365","2","634.68","12.444706"
"14219","3","633.83","14.740233"
"15666","2","632.94","9.446866"
"13540","3","632.39","19.762188"
"18183","2","632.07","17.082973"
"13822","2","632.00","6.583333"
"17985","1","631.35","30.064286"
"13706","2","631.17","16.609737"
"16193","2","630.43","16.590263"
"16399","3","630.22","5.729273"
"13525","2","628.78","104.796667"
"14283","4","628.44","15.327805"
"16158","9","628.32","17.952000"
"13480","2","627.82","15.312683"
"13518","1","627.16","17.421111"
"14036","1","626.65","16.490789"
"13914","2","626.45","18.983333"
"14381","2","625.94","5.588750"
"14793","2","625.90","16.048718"
"16715","2","625.52","22.340000"
"16330","7","625.38","5.345128"
"17134","3","625.30","17.369444"
"13776","2","623.98","311.990000"
"16750","5","623.93","6.567684"
"15147","1","623.50","22.267857"
"16792","5","623.46","6.112353"
"16431","3","623.28","8.201053"
"15258","2","623.16","18.328235"
"16781","2","623.00","15.974359"
"12575","2","622.82","16.390000"
"14115","2","622.67","28.303182"
"17430","4","622.57","16.826216"
"17005","2","622.36","34.575556"
"18101","5","622.01","5.706514"
"14169","2","621.51","9.711094"
"16368","3","621.44","6.904889"
"15016","5","620.89","5.913238"
"13836","2","620.37","20.011935"
"14339","2","620.27","26.968261"
"12667","1","620.13","18.791818"
"15276","4","619.80","3.482022"
"13444","2","619.08","10.861053"
"13020","2","618.96","15.870769"
"14079","2","618.73","47.594615"
"13493","2","618.63","77.328750"
"16613","1","618.59","20.619667"
"12596","2","618.27","22.898889"
"13301","4","618.09","7.630741"
"14455","4","617.72","8.022338"
"15956","2","617.60","34.311111"
"14377","2","617.05","56.095455"
"16311","2","616.26","16.655676"
"17639","6","615.17","7.786962"
"15275","1","615.14","15.003415"
"14077","6","615.08","10.983571"
"16847","2","614.89","16.618649"
"16566","5","614.66","34.147778"
"16844","2","614.34","19.198125"
"16343","3","614.12","7.873333"
"14570","3","613.75","9.025735"
"17035","4","613.59","18.593636"
"15362","2","613.08","15.327000"
"12855","4","612.84","9.146866"
"16116","1","612.78","18.022941"
"16178","2","612.60","24.504000"
"16589","4","612.36","13.917273"
"12513","1","612.29","17.494000"
"13008","3","612.13","17.489429"
"15232","2","612.06","19.743871"
"16922","1","611.08","5.008852"
"13731","2","610.59","16.068158"
"13832","2","609.89","11.088909"
"14636","2","609.85","21.780357"
"15748","3","609.81","16.939167"
"17325","3","609.57","15.630000"
"17707","8","609.30","25.387500"
"16675","2","608.86","26.472174"
"13933","2","608.79","26.469130"
"17473","2","607.00","17.852941"
"15717","5","607.00","25.291667"
"17119","2","606.91","17.340286"
"15158","2","606.02","55.092727"
"16590","2","605.90","20.893103"
"17507","2","605.58","6.881591"
"14323","2","605.06","16.807222"
"16321","7","604.55","26.284783"
"12944","2","604.51","20.150333"
"14611","2","604.33","15.903421"
"13106","2","603.46","37.716250"
"12707","1","603.42","18.285455"
"18264","1","603.25","16.756944"
"16022","1","602.63","8.487746"
"16080","4","602.56","20.085333"
"12654","5","601.98","15.841579"
"17270","2","601.45","12.530208"
"14254","1","601.03","26.131739"
"12420","1","600.39","20.703103"
"17745","2","600.34","21.440714"
"18211","5","600.07","14.287381"
"17678","2","599.76","21.420000"
"12521","1","599.68","15.781053"
"12556","2","599.56","5.038319"
"13311","2","598.57","23.021923"
"15424","3","597.78","18.114545"
"14569","4","597.33","17.568529"
"15631","1","596.67","15.299231"
"16780","3","596.40","6.212500"
"15346","3","596.12","16.111351"
"17845","4","596.09","12.682766"
"14965","2","596.09","7.359136"
"17209","3","595.70","15.676316"
"17658","2","595.42","31.337895"
"13684","4","594.88","5.508148"
"14771","2","594.62","12.651489"
"13558","4","594.52","3.517870"
"15929","1","594.00","594.000000"
"15442","1","594.00","297.000000"
"14746","4","593.50","65.944444"
"16412","5","593.19","4.862213"
"18232","4","592.97","16.026216"
"16776","2","592.51","4.702460"
"13472","2","592.24","21.151429"
"17815","1","591.96","45.535385"
"17156","1","591.87","15.176154"
"12790","2","591.85","15.995946"
"17483","4","591.73","21.133214"
"15524","2","591.40","65.711111"
"17098","3","591.07","32.837222"
"17968","4","590.44","4.612813"
"13270","1","590.00","590.000000"
"15160","4","589.27","25.620435"
"15624","4","588.13","17.297941"
"15191","3","588.05","16.801429"
"17890","2","586.89","6.449341"
"14729","3","586.24","4.441212"
"14173","6","586.00","17.757576"
"17392","3","585.92","8.370286"
"12384","2","585.27","21.676667"
"12800","3","584.25","17.183824"
"14023","2","584.07","18.840968"
"15762","2","583.75","15.777027"
"17014","3","583.43","8.103194"
"16001","1","583.39","20.116897"
"14670","3","583.33","3.258827"
"16445","4","583.16","3.239778"
"15918","3","582.88","9.555410"
"16100","1","582.64","15.747027"
"16802","2","582.61","10.992642"
"17099","1","582.17","14.554250"
"14742","1","579.85","17.054412"
"15588","1","579.60","144.900000"
"14529","3","578.61","2.716479"
"18262","3","577.54","13.750952"
"15830","1","576.00","14.769231"
"17557","4","575.46","16.441714"
"17773","2","575.37","10.461273"
"12859","1","575.10","27.385714"
"13262","3","573.45","11.469000"
"17274","2","573.22","7.444416"
"12879","3","573.22","57.322000"
"13424","1","572.77","14.319250"
"13379","3","572.56","5.902680"
"13179","1","572.31","16.832647"
"14053","4","572.30","63.588889"
"12816","2","572.20","19.731034"
"13816","2","571.67","20.416786"
"15198","5","571.35","18.430645"
"15691","4","571.30","40.807143"
"18053","3","571.07","17.845938"
"15821","2","570.96","9.209032"
"13190","3","570.66","33.568235"
"17122","4","570.50","19.016667"
"15315","2","570.50","15.418919"
"15857","2","570.48","23.770000"
"14170","3","570.18","3.932276"
"17433","2","569.96","6.128602"
"15169","2","569.22","9.647797"
"15920","9","569.14","5.319065"
"13406","2","568.92","63.213333"
"18244","2","568.64","29.928421"
"13321","2","567.36","51.578182"
"16667","2","567.18","10.907308"
"14208","2","567.05","16.201429"
"15627","2","566.90","23.620833"
"13998","3","566.70","18.280645"
"18150","3","566.58","15.312973"
"16250","3","565.24","16.149714"
"13894","3","564.62","20.911852"
"15344","3","563.94","21.690000"
"15143","2","563.63","18.181613"
"15597","2","563.37","15.226216"
"14986","2","563.10","5.745918"
"17665","1","563.10","29.636842"
"17195","1","562.98","18.160645"
"17970","1","562.79","19.406552"
"12559","2","561.71","26.748095"
"17233","3","560.86","9.670000"
"15655","1","560.67","16.490294"
"17413","2","560.14","56.014000"
"14273","4","559.97","19.309310"
"15415","1","559.61","11.906596"
"17503","2","558.96","14.709474"
"17223","3","558.04","8.087536"
"14592","3","557.94","3.531266"
"13260","1","557.62","69.702500"
"18127","4","556.13","8.300448"
"13024","2","555.87","17.931290"
"15102","2","554.67","20.543333"
"15634","2","554.65","16.313235"
"18056","2","554.60","18.486667"
"16641","2","554.50","15.402778"
"15650","2","553.88","15.385556"
"17407","1","552.90","24.039130"
"17016","1","552.40","13.473171"
"12797","2","552.08","18.402667"
"12363","2","552.00","24.000000"
"13677","2","551.24","5.200377"
"16414","5","551.21","8.749365"
"17674","2","551.04","20.408889"
"17291","1","550.80","550.800000"
"17265","2","550.01","4.508279"
"12390","1","549.84","17.182500"
"16111","1","549.33","7.525068"
"15055","3","549.12","6.779259"
"15200","1","549.05","18.301667"
"15842","2","548.80","21.952000"
"13948","4","548.76","22.865000"
"16936","2","548.29","3.944532"
"18039","4","548.22","3.469747"
"16536","1","548.12","10.150370"
"15598","2","548.02","15.222778"
"16031","2","547.90","5.590816"
"15350","2","547.60","18.253333"
"16811","2","547.07","19.538214"
"17637","2","547.06","15.630286"
"17295","3","547.00","8.044118"
"17520","1","546.81","18.227000"
"15080","2","546.25","17.620968"
"17806","1","546.04","12.698605"
"15728","2","544.60","45.383333"
"18207","1","544.47","17.563548"
"16475","4","544.30","19.439286"
"13390","1","544.08","41.852308"
"13955","3","544.07","6.400824"
"14716","3","543.28","5.659167"
"16927","3","543.05","90.508333"
"15959","3","542.89","7.646338"
"13785","4","542.49","18.083000"
"15675","4","542.04","15.486857"
"16230","2","542.03","15.486571"
"16060","3","541.95","22.581250"
"16647","4","541.90","16.421212"
"17447","2","541.53","15.042500"
"17580","5","541.02","5.755532"
"16576","2","540.87","16.390000"
"12819","1","540.52","28.448421"
"12743","2","540.13","4.123130"
"17524","3","539.14","12.538140"
"13812","3","539.00","14.972222"
"15539","1","538.46","13.133171"
"13961","1","538.40","28.336842"
"14539","2","537.48","16.796250"
"16804","3","536.99","8.949833"
"18140","1","536.41","9.933519"
"13207","4","535.86","41.220000"
"15890","5","535.65","53.565000"
"16142","1","535.34","14.468649"
"12810","2","534.99","16.718438"
"13385","1","534.57","15.273429"
"17443","1","534.24","534.240000"
"17436","5","534.06","31.415294"
"16785","1","533.78","15.250857"
"16707","4","533.41","8.206308"
"13594","2","533.32","16.161212"
"15433","2","533.30","13.007317"
"15825","1","532.94","26.647000"
"15659","3","532.49","25.356667"
"15115","2","531.85","15.195714"
"14940","2","531.49","16.609063"
"16706","3","531.35","4.319919"
"16935","3","530.86","7.693623"
"15917","5","530.17","3.733592"
"18159","1","530.15","23.050000"
"14002","2","529.73","11.270851"
"17458","2","529.58","6.157907"
"18191","2","529.40","35.293333"
"18043","3","529.29","4.602522"
"17999","3","528.46","3.943731"
"16406","3","528.36","3.570000"
"15756","4","528.01","2.764450"
"18098","1","527.94","6.138837"
"14616","5","527.78","105.556000"
"12479","1","527.20","17.006452"
"16421","3","526.27","13.849211"
"15919","2","525.69","4.308934"
"15467","3","524.88","10.093846"
"14417","1","524.65","4.484188"
"15683","2","524.54","20.174615"
"17765","4","524.00","6.469136"
"13277","7","523.30","22.752174"
"17712","1","522.91","18.031379"
"13605","2","522.67","9.861698"
"16413","2","522.03","7.676912"
"17514","2","522.00","6.289157"
"12956","4","521.89","12.425952"
"15689","3","521.03","21.709583"
"13977","1","519.81","39.985385"
"12571","2","519.61","15.282647"
"12777","1","519.45","19.978846"
"12825","2","518.63","21.609583"
"13600","2","518.42","12.644390"
"12979","1","517.70","9.244643"
"18205","2","517.36","16.167500"
"14311","2","516.45","16.659677"
"13043","1","516.42","39.724615"
"14429","1","516.28","23.467273"
"13859","2","515.86","14.329444"
"18243","1","515.78","19.837692"
"14949","4","515.00","19.074074"
"17510","2","514.56","14.701714"
"18212","2","514.37","11.181957"
"12897","4","514.25","36.732143"
"12977","4","513.88","8.860000"
"16829","2","513.32","19.011852"
"13177","2","512.20","17.073333"
"15891","1","511.68","8.528000"
"12361","4","511.25","17.629310"
"16561","2","511.12","16.487742"
"13367","1","510.20","25.510000"
"13710","3","509.52","33.968000"
"14008","1","509.04","15.907500"
"12436","1","509.01","31.813125"
"12907","2","508.91","20.356400"
"15417","1","508.80","18.171429"
"17391","2","508.80","169.600000"
"14317","1","508.58","21.190833"
"13067","3","508.51","15.890938"
"14552","3","507.93","3.298247"
"17415","1","507.84","36.274286"
"14158","1","507.66","12.381951"
"17384","3","507.55","25.377500"
"13885","2","506.80","18.100000"
"13123","2","506.75","11.261111"
"14647","2","506.04","10.542500"
"12988","1","505.82","6.094217"
"14807","2","504.14","13.266842"
"17630","2","503.60","19.369231"
"12376","2","503.15","38.703846"
"12419","2","503.01","20.120400"
"15138","1","502.52","16.210323"
"17276","1","502.49","9.480943"
"17266","5","501.72","4.216134"
"13865","4","501.56","16.718667"
"15881","5","501.39","17.289310"
"14968","2","501.24","5.967143"
"13116","1","501.14","16.704667"
"13247","4","501.12","20.044800"
"18049","2","500.92","5.757701"
"17248","2","500.54","4.812885"
"16616","2","500.42","15.164242"
"12366","1","500.24","166.746667"
"17110","3","499.90","10.202041"
"13553","1","499.60","5.613483"
"15193","1","499.32","26.280000"
"17256","5","498.93","16.094516"
"16488","3","498.80","17.200000"
"14171","2","498.79","7.793594"
"17053","1","498.48","38.344615"
"16820","1","497.61","19.138846"
"17680","3","497.45","24.872500"
"17335","2","497.04","13.806667"
"17923","3","497.00","165.666667"
"12943","2","496.50","19.860000"
"15300","1","496.44","17.730000"
"15018","3","496.21","16.006774"
"15278","4","496.16","17.108966"
"12904","2","496.06","6.986761"
"16977","4","496.00","17.714286"
"17995","3","495.48","17.085517"
"14319","1","494.85","19.032692"
"16352","2","494.44","17.658571"
"17333","1","494.25","17.651786"
"12763","2","494.08","27.448889"
"15447","5","492.88","16.995862"
"14270","1","492.65","16.987931"
"18203","4","492.52","8.347797"
"14310","1","492.10","22.368182"
"13732","1","491.86","14.904848"
"17269","1","491.81","3.934480"
"14663","2","490.60","7.214706"
"15000","1","490.52","6.370390"
"15877","2","490.33","3.891508"
"14416","2","490.22","35.015714"
"12983","1","490.08","16.336000"
"12634","2","490.00","24.500000"
"17476","2","489.86","15.801935"
"17715","2","489.60","244.800000"
"17988","14","489.54","3.980000"
"14722","3","489.52","5.626667"
"18280","2","488.15","16.271667"
"17608","4","488.06","3.069560"
"15165","1","487.75","18.064815"
"13412","1","487.35","14.333824"
"16021","2","487.03","3.865317"
"13733","2","487.03","16.794138"
"13675","2","486.82","19.472800"
"17453","2","486.72","25.616842"
"12920","4","486.64","8.248136"
"13153","1","486.22","32.414667"
"15216","2","486.09","20.253750"
"12443","1","485.31","23.110000"
"16999","2","484.82","21.079130"
"16024","3","483.99","5.694000"
"16603","2","482.47","14.190294"
"17996","3","482.33","7.198955"
"12542","2","481.88","12.355897"
"18216","1","481.75","18.528846"
"17106","1","481.58","9.442745"
"13176","1","481.49","7.186418"
"15174","2","481.46","14.160588"
"13428","3","478.54","3.467681"
"15589","3","478.53","16.501034"
"12447","1","476.49","18.326538"
"18176","1","476.35","15.878333"
"15277","2","476.34","18.320769"
"15507","1","475.86","10.574667"
"15780","3","475.28","16.388966"
"14322","4","474.10","36.469231"
"17104","1","474.03","24.948947"
"16635","1","473.00","18.920000"
"13194","2","472.78","47.278000"
"14975","2","472.39","18.168846"
"13642","4","472.20","4.497143"
"13161","2","472.13","14.306970"
"16038","3","471.78","18.145385"
"15721","1","471.40","5.611905"
"14237","2","471.14","18.120769"
"16473","4","470.83","16.815357"
"13066","2","470.80","9.808333"
"15963","2","470.76","16.812857"
"17254","3","469.48","3.193741"
"14058","2","469.19","19.549583"
"14369","2","469.13","18.043462"
"15557","1","468.91","24.679474"
"15387","1","468.65","23.432500"
"12554","1","468.50","18.019231"
"13171","3","468.41","10.182826"
"17294","2","467.79","27.517059"
"17187","2","467.71","20.335217"
"14029","2","467.66","31.177333"
"16390","3","467.50","22.261905"
"12958","2","467.34","9.537551"
"14052","2","466.66","3.856694"
"14148","2","466.29","27.428824"
"16504","1","465.88","5.613012"
"13248","2","465.68","17.910769"
"13928","4","464.57","17.206296"
"15349","2","463.91","6.533944"
"14727","3","463.73","10.081087"
"18083","1","463.53","11.588250"
"17040","2","463.25","28.953125"
"17964","2","463.21","4.726633"
"14627","1","462.75","15.956897"
"14331","2","462.66","16.523571"
"14954","2","462.12","3.916271"
"15958","4","462.12","7.109538"
"13624","1","462.08","21.003636"
"18284","1","461.68","16.488571"
"15540","2","460.68","14.860645"
"12491","1","460.40","17.707692"
"16310","2","460.08","16.431429"
"17111","2","459.58","9.574583"
"16596","4","458.98","19.124167"
"14118","1","458.45","30.563333"
"13957","3","458.25","16.972222"
"14599","2","457.89","5.796076"
"14011","2","457.82","14.306875"
"15121","2","457.72","16.347143"
"16069","1","457.70","18.308000"
"12375","2","457.50","26.911765"
"17344","2","457.36","6.826269"
"12564","1","456.90","21.757143"
"14819","4","456.41","8.452037"
"16039","2","456.40","14.262500"
"14296","2","456.40","16.903704"
"12999","3","455.88","16.281429"
"15585","1","455.30","14.687097"
"14335","2","454.86","7.581000"
"16765","2","454.75","8.745192"
"17067","3","454.54","34.964615"
"12459","1","454.36","19.754783"
"17140","1","454.12","25.228889"
"15475","1","454.11","15.658966"
"17564","3","454.01","9.265510"
"17376","4","453.64","8.248000"
"18158","2","453.40","13.335294"
"16481","1","453.38","28.336250"
"12729","1","453.01","17.423462"
"14184","1","452.89","18.870417"
"16799","2","452.78","4.921522"
"13698","2","451.73","11.887632"
"18100","1","451.56","15.052000"
"15802","1","451.42","451.420000"
"18031","1","451.30","7.163492"
"15961","1","451.29","10.745000"
"12831","3","451.11","20.505000"
"15124","4","450.82","14.542581"
"16870","1","450.16","16.077143"
"13150","3","449.97","56.246250"
"14784","3","449.93","16.664074"
"13877","3","449.68","19.551304"
"13489","4","449.52","32.108571"
"15126","2","449.49","17.979600"
"12448","1","449.45","20.429545"
"15418","2","449.42","6.609118"
"17823","2","449.25","4.492500"
"15739","1","449.12","56.140000"
"14761","3","447.92","18.663333"
"14780","2","447.68","16.580741"
"18201","1","447.53","16.575185"
"13754","3","447.05","21.288095"
"16095","1","447.05","14.901667"
"14149","1","446.62","15.950714"
"17370","4","446.18","13.520606"
"14010","2","445.15","18.547917"
"14328","1","445.05","445.050000"
"18134","2","445.00","15.892857"
"12788","4","444.90","17.111538"
"18270","3","444.55","26.150000"
"14638","1","443.60","27.725000"
"16424","2","443.06","34.081538"
"16404","1","443.05","19.263043"
"18222","1","443.00","23.315789"
"14996","2","442.29","10.787561"
"17699","2","442.00","23.263158"
"12579","1","440.42","15.186897"
"18233","1","440.00","440.000000"
"13954","2","439.92","17.596800"
"17643","2","439.70","14.183871"
"16025","1","439.66","15.702143"
"16968","2","439.43","14.175161"
"13086","1","439.33","9.347447"
"17718","2","439.18","19.094783"
"13432","2","439.10","3.955856"
"16519","4","439.06","12.196111"
"13358","1","439.03","15.138966"
"13964","2","438.90","18.287500"
"17729","1","438.65","19.071739"
"15859","1","438.46","19.930000"
"17807","3","437.87","4.919888"
"12552","2","437.82","21.891000"
"17070","2","437.42","4.246796"
"14846","1","437.40","36.450000"
"12672","2","437.05","19.865909"
"14123","1","436.18","18.174167"
"16084","1","436.18","11.478421"
"16166","2","435.83","19.810455"
"12445","2","434.98","18.124167"
"13738","1","434.78","4.885169"
"15323","3","434.60","14.986207"
"14910","4","434.35","14.478333"
"14238","3","434.23","33.402308"
"16888","3","434.20","8.350000"
"14093","1","433.86","4.338600"
"16939","3","433.85","10.581707"
"18029","1","433.77","24.098333"
"12493","2","433.74","19.715455"
"15613","1","433.72","16.063704"
"16522","2","433.36","24.075556"
"17178","1","432.96","13.966452"
"17687","1","432.68","16.641538"
"16604","2","432.45","36.037500"
"16236","1","432.20","21.610000"
"16881","1","432.00","432.000000"
"14042","1","431.98","20.570476"
"15488","5","431.92","39.265455"
"17842","1","430.69","23.927222"
"12452","2","430.57","19.571364"
"12795","1","430.48","30.748571"
"12827","3","430.15","17.206000"
"15450","1","429.84","14.328000"
"15461","2","429.70","214.850000"
"14979","1","429.66","8.768571"
"15230","2","429.60","18.678261"
"15036","3","429.56","3.609748"
"13413","6","429.44","9.986977"
"15888","3","429.16","11.004103"
"15553","1","428.93","7.798727"
"18089","1","428.45","42.845000"
"15360","1","427.93","32.917692"
"12740","1","427.60","15.837037"
"18285","1","427.00","35.583333"
"17740","6","426.90","47.433333"
"18152","1","426.69","42.669000"
"15930","1","426.63","20.315714"
"14288","1","426.60","26.662500"
"15966","1","426.53","15.797407"
"15217","1","426.24","15.222857"
"14877","2","425.85","6.759524"
"13703","2","425.56","11.501622"
"17103","1","424.30","13.259375"
"16541","1","424.03","11.158684"
"16913","3","423.91","23.550556"
"17330","4","423.80","52.975000"
"14097","2","422.86","10.571500"
"13374","2","422.80","24.870588"
"16137","1","422.70","15.096429"
"16689","2","422.60","32.507692"
"18240","1","422.58","70.430000"
"16149","3","422.22","14.074000"
"13807","3","422.20","16.888000"
"16773","3","421.24","6.480615"
"14757","1","420.50","22.131579"
"15206","4","420.30","46.700000"
"15711","2","420.25","16.810000"
"14575","1","420.22","5.836389"
"13672","3","419.92","23.328889"
"13442","3","419.87","11.049211"
"13096","1","419.70","419.700000"
"14124","1","419.58","83.916000"
"13079","6","419.18","24.657647"
"15262","3","418.82","16.108462"
"12593","3","418.10","19.909524"
"13073","2","418.08","15.484444"
"17701","1","417.95","17.414583"
"17232","2","417.77","11.936286"
"16832","5","417.61","19.886190"
"14762","2","417.57","13.919000"
"12833","1","417.38","17.390833"
"17258","2","417.30","7.587273"
"16816","4","417.06","14.895000"
"15935","2","416.86","34.738333"
"16957","2","416.64","26.040000"
"15011","2","416.60","20.830000"
"16355","1","416.35","8.673958"
"16356","6","415.87","7.048644"
"12930","2","415.80","16.632000"
"12608","1","415.79","25.986875"
"15725","1","415.25","12.976563"
"14333","1","415.20","27.680000"
"13565","3","414.80","6.913333"
"18278","2","414.20","17.258333"
"13002","3","414.13","18.005652"
"13669","3","413.55","29.539286"
"14082","2","413.36","6.359385"
"17601","2","413.08","5.737222"
"17767","2","413.05","10.591026"
"17662","2","412.92","27.528000"
"14620","2","412.78","15.876154"
"16932","3","412.55","3.101880"
"18050","2","412.06","17.915652"
"16272","1","411.70","16.468000"
"15960","4","410.95","15.805769"
"18011","2","410.79","6.520476"
"15099","1","410.48","17.846957"
"17598","1","409.98","40.998000"
"13827","3","409.80","4.454348"
"14581","2","409.65","6.827500"
"14348","1","409.57","22.753889"
"15225","1","409.40","17.800000"
"16864","2","409.25","24.073529"
"16921","3","409.21","4.650114"
"16243","2","409.10","8.021569"
"13686","3","409.04","12.030588"
"12974","2","408.95","12.779688"
"16629","2","408.63","6.810500"
"16324","3","408.59","3.680991"
"17285","2","407.94","9.271364"
"12353","2","406.76","16.948333"
"16632","2","406.40","15.051852"
"17000","2","406.30","13.543333"
"15342","1","406.09","16.920417"
"12741","2","406.07","25.379375"
"16815","2","406.02","5.561918"
"18111","1","405.85","15.031481"
"12922","1","405.38","14.477857"
"13143","1","405.10","17.613043"
"13640","1","405.00","101.250000"
"15941","1","405.00","67.500000"
"15968","1","404.55","5.056875"
"13574","1","404.45","4.444505"
"16319","1","404.40","134.800000"
"16484","2","404.30","16.172000"
"12498","3","403.70","17.552174"
"14678","1","403.39","16.807917"
"17785","3","403.38","7.909412"
"17431","1","403.30","9.379070"
"13530","1","402.98","22.387778"
"16315","2","402.71","17.509130"
"15504","4","402.70","6.292188"
"17094","2","402.20","22.344444"
"16998","5","402.00","67.000000"
"12386","2","401.90","40.190000"
"14494","3","401.46","23.615294"
"14471","2","400.95","9.779268"
"17168","1","400.20","19.057143"
"14358","2","400.06","16.002400"
"15501","2","399.95","5.796377"
"15446","3","399.75","3.569196"
"18164","1","399.65","16.652083"
"13252","2","399.30","21.015789"
"18128","1","399.29","9.506905"
"17052","1","399.09","4.808313"
"17830","3","398.70","17.334783"
"15522","2","397.99","7.106964"
"13352","1","397.98","16.582500"
"12508","2","397.88","5.851176"
"15037","2","397.76","8.839111"
"15280","3","397.52","6.625333"
"15429","2","397.35","4.845732"
"17789","2","397.15","13.694828"
"12824","1","397.12","15.884800"
"17486","1","396.87","16.536250"
"13597","2","396.71","23.335882"
"15883","2","396.48","8.091429"
"17918","3","396.39","9.909750"
"18067","1","396.33","10.711622"
"15577","5","396.03","6.712373"
"13879","1","395.50","15.820000"
"13083","3","395.43","17.974091"
"12677","2","395.10","18.814286"
"16538","3","395.07","9.635854"
"18048","3","394.93","6.693729"
"16207","1","394.38","20.756842"
"15386","1","394.14","12.714194"
"12499","1","393.72","14.582222"
"17300","2","393.64","8.946364"
"15345","1","393.54","19.677000"
"15437","2","393.45","6.902632"
"17563","2","392.38","13.530345"
"18110","2","392.28","5.448333"
"16827","5","392.13","32.677500"
"16783","1","391.95","15.678000"
"14072","1","390.85","20.571053"
"14197","1","390.05","19.502500"
"17116","1","389.78","8.293191"
"18024","2","389.78","18.560952"
"17379","1","389.72","4.996410"
"14752","1","389.64","77.928000"
"13345","1","389.50","19.475000"
"17479","1","389.26","21.625556"
"17286","3","389.18","4.324222"
"12690","1","389.01","24.313125"
"18227","2","388.75","64.791667"
"15592","1","388.58","16.190833"
"13896","1","388.55","18.502381"
"13899","2","388.52","20.448421"
"13673","2","387.44","6.457333"
"17771","4","387.41","5.614638"
"17595","2","386.69","4.715732"
"16148","2","386.62","42.957778"
"17614","1","386.32","3.942041"
"14779","3","386.15","9.418293"
"13584","3","385.70","4.821250"
"16492","1","385.56","16.763478"
"12973","1","385.55","64.258333"
"12889","4","385.46","15.418400"
"12829","3","385.30","20.278947"
"14826","2","385.20","38.520000"
"17617","1","385.19","21.399444"
"17711","2","385.10","16.743478"
"17171","2","384.59","15.383600"
"16868","3","384.56","7.691200"
"16433","2","384.52","11.309412"
"17357","2","384.39","8.736136"
"13966","1","384.26","18.298095"
"16982","1","384.06","17.457273"
"14598","2","384.04","4.267111"
"15155","1","383.97","15.998750"
"13792","3","383.95","16.693478"
"17804","3","383.78","4.217363"
"12515","1","383.70","23.981250"
"15440","3","383.68","6.188387"
"12547","3","383.58","18.265714"
"12832","2","383.03","14.186296"
"13817","2","382.98","15.957500"
"17403","2","382.87","8.508222"
"14767","1","382.81","21.267222"
"16988","2","382.67","19.133500"
"13657","2","382.14","23.883750"
"17753","4","382.06","5.537101"
"17250","2","381.97","6.820893"
"14908","2","381.90","27.278571"
"16304","1","381.66","15.266400"
"15090","1","381.32","16.579130"
"17393","2","381.15","7.940625"
"17903","1","381.09","8.468667"
"15048","4","381.00","4.053191"
"12796","1","381.00","54.428571"
"17573","3","380.60","15.224000"
"17936","1","380.13","5.279583"
"14731","3","380.02","8.444889"
"16577","1","380.00","16.521739"
"16552","2","379.73","22.337059"
"14200","1","379.20","18.057143"
"16909","1","379.14","21.063333"
"16930","3","378.89","7.148868"
"13372","1","378.64","16.462609"
"17078","2","378.20","13.507143"
"12651","4","377.75","12.591667"
"12941","1","377.49","13.981111"
"17736","3","377.44","15.097600"
"17783","3","376.96","4.142418"
"17717","1","376.92","14.496923"
"16544","4","376.70","34.245455"
"17489","2","376.64","12.987586"
"14353","3","376.50","15.060000"
"13997","3","376.46","8.555909"
"14531","1","376.34","12.977241"
"13688","1","375.50","75.100000"
"14448","2","375.35","18.767500"
"14294","1","375.34","16.319130"
"14067","2","374.70","7.205769"
"17912","6","374.55","7.344118"
"17568","1","374.45","6.039516"
"14736","2","374.05","4.250568"
"13351","1","373.94","23.371250"
"13283","4","373.36","18.668000"
"17810","2","373.16","6.784727"
"15337","1","373.02","17.762857"
"13197","1","373.01","19.632105"
"14981","2","372.92","16.950909"
"12895","2","372.80","16.945455"
"12544","1","372.70","19.615789"
"12981","2","372.22","18.611000"
"13164","2","372.20","37.220000"
"17245","2","371.63","14.865200"
"18155","3","371.62","14.864800"
"15472","1","371.56","4.888947"
"18162","1","371.51","8.076304"
"14950","1","371.20","19.536842"
"15975","1","371.01","15.458750"
"15063","1","370.80","74.160000"
"15765","1","370.63","14.825200"
"14168","2","370.45","24.696667"
"15458","2","370.44","28.495385"
"17437","1","369.68","7.109231"
"15922","1","369.50","33.590909"
"16758","1","369.34","16.788182"
"14888","1","369.20","18.460000"
"14172","3","369.02","8.386818"
"15477","1","368.40","184.200000"
"17792","2","368.35","7.083654"
"15989","2","368.31","4.282674"
"14706","1","367.54","14.701600"
"14018","1","367.15","28.242308"
"14962","4","366.91","26.207857"
"14244","1","366.42","22.901250"
"12899","1","366.40","21.552941"
"17911","1","366.23","9.390513"
"16974","2","365.50","45.687500"
"15029","1","365.10","36.510000"
"13545","2","364.93","6.757963"
"17536","3","364.83","22.801875"
"14886","1","364.80","20.266667"
"15949","2","364.72","19.195789"
"15343","1","364.50","17.357143"
"15915","1","364.45","3.225221"
"14528","1","364.22","20.234444"
"16509","1","363.70","27.976923"
"14253","2","363.40","30.283333"
"14594","2","363.33","6.987115"
"16078","2","362.99","9.307436"
"16378","3","362.95","15.780435"
"13962","3","362.80","15.773913"
"14840","2","362.71","16.486818"
"14122","3","362.42","27.878462"
"16052","1","362.06","10.648824"
"13844","1","361.62","18.081000"
"16305","1","361.22","16.419091"
"16448","2","361.12","7.222400"
"18091","1","360.85","14.434000"
"13274","1","360.85","18.992105"
"17772","3","360.75","3.757813"
"17012","1","360.61","10.016944"
"17945","3","360.35","5.004861"
"18208","1","360.08","21.181176"
"15008","2","360.00","30.000000"
"13298","1","360.00","180.000000"
"13181","1","359.69","18.931053"
"14926","2","359.40","119.800000"
"14919","1","359.35","27.642308"
"15120","1","358.82","17.086667"
"17948","1","358.56","358.560000"
"16856","3","358.49","18.867895"
"17748","1","358.15","21.067647"
"13228","1","358.00","179.000000"
"16606","2","357.66","16.257273"
"15595","1","357.60","89.400000"
"12495","1","357.40","21.023529"
"16971","1","357.21","8.712439"
"18040","2","357.20","18.800000"
"18273","4","357.00","89.250000"
"14500","3","356.85","50.978571"
"17200","4","356.71","14.268400"
"15840","2","355.56","13.168889"
"12996","1","355.50","16.159091"
"16920","1","355.45","15.454348"
"15863","5","355.10","4.611688"
"14268","1","354.85","18.676316"
"15986","2","354.42","14.176800"
"12888","2","354.12","70.824000"
"12845","4","354.09","13.114444"
"16323","2","353.66","88.415000"
"18003","1","353.51","15.370000"
"13210","1","353.48","16.067273"
"13343","1","353.43","18.601579"
"14804","1","353.27","29.439167"
"16382","2","353.10","8.025000"
"16690","4","353.03","18.580526"
"12617","1","352.98","8.609268"
"13765","1","352.82","22.051250"
"16857","1","352.80","32.072727"
"16274","1","351.75","5.411538"
"12566","1","351.65","18.507895"
"16192","1","351.30","31.936364"
"13923","1","351.13","17.556500"
"14252","1","350.99","35.099000"
"13332","1","350.90","16.709524"
"13281","1","350.85","15.947727"
"15334","3","350.82","3.579796"
"16476","1","350.35","14.597917"
"12532","1","349.83","21.864375"
"13670","1","349.70","13.988000"
"13887","1","349.55","18.397368"
"18250","1","349.27","16.631905"
"14545","1","349.25","15.184783"
"17252","2","348.91","4.057093"
"13790","1","348.80","7.751111"
"17577","2","348.75","16.607143"
"15282","1","348.59","12.910741"
"16263","1","348.16","16.579048"
"12760","1","347.80","16.561905"
"17668","2","347.75","23.183333"
"15085","1","347.54","38.615556"
"13062","1","346.98","31.543636"
"12411","1","346.90","15.768182"
"17780","3","346.56","4.386835"
"13234","2","346.50","5.680328"
"16423","1","346.12","19.228889"
"15781","3","345.46","17.273000"
"13774","1","345.00","15.681818"
"14633","1","344.90","17.245000"
"18199","1","344.75","17.237500"
"15519","2","344.61","9.313784"
"17569","1","344.14","11.866897"
"13068","2","344.00","172.000000"
"16990","2","344.00","172.000000"
"15047","1","343.62","15.619091"
"15520","1","343.50","19.083333"
"18081","3","343.45","20.202941"
"12715","1","343.36","17.168000"
"13519","2","343.21","18.063684"
"17795","2","342.83","7.618444"
"13550","1","342.55","8.155952"
"16851","3","342.45","17.122500"
"14989","1","342.40","19.022222"
"17835","3","342.24","5.800678"
"17660","2","342.22","4.173415"
"14724","1","341.90","8.339024"
"16826","1","341.70","15.531818"
"16585","2","341.59","18.977222"
"13187","4","341.36","6.095714"
"13347","1","341.36","42.670000"
"17928","3","341.24","12.638519"
"16259","3","340.94","4.011059"
"14491","2","340.93","20.054706"
"17542","3","340.85","5.325781"
"16044","1","340.84","17.938947"
"15818","1","340.50","30.954545"
"12900","1","340.33","26.179231"
"12698","1","339.75","21.234375"
"13737","1","339.60","11.320000"
"14203","1","339.34","21.208750"
"17697","1","338.95","17.839474"
"14630","1","338.65","16.126190"
"17833","1","338.46","10.918065"
"14799","2","338.15","14.702174"
"17296","1","338.13","10.246364"
"12869","1","337.67","9.126216"
"15942","1","337.44","24.102857"
"12780","1","337.40","16.870000"
"13930","2","337.34","19.843529"
"17973","1","337.04","22.469333"
"17488","1","336.50","18.694444"
"15619","1","336.40","112.133333"
"13482","2","336.09","16.804500"
"14196","1","335.52","55.920000"
"16063","1","335.32","14.579130"
"17917","3","335.03","3.641630"
"12489","1","334.93","22.328667"
"17821","1","334.62","55.770000"
"12350","1","334.40","19.670588"
"17607","1","333.81","15.173182"
"13216","1","333.74","66.748000"
"14241","2","333.70","27.808333"
"16234","3","333.18","22.212000"
"16006","2","332.82","4.266923"
"14137","1","332.70","30.245455"
"13904","2","332.64","12.793846"
"16850","1","332.41","17.495263"
"16803","1","332.30","13.845833"
"16452","2","332.17","18.453889"
"17647","3","331.66","27.638333"
"15512","4","331.58","10.361875"
"17435","1","331.35","22.090000"
"16030","1","331.24","11.422069"
"13981","1","331.14","15.051818"
"16478","3","331.00","19.470588"
"15878","2","330.77","6.485686"
"17776","2","330.56","4.132000"
"14517","2","330.45","18.358333"
"12807","1","330.35","20.646875"
"13010","2","330.12","27.510000"
"15130","1","330.11","15.005000"
"12850","1","330.00","165.000000"
"18186","1","329.58","29.961818"
"17518","2","329.42","4.278182"
"17914","1","329.36","4.391467"
"17154","1","329.34","14.319130"
"15153","1","329.25","14.965909"
"15979","1","329.22","14.964545"
"15880","1","329.03","3.427396"
"16286","2","328.95","19.350000"
"14012","1","328.80","29.890909"
"16855","2","328.40","17.284211"
"15213","2","328.35","13.681250"
"14747","1","328.20","18.233333"
"16318","1","328.15","17.271053"
"15709","2","327.85","12.142593"
"17196","1","327.75","3.524194"
"15735","1","327.68","17.246316"
"13498","1","327.38","19.257647"
"16322","2","326.75","8.831081"
"12460","1","326.65","18.147222"
"13646","2","326.25","5.625000"
"18047","2","326.09","3.928795"
"17439","1","325.74","40.717500"
"12804","2","325.37","4.929848"
"13661","1","325.24","19.131765"
"15670","2","325.20","17.115789"
"13801","1","324.80","14.121739"
"15982","1","324.51","7.211333"
"12946","1","324.45","16.222500"
"16685","2","324.24","5.229677"
"18261","2","324.24","15.440000"
"13834","2","324.19","20.261875"
"17440","4","323.58","53.930000"
"13025","1","323.39","24.876154"
"16195","1","323.25","20.203125"
"14263","1","322.93","20.183125"
"16627","1","322.80","16.140000"
"14832","1","322.69","322.690000"
"16342","4","322.41","21.494000"
"14424","1","322.08","322.080000"
"15726","1","321.91","13.996087"
"18090","1","321.90","5.961111"
"13111","1","321.88","26.823333"
"17976","1","321.79","5.645439"
"17471","1","321.65","16.928947"
"14070","1","321.60","7.843902"
"15770","1","321.45","17.858333"
"14823","3","321.43","4.591857"
"17182","2","321.30","53.550000"
"15869","3","321.11","9.444412"
"15236","1","321.05","21.403333"
"15432","2","320.76","20.047500"
"14622","1","320.58","15.265714"
"13986","1","320.46","24.650769"
"17843","2","320.40","5.167742"
"17309","3","320.39","8.899722"
"16683","1","320.25","17.791667"
"13942","1","320.00","320.000000"
"13843","1","319.75","17.763889"
"16436","3","319.14","7.978500"
"16967","1","319.02","15.191429"
"17229","2","318.76","6.782128"
"16273","2","318.34","21.222667"
"15682","2","318.24","12.729600"
"14703","1","318.17","14.462273"
"17839","1","318.15","6.118269"
"18253","1","317.88","45.411429"
"17267","2","317.20","8.572973"
"15616","1","317.11","24.393077"
"17689","2","317.08","14.412727"
"16761","1","316.62","24.355385"
"15204","1","316.58","35.175556"
"12529","1","316.48","15.070476"
"13494","1","316.26","17.570000"
"17408","3","316.09","39.511250"
"18117","1","315.65","4.384028"
"12614","1","315.60","15.780000"
"15042","2","315.45","35.050000"
"16091","2","315.06","17.503333"
"17121","1","314.74","26.228333"
"14991","1","314.67","14.984286"
"18206","1","314.66","16.561053"
"12650","1","314.44","15.722000"
"18070","1","314.10","34.900000"
"15873","4","313.92","52.320000"
"15196","2","313.70","7.469048"
"13087","1","313.64","20.909333"
"16582","1","313.62","52.270000"
"12665","3","313.60","18.447059"
"13845","1","312.98","34.775556"
"15162","1","312.90","26.075000"
"13905","1","312.65","26.054167"
"15318","1","312.62","9.473333"
"13226","2","312.46","11.159286"
"12834","1","312.38","17.354444"
"17326","2","312.35","3.631977"
"14094","1","311.77","7.250465"
"14951","1","311.69","15.584500"
"12852","1","311.55","18.326471"
"13990","1","311.30","19.456250"
"15724","3","310.85","18.285294"
"16328","1","310.83","19.426875"
"13400","1","310.83","13.514348"
"13847","1","310.72","16.353684"
"16439","1","310.70","34.522222"
"15185","1","310.62","14.791429"
"14848","1","310.56","28.232727"
"15308","1","310.47","16.340526"
"15188","1","310.43","13.496957"
"13315","1","310.26","14.102727"
"14749","1","310.15","17.230556"
"13628","1","310.14","19.383750"
"17181","3","309.85","11.066071"
"15699","1","309.65","17.202778"
"16373","2","309.49","10.672069"
"12884","1","309.05","44.150000"
"15010","1","308.94","15.447000"
"16956","1","308.74","19.296250"
"16194","1","308.60","38.575000"
"14181","2","308.35","5.929808"
"13369","1","308.28","22.020000"
"14927","1","308.20","15.410000"
"15302","1","308.00","20.533333"
"13289","1","307.95","19.246875"
"15778","1","307.95","18.114706"
"16123","1","307.78","19.236250"
"13529","2","307.76","20.517333"
"14777","1","307.56","19.222500"
"13060","1","307.53","20.502000"
"17120","1","307.46","17.081111"
"13932","1","307.40","19.212500"
"15374","2","307.32","30.732000"
"14783","1","307.30","18.076471"
"17721","1","307.21","27.928182"
"13036","1","307.10","51.183333"
"13142","1","307.09","13.351739"
"15087","1","306.94","20.462667"
"13660","1","306.64","7.666000"
"16649","1","306.58","15.329000"
"13718","2","306.55","25.545833"
"18059","3","306.46","17.025556"
"16524","2","306.19","5.777170"
"17077","1","306.00","306.000000"
"15454","2","305.99","7.649750"
"15135","2","305.68","15.284000"
"16796","1","305.62","16.978889"
"16181","1","305.54","27.776364"
"13383","1","305.28","305.280000"
"15893","1","305.28","305.280000"
"15163","2","304.47","10.498966"
"18185","1","304.25","17.897059"
"16217","2","304.25","20.283333"
"16674","2","304.24","3.271398"
"17688","1","304.20","16.010526"
"14990","2","304.17","7.242143"
"17383","2","304.09","5.962549"
"16489","2","303.70","50.616667"
"14791","1","303.63","15.980526"
"14806","2","303.43","15.171500"
"18255","2","303.15","15.955263"
"16425","1","302.70","14.414286"
"14043","2","302.60","7.380488"
"18165","1","302.46","30.246000"
"17339","3","302.36","30.236000"
"17506","1","302.20","21.585714"
"15054","2","302.10","2.650000"
"15242","1","302.04","75.510000"
"16297","1","301.90","15.095000"
"13773","2","301.54","15.870526"
"15667","1","301.32","23.178462"
"15148","1","301.29","15.064500"
"13625","1","301.26","14.345714"
"16437","2","301.25","14.345238"
"12351","1","300.93","14.330000"
"16479","2","300.83","8.595143"
"16050","3","300.70","14.319048"
"17556","2","300.67","21.476429"
"17793","1","300.34","5.775769"
"14797","1","300.31","18.769375"
"17991","3","300.30","7.902632"
"17766","2","299.61","13.618636"
"12864","2","299.57","42.795714"
"13346","6","299.40","49.900000"
"17898","4","299.18","5.983600"
"13667","1","299.05","3.603012"
"12595","1","299.02","15.737895"
"15609","1","298.48","18.655000"
"17824","1","298.40","22.953846"
"12881","1","298.00","42.571429"
"18018","4","297.99","6.772500"
"16583","2","297.95","16.552778"
"14835","2","297.00","148.500000"
"17627","1","296.36","29.636000"
"13751","1","296.25","32.916667"
"12898","2","296.21","10.970741"
"13504","1","295.93","13.451364"
"14269","1","295.73","18.483125"
"14614","1","295.13","15.533158"
"16252","1","295.09","14.051905"
"16579","1","295.05","21.075000"
"17057","1","294.74","5.894800"
"17301","2","294.39","2.605221"
"15060","4","294.25","2.558696"
"17124","1","294.24","9.491613"
"17927","1","294.00","29.400000"
"15718","1","293.79","16.321667"
"14192","1","293.74","20.981429"
"15928","1","293.53","26.684545"
"17710","1","293.50","14.675000"
"16402","2","293.45","5.148246"
"17441","1","293.35","13.969048"
"17207","1","292.62","4.877000"
"16721","1","292.47","7.904595"
"16543","1","292.21","16.233889"
"13739","2","292.20","48.700000"
"14985","2","292.01","3.518193"
"13449","1","291.88","15.362105"
"17907","1","291.76","22.443077"
"17882","2","291.56","5.501132"
"16615","1","291.50","15.342105"
"18182","1","291.13","29.113000"
"17551","1","290.34","7.444615"
"15391","1","289.87","24.155833"
"16897","2","289.78","7.831892"
"13796","1","289.70","13.168182"
"15962","1","289.48","5.263273"
"15041","2","289.40","2.782692"
"14162","2","289.36","11.574400"
"15545","2","288.97","3.612125"
"17501","2","288.60","16.033333"
"16808","2","288.42","12.540000"
"16432","1","287.40","35.925000"
"17497","2","287.25","41.035714"
"13508","2","287.05","10.251786"
"14660","2","285.74","9.524667"
"14402","1","285.60","35.700000"
"17636","1","285.56","14.278000"
"16890","3","285.41","15.021579"
"13708","1","285.33","5.823061"
"12487","1","285.30","142.650000"
"16429","1","284.55","142.275000"
"15445","2","284.50","20.321429"
"17359","2","284.46","7.485789"
"15354","3","284.40","94.800000"
"13616","2","283.85","8.110000"
"13121","1","283.73","5.674600"
"15662","2","283.73","23.644167"
"13909","2","282.85","7.443421"
"15936","2","282.79","14.883684"
"13511","1","282.76","56.552000"
"12771","1","282.30","18.820000"
"16557","2","281.85","25.622727"
"13326","1","281.76","21.673846"
"13679","3","281.26","5.625200"
"18042","2","281.15","17.571875"
"15772","1","280.88","17.555000"
"12851","2","280.76","3.646234"
"13080","4","280.73","14.775263"
"14433","1","280.70","3.793243"
"14242","2","280.55","17.534375"
"13581","2","280.53","8.500909"
"17247","1","280.09","5.186852"
"15556","1","279.77","9.024839"
"14183","2","278.34","8.186471"
"14764","1","278.30","46.383333"
"14303","2","277.94","12.633636"
"15338","1","277.93","4.791897"
"15355","2","277.05","19.789286"
"13606","3","276.75","6.918750"
"13272","2","276.56","18.437333"
"12750","1","275.88","18.392000"
"13399","3","275.40","18.360000"
"16313","2","274.15","17.134375"
"12789","3","273.35","34.168750"
"17072","1","273.35","13.016667"
"13307","3","273.34","18.222667"
"17355","1","273.31","8.282121"
"13861","2","273.26","13.012381"
"17498","1","272.22","16.012941"
"13917","2","272.04","15.113333"
"14816","1","271.85","67.962500"
"17292","2","271.75","18.116667"
"14436","2","271.70","24.700000"
"13058","3","271.40","33.925000"
"15943","2","271.29","22.607500"
"17278","2","271.24","15.955294"
"18238","1","270.92","19.351429"
"14520","2","270.60","67.650000"
"16757","2","270.48","18.032000"
"12558","1","269.96","24.541818"
"18267","1","269.37","15.845294"
"15964","1","269.21","13.460500"
"13533","3","269.09","3.587867"
"17264","1","268.28","3.625405"
"12751","1","268.27","4.326935"
"18254","1","267.90","16.743750"
"14039","2","267.28","26.728000"
"15408","1","267.18","7.858235"
"15320","1","267.13","7.420278"
"15517","1","267.03","9.890000"
"15423","3","266.89","19.063571"
"17786","2","266.85","3.924265"
"14863","1","266.76","24.250909"
"13837","2","266.59","14.810556"
"14392","1","266.40","19.028571"
"15119","1","266.40","19.028571"
"12962","2","266.39","16.649375"
"13973","1","264.70","24.063636"
"16334","1","263.73","4.883889"
"13128","1","263.50","263.500000"
"16089","2","263.49","5.606170"
"12892","1","263.38","14.632222"
"17808","4","262.64","7.958788"
"13331","1","262.40","21.866667"
"17910","1","261.70","10.065385"
"14957","2","261.69","9.346071"
"12655","1","261.35","16.334375"
"13189","2","260.68","8.988966"
"17901","3","260.08","11.821818"
"17022","2","260.00","16.250000"
"16733","1","259.68","21.640000"
"13127","1","259.17","17.278000"
"17558","1","259.17","9.256071"
"17219","2","259.13","5.182600"
"15536","1","259.09","16.193125"
"14526","1","258.65","6.308537"
"13683","1","258.60","25.860000"
"16502","2","258.55","6.306098"
"15894","2","258.25","6.979730"
"13227","1","257.70","28.633333"
"15014","2","257.67","7.808182"
"16542","2","257.32","18.380000"
"15503","2","257.30","2.199145"
"15852","3","257.26","7.795758"
"14483","2","257.10","19.776923"
"15404","1","257.06","16.066250"
"14876","2","256.70","19.746154"
"14274","1","256.60","17.106667"
"12430","1","256.40","23.309091"
"13806","1","256.38","25.638000"
"17896","1","256.32","128.160000"
"17385","1","256.11","5.691333"
"13825","2","255.59","6.389750"
"14881","1","255.40","15.023529"
"16911","2","255.25","7.292857"
"12746","1","254.55","14.973529"
"12604","2","254.18","15.886250"
"14765","3","254.11","6.515641"
"17626","1","254.00","14.111111"
"16845","1","253.88","12.694000"
"13250","2","253.09","13.320526"
"17992","1","252.88","4.863077"
"15019","1","252.81","3.830455"
"15035","1","252.73","9.360370"
"13251","1","252.68","10.107200"
"16908","1","252.59","12.629500"
"15552","2","252.52","8.417333"
"16074","1","252.50","10.100000"
"13404","2","252.49","22.953636"
"13645","1","252.10","50.420000"
"17210","1","251.72","4.749434"
"16453","2","251.71","16.780667"
"16976","1","251.52","125.760000"
"14501","2","251.21","25.121000"
"14166","2","251.15","4.924510"
"18266","1","251.10","17.935714"
"16962","1","251.04","16.736000"
"15231","1","250.26","17.875714"
"17303","1","250.04","4.717736"
"15510","1","250.00","250.000000"
"16893","2","249.89","2.872299"
"12563","1","249.24","19.172308"
"13061","1","248.61","24.861000"
"13592","4","247.96","15.497500"
"16381","2","247.85","4.063115"
"15293","1","247.50","13.026316"
"18072","1","247.44","13.746667"
"13349","1","247.32","15.457500"
"14658","2","247.15","8.522414"
"14654","1","246.86","9.142963"
"15697","1","246.75","17.625000"
"13943","1","246.54","16.436000"
"15378","2","246.50","20.541667"
"15495","1","246.50","12.325000"
"15783","1","246.30","17.592857"
"18153","1","246.22","14.483529"
"16778","2","245.94","15.371250"
"14325","1","245.48","13.637778"
"14281","1","245.15","35.021429"
"12660","1","245.10","18.853846"
"15118","1","244.80","244.800000"
"15884","2","244.60","17.471429"
"16528","1","244.41","14.377059"
"18002","4","244.37","4.610755"
"14694","1","244.31","16.287333"
"13551","2","244.20","48.840000"
"17892","3","244.10","8.717857"
"17925","1","244.08","244.080000"
"13676","2","243.90","18.761538"
"16793","1","243.84","15.240000"
"13886","1","243.56","15.222500"
"16215","1","242.35","17.310714"
"15543","2","242.26","4.326071"
"17009","1","242.06","22.005455"
"13445","1","241.90","34.557143"
"13582","2","241.68","21.970909"
"15776","1","241.62","13.423333"
"14774","1","241.45","18.573077"
"14523","1","241.09","20.090833"
"16427","2","241.06","26.784444"
"16508","1","240.95","5.603488"
"13674","1","240.68","17.191429"
"15286","1","240.55","80.183333"
"15336","1","240.50","16.033333"
"15931","1","239.90","17.135714"
"15690","2","239.76","12.618947"
"13570","1","239.49","8.870000"
"13789","1","239.46","13.303333"
"17684","1","239.41","15.960667"
"12663","2","239.40","23.940000"
"17981","1","239.12","14.065882"
"13275","2","238.86","4.976250"
"12561","1","238.85","14.928125"
"12718","1","238.25","12.539474"
"16280","1","238.05","14.878125"
"14982","1","237.78","6.096923"
"17877","1","237.61","19.800833"
"14586","1","237.36","12.492632"
"15457","1","237.07","4.087414"
"12732","1","236.26","19.688333"
"13088","1","236.11","11.805500"
"16026","1","236.09","7.377813"
"17093","1","235.88","18.144615"
"17872","1","235.87","15.724667"
"16046","1","235.78","10.717273"
"12392","1","234.75","33.535714"
"13114","1","234.38","14.648750"
"14473","2","234.34","33.477143"
"17060","1","234.24","46.848000"
"12736","1","234.00","58.500000"
"13009","1","234.00","58.500000"
"13348","1","233.76","16.697143"
"14153","1","233.40","13.729412"
"15294","1","233.35","15.556667"
"13129","2","233.25","21.204545"
"16302","1","233.22","21.201818"
"17055","1","232.85","8.955769"
"13678","1","232.60","14.537500"
"18213","1","232.48","15.498667"
"13608","1","232.05","6.825000"
"14995","2","231.98","3.866333"
"16408","1","231.93","5.154000"
"17151","1","231.90","57.975000"
"17136","1","231.68","16.548571"
"18279","1","231.34","17.795385"
"15487","1","231.32","16.522857"
"18030","2","230.65","25.627778"
"17125","1","230.50","6.585714"
"13960","2","230.22","19.185000"
"18197","1","230.10","25.566667"
"14314","2","229.80","22.980000"
"14017","1","229.75","16.410714"
"12812","1","229.64","15.309333"
"13403","3","229.50","25.500000"
"17185","3","229.46","5.215000"
"15528","1","229.33","8.820385"
"17743","1","229.20","76.400000"
"15273","1","228.96","228.960000"
"17347","1","228.96","228.960000"
"13146","1","228.91","13.465294"
"17066","1","228.34","12.685556"
"14458","1","228.07","4.852553"
"16760","1","228.00","13.411765"
"15566","2","227.87","18.989167"
"14363","2","227.47","28.433750"
"17868","1","227.15","12.619444"
"16740","1","226.91","7.090938"
"15451","2","226.86","3.781000"
"13651","3","226.85","16.203571"
"18005","2","226.47","4.273019"
"14718","1","226.42","20.583636"
"17993","1","225.99","3.766500"
"14069","2","225.81","5.507561"
"17915","1","225.78","7.785517"
"16622","1","225.40","18.783333"
"16587","1","225.15","17.319231"
"14357","1","225.12","5.628000"
"13619","2","224.94","4.998667"
"16346","1","224.51","14.967333"
"15175","1","224.14","9.745217"
"12914","1","223.98","24.886667"
"16753","1","223.92","6.585882"
"14928","1","223.91","10.662381"
"16562","1","223.86","6.584118"
"13926","1","223.85","20.350000"
"17967","2","223.42","3.662623"
"18131","1","222.96","55.740000"
"12887","1","222.40","17.107692"
"14596","1","222.22","4.192830"
"15788","1","221.83","15.845000"
"14445","1","221.65","6.926563"
"17261","1","221.59","5.153256"
"17087","1","221.53","18.460833"
"14960","2","221.27","8.195185"
"13419","1","221.06","13.816250"
"12821","2","220.80","16.984615"
"16482","1","220.62","12.256667"
"13033","2","220.55","16.965385"
"18132","1","220.13","3.550484"
"18114","1","220.10","7.860714"
"13454","1","219.87","9.559565"
"13992","3","219.50","19.954545"
"14074","1","219.40","36.566667"
"15096","1","219.39","19.944545"
"12799","1","219.35","14.623333"
"12702","1","219.00","18.250000"
"15790","1","218.75","6.433824"
"15086","2","218.53","19.866364"
"12574","1","218.45","19.859091"
"15591","3","217.90","31.128571"
"16035","1","217.73","10.368095"
"16666","2","217.71","4.535625"
"15554","1","217.20","15.514286"
"13423","1","217.03","18.085833"
"15401","2","216.95","15.496429"
"18021","2","216.41","6.762813"
"17902","1","216.40","9.016667"
"15604","1","216.39","12.728824"
"13858","1","216.17","19.651818"
"16179","1","215.83","19.620909"
"16189","2","215.48","19.589091"
"14376","1","215.46","11.970000"
"18007","1","215.22","4.304400"
"14635","1","215.22","14.348000"
"14106","1","214.80","214.800000"
"16338","1","214.80","19.527273"
"14361","1","214.71","15.336429"
"17619","1","214.37","2.896892"
"15460","1","214.26","3.826071"
"14271","2","214.18","5.636316"
"14601","1","213.96","30.565714"
"18157","1","213.90","8.556000"
"13621","1","213.85","11.255263"
"17153","1","213.78","15.270000"
"13411","1","213.55","11.863889"
"16591","1","213.50","21.350000"
"13724","1","213.01","5.071667"
"13691","1","212.78","3.940370"
"12961","1","211.99","5.299750"
"12470","1","211.95","9.215217"
"15866","1","211.89","4.927674"
"14843","1","211.80","23.533333"
"15703","1","211.50","42.300000"
"13271","1","211.49","2.430920"
"12995","1","211.32","70.440000"
"15490","1","210.85","8.434000"
"14992","1","210.50","7.796296"
"13532","1","210.31","3.186515"
"17217","2","210.10","7.781481"
"16874","1","209.89","6.770645"
"17484","2","209.57","14.969286"
"13828","1","209.49","13.966000"
"13056","1","209.48","11.025263"
"14003","1","209.41","13.088125"
"16487","2","209.40","5.982857"
"15112","1","209.40","29.914286"
"17855","1","208.97","12.292353"
"15327","1","208.75","20.875000"
"13290","1","208.63","208.630000"
"15741","2","208.62","17.385000"
"15897","2","208.59","9.481364"
"16457","1","208.36","23.151111"
"15212","2","208.28","20.828000"
"12848","1","208.00","13.000000"
"16964","2","207.85","34.641667"
"16866","3","207.74","18.885455"
"15052","1","207.73","7.418929"
"16752","1","207.50","23.055556"
"13099","1","207.36","207.360000"
"17989","1","207.33","7.149310"
"15925","1","207.15","17.262500"
"15295","1","207.04","3.981538"
"15820","1","206.98","12.175294"
"17166","2","206.34","17.195000"
"14964","1","206.21","15.862308"
"15914","2","205.99","15.845385"
"14278","1","205.83","15.833077"
"16540","1","205.75","7.094828"
"17670","1","205.70","18.700000"
"16490","1","205.41","15.800769"
"14602","1","205.36","6.624516"
"15307","1","205.30","17.108333"
"12400","1","205.25","18.659091"
"15758","1","205.25","22.805556"
"15319","1","204.50","12.781250"
"17271","1","204.30","4.256250"
"16901","1","204.26","8.880870"
"14468","1","204.24","17.020000"
"17206","1","204.24","29.177143"
"13017","1","204.00","204.000000"
"17394","1","203.87","50.967500"
"17891","1","203.86","5.995882"
"14519","2","203.14","5.345789"
"17074","1","203.05","50.762500"
"15459","2","202.83","28.975714"
"15558","1","202.68","8.812174"
"18169","1","202.65","22.516667"
"12416","1","202.56","18.414545"
"14892","1","202.35","15.565385"
"14385","3","202.11","14.436429"
"16965","1","201.19","7.738077"
"13284","1","201.19","15.476154"
"18281","2","201.14","11.831765"
"18126","1","200.92","3.863846"
"13556","2","200.82","22.313333"
"14330","1","200.63","15.433077"
"17693","1","200.47","12.529375"
"13133","3","200.45","16.704167"
"13944","1","200.43","5.726571"
"14782","1","200.10","33.350000"
"15593","1","199.80","39.960000"
"13322","1","199.48","7.979200"
"14521","1","199.45","11.732353"
"15001","2","199.11","4.328478"
"15020","1","198.47","7.350741"
"17184","2","198.41","14.172143"
"12581","1","197.71","13.180667"
"17778","1","197.70","19.770000"
"14185","1","197.65","65.883333"
"14789","1","197.64","32.940000"
"17112","1","197.57","4.203617"
"12927","1","197.31","17.937273"
"15234","1","197.00","14.071429"
"13436","1","196.89","16.407500"
"15746","1","196.88","7.031429"
"13978","2","196.79","13.119333"
"16937","1","196.25","4.005102"
"16112","4","195.74","12.233750"
"13757","1","195.55","24.443750"
"17010","1","195.36","17.760000"
"14666","1","195.25","13.946429"
"15612","2","195.15","32.525000"
"14405","1","195.00","97.500000"
"17468","3","194.80","24.350000"
"17065","2","194.70","16.225000"
"17475","1","194.37","13.883571"
"16299","1","193.65","16.137500"
"14476","1","193.00","11.352941"
"12522","2","192.72","16.060000"
"14768","2","192.60","38.520000"
"15729","3","192.55","17.504545"
"18028","1","192.05","48.012500"
"14100","1","191.95","7.678000"
"15909","1","191.94","27.420000"
"16695","2","191.90","5.482857"
"14279","2","191.86","63.953333"
"15692","1","191.04","15.920000"
"15954","1","190.75","9.537500"
"14728","1","190.58","13.612857"
"15688","1","190.57","7.058148"
"15412","1","190.53","19.053000"
"18020","1","190.48","15.873333"
"14617","2","190.47","21.163333"
"13766","1","190.35","11.197059"
"13972","2","190.25","12.683333"
"17257","2","189.78","13.555714"
"18046","1","189.63","7.293462"
"13826","1","189.50","18.950000"
"14801","1","189.34","3.321754"
"14830","1","188.88","4.843077"
"16277","1","188.69","8.203913"
"14697","2","188.61","8.573182"
"17283","1","188.46","12.564000"
"16051","1","188.44","15.703333"
"13063","1","188.40","15.700000"
"17781","2","188.02","15.668333"
"17279","1","187.83","20.870000"
"15072","1","187.52","14.424615"
"13852","1","187.35","17.031818"
"18013","2","187.29","6.041613"
"13568","1","187.05","4.350000"
"13387","1","186.94","2.632958"
"16267","1","186.66","26.665714"
"18063","2","186.60","62.200000"
"17215","1","186.15","16.922727"
"16388","1","186.05","14.311538"
"15567","1","186.01","26.572857"
"12641","1","185.90","18.590000"
"17574","1","185.65","23.206250"
"14879","1","185.06","6.854074"
"16097","1","185.05","18.505000"
"14677","1","184.91","13.207857"
"17803","1","184.66","6.839259"
"16914","1","183.76","6.125333"
"14059","1","183.60","22.950000"
"13460","2","183.44","10.790588"
"14119","2","183.37","16.670000"
"14983","1","183.20","6.106667"
"16819","2","182.59","10.740588"
"14941","1","182.10","26.014286"
"12934","1","181.65","90.825000"
"16822","1","181.39","16.490000"
"15359","8","181.35","11.334375"
"16594","1","181.09","3.416792"
"17904","1","181.07","5.325588"
"14858","1","180.75","16.431818"
"18119","1","180.70","6.231034"
"17820","1","180.61","4.405122"
"16090","1","180.56","10.031111"
"12622","1","180.10","16.372727"
"18234","1","179.60","5.986667"
"16640","1","179.40","13.800000"
"14945","1","179.40","16.309091"
"18147","2","179.34","25.620000"
"15895","1","179.17","16.288182"
"14705","1","179.00","179.000000"
"15209","1","178.98","13.767692"
"15139","2","178.96","13.766154"
"14812","1","178.85","4.968056"
"16691","2","178.83","16.257273"
"17170","2","178.68","17.868000"
"17879","1","178.52","29.753333"
"15292","1","178.39","7.432917"
"18045","1","178.34","4.147442"
"17253","1","178.26","9.903333"
"17798","1","178.07","3.957111"
"18282","2","178.05","14.837500"
"16403","1","177.50","17.750000"
"13618","1","177.34","13.641538"
"12618","1","177.31","16.119091"
"13072","1","177.15","25.307143"
"16285","1","176.90","5.706452"
"17036","1","176.90","14.741667"
"17587","1","176.71","4.207381"
"13746","1","176.69","19.632222"
"17947","1","176.68","19.631111"
"14287","3","176.63","19.625556"
"12893","1","176.55","5.695161"
"12509","1","176.50","25.214286"
"18054","1","176.50","16.045455"
"18175","1","176.10","25.157143"
"18274","1","175.92","15.992727"
"17840","1","175.90","3.518000"
"17026","3","175.83","35.166000"
"14486","2","175.50","29.250000"
"18166","1","175.50","17.550000"
"13007","1","175.25","15.931818"
"16144","1","175.20","175.200000"
"17331","1","175.20","175.200000"
"16559","1","175.00","10.294118"
"17108","1","174.95","19.438889"
"18010","1","174.80","12.485714"
"14495","3","174.80","24.971429"
"14518","1","174.37","10.898125"
"15684","3","173.95","15.813636"
"14674","1","173.66","12.404286"
"12441","1","173.55","15.777273"
"15565","2","173.16","21.645000"
"16741","1","173.06","15.732727"
"16599","1","172.80","14.400000"
"13671","1","172.60","2.696875"
"13690","1","172.25","19.138889"
"12442","1","172.06","14.338333"
"15515","1","171.81","24.544286"
"17983","1","171.71","7.154583"
"17575","1","171.70","34.340000"
"13560","1","171.42","5.356875"
"16312","1","171.15","17.115000"
"16673","1","171.13","9.006842"
"14536","1","170.95","9.497222"
"15403","2","170.88","21.360000"
"14811","1","170.50","6.089286"
"17922","1","170.40","21.300000"
"15256","2","170.40","17.040000"
"14860","1","170.32","15.483636"
"16731","1","170.30","4.054762"
"15335","1","170.22","4.863429"
"13747","2","169.80","33.960000"
"14218","1","169.48","14.123333"
"16002","1","169.21","4.028810"
"15647","1","169.00","15.363636"
"12367","1","168.90","15.354545"
"12768","1","168.69","16.869000"
"14578","1","168.63","7.026250"
"18269","1","168.60","24.085714"
"18099","1","168.31","8.858421"
"17737","2","168.24","16.824000"
"14131","1","168.22","3.656957"
"12551","1","168.00","16.800000"
"17559","1","167.62","13.968333"
"17367","1","167.55","5.077273"
"18037","15","167.42","5.073333"
"17586","1","167.40","20.925000"
"13609","1","167.35","23.907143"
"16405","2","167.25","33.450000"
"15166","1","167.16","13.930000"
"17875","1","167.10","6.426923"
"13547","1","167.08","3.797273"
"13967","2","166.30","27.716667"
"17650","1","166.08","20.760000"
"18088","1","166.03","4.487297"
"18107","1","165.88","4.365263"
"13903","1","165.45","16.545000"
"16663","1","165.00","165.000000"
"15316","1","165.00","165.000000"
"13470","2","165.00","16.500000"
"13191","1","164.69","2.791356"
"15904","1","164.68","5.489333"
"17535","1","164.40","12.646154"
"13603","1","164.34","6.086667"
"17417","1","164.18","10.261250"
"14955","1","163.77","5.282903"
"14354","2","163.62","18.180000"
"14485","1","162.80","3.539130"
"16517","1","162.70","9.570588"
"18174","2","162.50","81.250000"
"12954","1","162.45","16.245000"
"15733","1","162.30","16.230000"
"15534","1","162.25","20.281250"
"16443","1","162.24","162.240000"
"18014","1","162.22","5.407333"
"12661","1","162.00","14.727273"
"17971","1","161.94","7.711429"
"17600","1","161.67","12.436154"
"16113","1","161.38","5.379333"
"13714","1","161.35","5.378333"
"13779","1","161.13","5.967778"
"13701","1","161.00","17.888889"
"13229","1","160.95","16.095000"
"17605","1","160.75","12.365385"
"17202","1","160.65","20.081250"
"17487","1","160.55","20.068750"
"15229","1","160.50","17.833333"
"16645","1","160.39","11.456429"
"18146","2","160.35","16.035000"
"12966","1","160.18","16.018000"
"14571","1","160.00","5.333333"
"13420","2","159.85","19.981250"
"13302","2","159.20","53.066667"
"17953","1","159.17","7.958500"
"16213","1","159.00","26.500000"
"18224","1","158.95","15.895000"
"14089","1","158.75","12.211538"
"15499","1","158.65","3.869512"
"15548","1","158.09","6.873478"
"15348","1","158.04","17.560000"
"14318","1","158.02","17.557778"
"18004","1","157.92","4.268108"
"17751","1","157.86","4.933125"
"14207","1","157.80","78.900000"
"14822","1","157.70","17.522222"
"16687","1","157.63","19.703750"
"12894","1","157.35","7.492857"
"17318","1","157.33","9.254706"
"16371","1","157.20","14.290909"
"17128","1","157.09","11.220714"
"17118","1","157.02","15.702000"
"15007","1","156.91","13.075833"
"15742","1","156.87","3.826098"
"13830","1","156.85","14.259091"
"14406","1","156.75","19.593750"
"16578","1","156.60","17.400000"
"15438","1","156.58","6.263200"
"15263","1","156.51","13.042500"
"17885","1","156.34","2.949811"
"13051","2","155.80","38.950000"
"17832","1","155.37","2.547049"
"12738","1","155.35","14.122727"
"14368","1","155.00","19.375000"
"14046","1","154.99","11.070714"
"17698","1","154.95","19.368750"
"15740","1","154.88","17.208889"
"17899","1","154.55","4.985484"
"15226","1","154.41","19.301250"
"13490","1","154.25","19.281250"
"14814","1","154.21","5.140333"
"17517","1","153.94","13.994545"
"15560","2","153.52","15.352000"
"15431","1","153.24","76.620000"
"12602","1","153.12","12.760000"
"16248","1","152.94","21.848571"
"18138","1","152.65","19.081250"
"14066","1","152.55","21.792857"
"15509","1","152.41","5.861923"
"17327","2","152.35","38.087500"
"13653","1","152.20","16.911111"
"16617","1","151.85","30.370000"
"14362","1","151.50","4.094595"
"18076","1","151.49","18.936250"
"13697","1","151.30","12.608333"
"14516","1","151.17","4.319143"
"16662","1","151.05","5.394643"
"16337","1","151.05","15.105000"
"14073","1","151.04","11.618462"
"12959","1","150.95","18.868750"
"14980","1","150.68","6.278333"
"15991","1","150.55","25.091667"
"15775","2","150.50","16.722222"
"14084","1","150.50","21.500000"
"18200","1","150.35","5.011667"
"15474","1","150.35","7.913158"
"14845","1","150.00","150.000000"
"17234","1","149.89","10.706429"
"13257","1","149.75","21.392857"
"17946","2","149.58","7.479000"
"17390","1","149.30","12.441667"
"15435","1","149.29","5.147931"
"13003","3","149.05","24.841667"
"17549","2","148.86","24.810000"
"13125","1","148.62","7.431000"
"15526","2","148.44","37.110000"
"15283","3","148.33","16.481111"
"17592","1","148.30","11.407692"
"13457","2","148.22","16.468889"
"13578","1","147.66","16.406667"
"15479","1","147.40","16.377778"
"16724","1","147.35","8.667647"
"14098","1","147.35","7.016667"
"17794","2","147.30","21.042857"
"12858","1","147.27","3.980270"
"17030","1","146.87","13.351818"
"14683","1","146.56","6.979048"
"15496","1","146.14","6.642727"
"18137","2","145.99","5.034138"
"12565","1","145.92","16.213333"
"13866","1","145.67","20.810000"
"15937","1","145.35","20.764286"
"14972","2","145.07","7.253500"
"16598","1","145.05","14.505000"
"15902","1","145.01","8.056111"
"16852","2","144.91","16.101111"
"17938","1","144.29","4.975517"
"14109","1","144.20","16.022222"
"15816","2","144.15","13.104545"
"12587","1","144.00","36.000000"
"17186","2","144.00","72.000000"
"12387","1","143.94","15.993333"
"14604","1","143.86","6.254783"
"14574","1","143.70","13.063636"
"17149","1","143.10","23.850000"
"15705","1","143.10","23.850000"
"15761","1","143.05","28.610000"
"16507","1","142.71","3.755526"
"14386","1","142.40","20.342857"
"17859","1","141.92","6.170435"
"18038","1","141.48","5.240000"
"14041","1","141.41","6.733810"
"17273","1","141.12","11.760000"
"12636","1","141.00","141.000000"
"17959","1","140.75","70.375000"
"14773","1","140.55","14.055000"
"15388","1","140.54","14.054000"
"15702","2","140.39","4.679667"
"13483","1","140.34","14.034000"
"15324","1","140.22","17.527500"
"13839","1","139.95","19.992857"
"16840","2","139.85","15.538889"
"16483","1","139.35","7.334211"
"14772","1","139.26","15.473333"
"14707","2","139.20","69.600000"
"18209","1","139.10","17.387500"
"13273","1","138.98","8.686250"
"12902","1","138.68","13.868000"
"13716","1","138.28","6.584762"
"17982","1","138.18","10.629231"
"15663","1","138.14","15.348889"
"15848","1","137.99","4.058529"
"16396","1","137.80","17.225000"
"13279","1","137.75","15.305556"
"15836","1","137.37","13.737000"
"13907","1","136.80","34.200000"
"13195","1","136.73","2.972391"
"16237","1","136.65","19.521429"
"16289","1","136.31","6.490952"
"16651","1","136.20","22.700000"
"16876","1","136.01","4.250313"
"16462","3","136.00","45.333333"
"14366","1","136.00","136.000000"
"17583","1","135.95","19.421429"
"12968","1","135.95","27.190000"
"14889","1","135.90","13.590000"
"15419","1","135.86","16.982500"
"16114","1","135.75","16.968750"
"14391","1","135.60","9.685714"
"13076","1","135.40","15.044444"
"16665","1","135.40","15.044444"
"14588","1","135.39","8.461875"
"13144","2","135.35","22.558333"
"17972","1","135.19","4.506333"
"13702","1","135.18","27.036000"
"17960","3","135.08","3.650811"
"17199","1","135.04","16.880000"
"13364","1","134.96","13.496000"
"13119","1","134.90","12.263636"
"16055","1","134.80","16.850000"
"14340","1","134.70","22.450000"
"14174","1","134.46","5.171538"
"15926","1","134.44","19.205714"
"16486","1","134.36","19.194286"
"14280","1","134.04","16.755000"
"16886","1","134.00","16.750000"
"14349","1","133.50","4.306452"
"17881","1","133.35","16.668750"
"17826","1","133.34","4.040606"
"12467","1","132.80","14.755556"
"12964","1","132.24","5.086154"
"12512","2","132.18","4.263871"
"14438","1","131.90","14.655556"
"17565","1","131.83","4.394333"
"17455","1","131.70","16.462500"
"14795","1","131.45","21.908333"
"15409","1","131.25","14.583333"
"14378","1","131.25","14.583333"
"17225","1","131.15","26.230000"
"16865","1","130.95","8.184375"
"15844","1","130.74","11.885455"
"17240","1","130.60","18.657143"
"16410","1","130.32","26.064000"
"16288","1","129.85","18.550000"
"17762","1","129.75","7.632353"
"15317","1","129.75","25.950000"
"17847","2","129.69","14.410000"
"14999","1","129.48","14.386667"
"12555","1","129.23","129.230000"
"13071","1","129.22","10.768333"
"17056","1","128.60","16.075000"
"16828","2","128.50","16.062500"
"17089","1","128.45","32.112500"
"16251","1","128.31","6.415500"
"15892","1","128.20","3.373684"
"17297","1","128.18","2.615918"
"13666","5","127.90","6.731579"
"13053","1","127.65","7.508824"
"13586","1","127.28","6.364000"
"15578","1","127.10","9.776923"
"15923","1","127.08","6.051429"
"16973","1","127.00","21.166667"
"14751","2","126.45","18.064286"
"15463","1","126.14","18.020000"
"16294","1","126.05","15.756250"
"13794","1","126.03","14.003333"
"17657","1","126.00","18.000000"
"12814","1","125.92","62.960000"
"13522","1","125.80","25.160000"
"16925","1","125.65","6.980556"
"15017","1","125.58","6.279000"
"15731","1","125.30","15.662500"
"13912","1","124.95","17.850000"
"17148","1","124.88","13.875556"
"17818","1","124.78","2.970952"
"13312","1","124.75","24.950000"
"16849","1","124.57","15.571250"
"17316","1","124.45","3.555714"
"12773","1","124.25","20.708333"
"18000","1","124.25","20.708333"
"15779","2","124.08","15.510000"
"13968","1","123.66","15.457500"
"14187","1","123.50","15.437500"
"16397","1","123.13","13.681111"
"13876","1","122.70","17.528571"
"13638","1","122.64","15.330000"
"12969","1","122.45","24.490000"
"13084","1","122.40","61.200000"
"16073","1","122.40","122.400000"
"13244","1","121.74","4.508889"
"13182","1","121.18","11.016364"
"15049","1","121.17","40.390000"
"17260","1","120.95","20.158333"
"17446","2","120.90","13.433333"
"14884","1","120.60","15.075000"
"14444","1","120.44","10.949091"
"14165","1","120.44","5.018333"
"17543","1","120.05","9.234615"
"18015","1","120.03","2.609348"
"14259","1","120.00","24.000000"
"14453","1","119.93","5.451364"
"15161","1","119.92","3.633939"
"17541","1","119.86","3.866452"
"17177","1","119.50","4.120690"
"15843","1","118.95","14.868750"
"17280","1","118.86","19.810000"
"17079","1","118.80","59.400000"
"14155","1","118.75","19.791667"
"14076","1","118.67","2.697045"
"12929","1","117.85","14.731250"
"16291","1","117.72","117.720000"
"17654","1","117.55","5.343182"
"16959","1","117.35","16.764286"
"14726","1","116.50","7.766667"
"17117","1","116.20","12.911111"
"14874","1","116.18","19.363333"
"14143","1","115.80","16.542857"
"16068","1","115.73","3.306571"
"18027","1","115.31","5.490952"
"18012","1","115.30","8.869231"
"17401","1","114.85","9.570833"
"15905","1","114.69","5.213182"
"17933","1","114.69","8.192143"
"13188","1","114.60","57.300000"
"14632","1","114.56","14.320000"
"16247","1","114.56","7.160000"
"14652","1","114.18","3.937241"
"12938","1","114.14","12.682222"
"14582","1","114.11","19.018333"
"17275","1","114.10","4.960870"
"15056","1","113.65","18.941667"
"14457","1","113.64","28.410000"
"18105","1","113.48","6.304444"
"16821","1","113.35","16.192857"
"17784","1","112.86","4.906957"
"18148","1","112.85","11.285000"
"14689","1","112.80","8.676923"
"16697","1","112.75","5.369048"
"18129","1","112.55","8.039286"
"13241","1","112.53","2.813250"
"15610","1","112.46","18.743333"
"13620","1","112.34","22.468000"
"17900","2","112.20","18.700000"
"12756","1","112.08","28.020000"
"13193","1","112.08","4.483200"
"14750","1","112.03","3.500938"
"17957","1","111.68","3.602581"
"14668","1","111.63","9.302500"
"17304","1","111.50","22.300000"
"17887","1","111.35","11.135000"
"18120","1","111.15","6.538235"
"17208","1","111.15","4.832609"
"15352","1","111.15","3.269118"
"14464","2","111.00","27.750000"
"12692","1","110.95","8.534615"
"14509","1","110.95","4.438000"
"15537","1","110.92","4.621667"
"15853","1","110.80","3.693333"
"18256","1","110.70","11.070000"
"14787","1","110.65","7.376667"
"16963","1","110.55","15.792857"
"14641","1","110.46","15.780000"
"17836","1","110.21","4.592083"
"17909","1","110.05","13.756250"
"15851","1","109.73","13.716250"
"14033","1","109.44","109.440000"
"16363","1","109.36","21.872000"
"16064","1","109.31","6.430000"
"16664","1","109.20","13.650000"
"14721","1","109.07","4.362800"
"14345","1","108.98","18.163333"
"13170","1","108.81","3.627000"
"15875","1","108.52","4.718261"
"16106","1","108.38","18.063333"
"14374","1","108.00","15.428571"
"14661","1","107.95","26.987500"
"13580","1","107.75","21.550000"
"14943","1","107.62","21.524000"
"15395","1","107.45","15.350000"
"16301","1","107.33","17.888333"
"15328","1","107.24","13.405000"
"17893","1","107.21","7.147333"
"16047","1","107.14","107.140000"
"15846","1","107.01","3.690000"
"16630","1","106.80","26.700000"
"16082","1","106.75","6.671875"
"14637","1","106.68","15.240000"
"15168","1","106.56","21.312000"
"15927","1","106.54","7.102667"
"17791","1","106.10","10.610000"
"16581","1","105.84","11.760000"
"18103","1","105.80","10.580000"
"15642","1","105.78","17.630000"
"14579","1","105.56","4.222400"
"15340","1","105.50","15.071429"
"14027","1","104.82","17.470000"
"17328","1","104.70","17.450000"
"16547","1","104.26","4.170400"
"16375","2","104.00","8.000000"
"16896","1","103.95","5.775000"
"14542","1","103.25","20.650000"
"15924","1","102.82","6.854667"
"18124","1","102.65","5.132500"
"17467","1","102.60","25.650000"
"14836","3","102.45","17.075000"
"15486","1","102.00","102.000000"
"13829","1","102.00","102.000000"
"16516","1","101.70","16.950000"
"18068","1","101.70","101.700000"
"16944","1","101.36","14.480000"
"18086","1","101.34","14.477143"
"18195","1","101.16","20.232000"
"17741","2","101.10","16.850000"
"16498","2","100.97","6.731333"
"17493","1","100.91","12.613750"
"14946","1","100.90","33.633333"
"17224","1","100.86","12.607500"
"17427","1","100.80","50.400000"
"14371","1","100.50","25.125000"
"15635","1","100.35","50.175000"
"17570","1","100.00","100.000000"
"17939","1","99.14","8.261667"
"12774","1","98.70","16.450000"
"17538","1","98.42","10.935556"
"16694","1","98.30","32.766667"
"17395","1","97.50","32.500000"
"12984","1","97.50","24.375000"
"14642","1","96.12","48.060000"
"17816","6","96.11","2.135778"
"13793","1","96.00","13.714286"
"15583","1","95.96","2.460513"
"17024","3","95.85","31.950000"
"17895","1","95.45","6.363333"
"18249","1","95.34","11.917500"
"12548","1","95.20","19.040000"
"15285","1","94.92","15.820000"
"14833","1","94.80","13.542857"
"15868","1","94.53","23.632500"
"16339","1","94.05","5.225000"
"15397","1","94.00","15.666667"
"18033","1","93.82","2.843030"
"14394","1","93.80","15.633333"
"15305","1","93.60","18.720000"
"12992","1","93.35","15.558333"
"15082","1","93.35","15.558333"
"16196","1","93.30","23.325000"
"14865","4","92.52","15.420000"
"14054","1","92.46","15.410000"
"13160","1","91.80","22.950000"
"16831","1","91.80","15.300000"
"12659","1","91.68","18.336000"
"13392","1","91.14","11.392500"
"14786","1","90.96","12.994286"
"13947","1","90.60","18.120000"
"14435","1","90.42","30.140000"
"16506","2","90.30","30.100000"
"16597","1","90.04","12.862857"
"15686","1","90.00","90.000000"
"14117","1","90.00","30.000000"
"14974","1","89.94","5.290588"
"16061","1","89.65","29.883333"
"13535","1","89.50","89.500000"
"14760","1","89.20","17.840000"
"12686","1","89.14","12.734286"
"13222","1","88.50","88.500000"
"15603","2","88.48","22.120000"
"15083","1","88.20","17.640000"
"16564","1","87.80","17.560000"
"17606","1","87.30","14.550000"
"17763","4","86.15","6.153571"
"13180","1","86.10","21.525000"
"15541","1","85.13","2.935517"
"13841","1","85.00","85.000000"
"12401","1","84.30","16.860000"
"15094","2","83.00","16.600000"
"14347","1","82.60","13.766667"
"13469","1","82.40","13.733333"
"16028","1","82.20","16.440000"
"13215","1","81.60","81.600000"
"13006","1","81.57","20.392500"
"17620","1","81.44","20.360000"
"17008","1","81.36","81.360000"
"14717","1","81.30","7.390909"
"15170","1","81.15","20.287500"
"17336","1","81.12","81.120000"
"16789","1","80.80","16.160000"
"17752","1","80.64","80.640000"
"15833","1","80.40","16.080000"
"15131","1","80.28","11.468571"
"14190","1","79.90","79.900000"
"16165","1","79.90","79.900000"
"14007","1","79.48","15.896000"
"15753","1","79.20","79.200000"
"12570","1","77.52","77.520000"
"17942","1","77.50","38.750000"
"14785","2","77.40","25.800000"
"13132","1","77.30","25.766667"
"16867","1","76.74","12.790000"
"14373","1","76.55","19.137500"
"14613","1","76.32","76.320000"
"18113","1","76.32","76.320000"
"14090","1","76.32","76.320000"
"15668","1","76.32","76.320000"
"13219","1","76.23","6.930000"
"17628","1","75.75","15.150000"
"16610","1","75.66","12.610000"
"14559","1","75.60","37.800000"
"17192","1","75.28","3.764000"
"16420","1","75.00","37.500000"
"17944","1","74.99","2.999600"
"13095","1","74.40","12.400000"
"12506","1","73.50","3.195652"
"18032","1","73.50","14.700000"
"16171","1","73.20","24.400000"
"17906","1","72.90","6.075000"
"13105","1","72.00","72.000000"
"16459","1","71.79","14.358000"
"13938","1","71.66","10.237143"
"16970","1","71.40","35.700000"
"13185","1","71.40","71.400000"
"17747","1","71.40","71.400000"
"13915","1","70.80","35.400000"
"15564","2","70.74","17.685000"
"12568","1","70.00","14.000000"
"13172","1","69.60","69.600000"
"14906","1","68.44","68.440000"
"12861","1","68.25","17.062500"
"17249","1","68.03","2.519630"
"14393","1","67.95","13.590000"
"17532","1","65.34","16.335000"
"13022","1","65.30","13.060000"
"13130","1","64.00","32.000000"
"16238","1","63.66","10.610000"
"17216","1","63.60","4.892308"
"17263","1","63.44","2.758261"
"15470","1","63.42","15.855000"
"12404","1","63.24","63.240000"
"16058","1","62.70","31.350000"
"13218","1","62.64","12.528000"
"14650","1","62.50","15.625000"
"15516","3","62.43","4.162000"
"13380","1","62.40","20.800000"
"13303","1","61.72","15.430000"
"13818","1","61.28","12.256000"
"15375","1","60.96","10.160000"
"16605","1","60.48","60.480000"
"15250","1","60.00","20.000000"
"17174","1","59.90","14.975000"
"13391","1","59.80","59.800000"
"13682","1","59.50","19.833333"
"15371","1","59.40","59.400000"
"15233","1","59.40","59.400000"
"14384","1","58.50","19.500000"
"12466","1","56.73","56.730000"
"17775","1","56.40","18.800000"
"15899","1","56.25","14.062500"
"13366","1","56.16","56.160000"
"15685","1","55.98","3.292941"
"12776","1","55.50","13.875000"
"17494","1","54.70","18.233333"
"12860","1","54.22","3.388750"
"13306","1","53.65","13.412500"
"16349","1","53.50","5.944444"
"17599","1","52.05","17.350000"
"15313","1","52.00","52.000000"
"16786","1","51.84","51.840000"
"17844","1","51.56","10.312000"
"13254","1","51.41","12.852500"
"14351","1","51.00","51.000000"
"13011","1","50.55","16.850000"
"14743","1","50.48","16.826667"
"18184","1","49.80","49.800000"
"14380","1","48.96","48.960000"
"16530","1","48.35","16.116667"
"16257","1","46.95","23.475000"
"13438","1","46.50","46.500000"
"15698","1","46.20","23.100000"
"12496","2","45.34","4.534000"
"15672","1","45.30","15.100000"
"17916","2","43.87","2.308947"
"14300","1","43.20","14.400000"
"13913","1","42.22","14.073333"
"13906","1","42.00","42.000000"
"16219","1","40.80","40.800000"
"14266","1","40.56","40.560000"
"15178","1","40.50","13.500000"
"14086","1","39.95","39.950000"
"14589","1","39.75","13.250000"
"16659","1","39.12","19.560000"
"17246","2","38.92","6.486667"
"18019","1","38.45","7.690000"
"15455","1","38.25","19.125000"
"15693","1","37.50","37.500000"
"16162","1","37.40","18.700000"
"17352","1","36.25","7.250000"
"14993","1","36.13","3.613000"
"15940","1","35.80","35.800000"
"16417","1","35.70","35.700000"
"17831","1","35.40","17.700000"
"14576","1","35.40","35.400000"
"17533","1","34.80","34.800000"
"15744","1","34.80","11.600000"
"15871","1","33.10","6.620000"
"16941","1","33.00","16.500000"
"14977","1","31.93","7.982500"
"17129","1","31.85","15.925000"
"16454","4","30.95","7.737500"
"13120","1","30.60","30.600000"
"14144","1","30.60","30.600000"
"16548","1","30.15","5.025000"
"15575","1","30.10","10.033333"
"15657","1","30.00","30.000000"
"17319","1","29.10","9.700000"
"17102","1","25.50","25.500000"
"15284","1","24.75","24.750000"
"14610","2","24.35","2.435000"
"16537","1","23.35","5.837500"
"12606","1","21.00","21.000000"
"16953","1","20.80","20.800000"
"17986","1","20.80","20.800000"
"13112","1","20.60","10.300000"
"15999","1","20.40","20.400000"
"13163","1","17.65","8.825000"
"16093","1","17.00","17.000000"
"12846","1","15.58","15.580000"
"14580","1","14.85","14.850000"
"14900","1","13.92","13.920000"
"16878","1","13.30","4.433333"
"17956","1","12.75","12.750000"
"17378","1","10.95","10.950000"
"18115","1","9.70","3.233333"
"15040","1","7.49","7.490000"
"15913","1","6.30","6.300000"
"14792","1","6.20","3.100000"
"16738","1","3.75","3.750000"
"13788","1","3.75","3.750000"
"14095","1","2.95","2.950000"
